tree
version=v4
num_class=1
num_tree_per_iteration=1
label_index=0
max_feature_idx=9
objective=lambdarank
feature_names=p_sensitivity_level p_scent_level p_absorbency_level p_adhesion_level p_safety_level d_sensitivity d_scent d_absorbency d_adhesion d_safety
feature_infos=[2:4] [2:4] [2:4] [2:4] [2:4] [0:3] [0:3] [0:3] [0:3] [0:3]
tree_sizes=14001 14004 13907 13966 13898 13926 14017 13944 13956 14017 13994 14040 14023 13912 13957 13970 14015 13927 13954 13979 13948 13990 13943 13934 13996 14028 14009 13985 14001 13948 13939 13919 14010 14025 14048 14015 14003 14042 14033 13946 13924 13935 14023 13977 14023 13950 14070 14021 13968 14020 13961 14090 13983 14034

Tree=0
num_leaves=127
num_cat=0
split_feature=5 8 6 1 8 6 0 7 2 3 7 9 8 7 2 3 8 5 2 1 6 8 5 9 9 6 7 0 9 9 9 7 7 8 8 8 9 3 6 5 1 1 1 8 6 2 6 9 6 3 8 0 6 6 9 3 9 2 7 7 8 8 3 3 0 6 9 9 6 2 1 9 6 2 8 8 9 8 8 7 2 9 5 0 5 7 9 7 2 8 3 8 9 6 6 9 8 6 9 7 9 2 1 1 9 9 2 1 9 6 8 9 9 6 2 6 0 7 8 0 8 0 6 2 9 9
split_gain=2.39666 4.7791 2.61513 2.47853 2.20786 1.77616 2.59494 1.82199 2.52331 2.1806 1.76364 5.04795 5.6268 2.20253 1.96994 2.00086 2.58769 2.73749 2.42176 1.74731 4.51182 3.99196 2.59804 2.44258 2.39463 1.64671 2.22594 1.51565 2.59886 1.45927 3.57718 2.51528 2.2129 3.52729 2.82062 2.14049 1.4973 1.40712 2.3269 1.54143 3.11967 2.09391 2.04897 1.45421 2.71647 2.45036 1.79649 1.44455 1.43641 1.36053 1.73825 1.36049 1.70272 1.32491 3.36323 1.6584 1.29554 1.27923 3.37186 2.44929 2.15789 1.22703 1.16269 1.14165 2.32174 1.83334 2.1636 1.99954 1.67699 2.43754 1.52548 1.91903 1.72836 1.49311 1.33852 1.91405 1.13588 1.88337 1.38434 1.26523 1.13117 1.12511 1.11506 1.50213 1.10426 1.08384 1.06148 3.83764 1.71087 1.66805 1.27587 1.21584 2.69317 1.77708 1.31208 1.04886 4.16532 3.34257 1.03383 0.927402 3.4801 1.58845 1.96308 1.12687 1.4144 1.11826 0.932632 0.909721 1.91388 1.36422 0.888985 2.23368 1.50377 1.5894 0.886554 0.867777 0.867123 0.854261 0.848367 2.21335 0.844167 1.24779 1.19214 1.92631 1.20507 2.82456
threshold=1.5000000000000002 1.5000000000000002 2.5000000000000004 3.5000000000000004 2.5000000000000004 1.5000000000000002 2.5000000000000004 2.5000000000000004 3.5000000000000004 3.5000000000000004 1.5000000000000002 1.0000000180025095e-35 2.5000000000000004 2.5000000000000004 2.5000000000000004 3.5000000000000004 1.5000000000000002 1.0000000180025095e-35 3.5000000000000004 3.5000000000000004 1.0000000180025095e-35 1.5000000000000002 1.0000000180025095e-35 1.0000000180025095e-35 1.5000000000000002 2.5000000000000004 1.5000000000000002 3.5000000000000004 1.5000000000000002 1.5000000000000002 1.0000000180025095e-35 1.5000000000000002 1.0000000180025095e-35 1.0000000180025095e-35 1.0000000180025095e-35 1.0000000180025095e-35 2.5000000000000004 2.5000000000000004 1.0000000180025095e-35 1.0000000180025095e-35 3.5000000000000004 2.5000000000000004 3.5000000000000004 1.0000000180025095e-35 1.5000000000000002 3.5000000000000004 1.0000000180025095e-35 1.5000000000000002 1.0000000180025095e-35 2.5000000000000004 1.0000000180025095e-35 3.5000000000000004 1.5000000000000002 1.5000000000000002 2.5000000000000004 3.5000000000000004 1.5000000000000002 2.5000000000000004 2.5000000000000004 1.5000000000000002 1.0000000180025095e-35 1.0000000180025095e-35 2.5000000000000004 2.5000000000000004 2.5000000000000004 1.0000000180025095e-35 1.0000000180025095e-35 1.5000000000000002 2.5000000000000004 2.5000000000000004 2.5000000000000004 1.0000000180025095e-35 1.5000000000000002 2.5000000000000004 1.5000000000000002 1.0000000180025095e-35 1.5000000000000002 1.0000000180025095e-35 1.0000000180025095e-35 1.0000000180025095e-35 2.5000000000000004 1.5000000000000002 2.5000000000000004 2.5000000000000004 1.0000000180025095e-35 1.5000000000000002 2.5000000000000004 1.0000000180025095e-35 3.5000000000000004 1.0000000180025095e-35 2.5000000000000004 1.0000000180025095e-35 1.0000000180025095e-35 1.0000000180025095e-35 1.0000000180025095e-35 2.5000000000000004 1.5000000000000002 1.5000000000000002 1.5000000000000002 1.5000000000000002 1.0000000180025095e-35 3.5000000000000004 3.5000000000000004 2.5000000000000004 1.5000000000000002 1.5000000000000002 2.5000000000000004 2.5000000000000004 2.5000000000000004 1.5000000000000002 1.5000000000000002 1.5000000000000002 1.5000000000000002 1.5000000000000002 2.5000000000000004 1.0000000180025095e-35 2.5000000000000004 1.5000000000000002 1.5000000000000002 2.5000000000000004 1.5000000000000002 2.5000000000000004 1.0000000180025095e-35 2.5000000000000004 1.5000000000000002 1.0000000180025095e-35
decision_type=2 2 2 2 2 2 2 2 2 2 2 2 2 2 2 2 2 2 2 2 2 2 2 2 2 2 2 2 2 2 2 2 2 2 2 2 2 2 2 2 2 2 2 2 2 2 2 2 2 2 2 2 2 2 2 2 2 2 2 2 2 2 2 2 2 2 2 2 2 2 2 2 2 2 2 2 2 2 2 2 2 2 2 2 2 2 2 2 2 2 2 2 2 2 2 2 2 2 2 2 2 2 2 2 2 2 2 2 2 2 2 2 2 2 2 2 2 2 2 2 2 2 2 2 2 2
left_child=10 2 3 5 25 57 56 8 9 27 19 14 13 37 -12 16 18 -18 49 63 21 -21 23 -22 -23 82 -27 29 -29 30 31 -8 34 -34 -32 -31 -37 38 -13 41 53 48 43 44 46 51 -43 -42 -39 -16 -51 52 118 -41 55 -55 -7 59 86 60 -2 -61 -33 64 -1 66 -66 -68 70 -70 71 73 -73 -65 75 -75 77 -67 -78 -80 -35 -6 83 -3 -40 -82 88 -88 90 -90 91 94 -93 -94 -59 120 97 -97 -95 100 106 102 103 104 -102 -101 -85 -107 -109 -110 111 -24 113 -112 -15 -105 -92 -96 -45 -120 121 -72 123 -122 125 -125
right_child=1 4 -4 -5 81 6 7 -9 -10 -11 11 12 -14 114 15 -17 17 -19 -20 20 22 24 110 -25 -26 26 -28 28 -30 35 32 62 33 80 -36 36 -38 39 84 40 47 42 -44 45 -46 -47 -48 -49 -50 50 -52 -53 -54 54 -56 -57 -58 58 -60 61 -62 -63 -64 68 65 76 67 -69 69 -71 95 72 -74 74 -76 -77 78 -79 79 -81 85 -83 -84 99 -86 -87 87 -89 89 -91 116 92 93 98 117 96 -98 -99 -100 105 101 -103 -104 115 -106 107 -108 108 109 -111 112 -113 -114 -115 -116 -117 -118 -119 119 -121 122 -123 -124 124 -126 -127
leaf_value=-0.028700449546910936 -0.003322189527749553 -0.01746923368573523 -0.026738737943731772 0.017985530335476015 -0.0093210078973955338 -0.0050665325454508784 -0.0075548393317601079 -0.026795823311201603 0.033608093565391448 -0.019072143557877241 0.027917321367148796 -0.04572814342722499 0.041102674921833664 -0.029932434986780394 -0.024767294273527172 0.036731404519851615 0.019645359853966728 0.005531084382816933 0.041102923292329854 -0.062154086787766773 -0.023627123907058196 -0.031335892756574758 0.004574492954612464 0.012957141042145754 0.024313940732481838 0.045558655389037257 -0.0050690465664897178 -0.0048703531721431513 0.045630323502917278 0.0049439723025759587 0.012432582492764525 0.019526105492191657 0.002363962054777242 -0.01382119035102447 -0.0081516804247854773 -0.001640110262690014 0.019009495745176738 0.001030280742454681 0.0080077161105437649 -0.0014729076054270098 0.0053188398733068076 -0.0074582238523528653 -0.035481427972544222 -0.0066701576983729943 -0.015151270911803126 0.033833736817632971 0.0099697370423812905 0.03584566059530634 -0.0466112144096009 0.011121737493364571 -0.0016246327059306128 0.021699502533405617 0.003098350237128982 0.0026529168401302101 -0.035815672982946918 -0.028649841660595983 -0.037370206738664993 0.021340944233920293 0.046536886959798622 0.0074280393916072406 0.02481683512163289 -0.031936763238687861 0.0023631220988918856 -0.030406203966701951 0.014206718612520175 0.021536380723605874 -0.020301532030099129 0.0020008741768790367 0.01233420077303711 -0.047965294624373406 0.0042808546606774994 0.011058955768936793 -0.011541489962471377 -0.0097576730466380126 -0.024934588456922188 0.028671829917134673 -0.0051434678649759143 -0.0014208842201613879 -0.0027097769064317557 0.026003780337210326 0.017450877386916846 -0.043463548036947755 0.012629082509653161 0.027938173048486378 -0.012775428523333538 0.010343873057556937 0.028022532972008837 -0.034722565838905595 -0.04658953523487025 -0.0041526041162067082 0.011150533727882023 -0.057007464950904786 -0.033422530085602975 -0.01316196509603043 -0.019905367349612627 0.020640889702847096 -0.022522655954032047 -0.016006107396193701 0.01571736896104664 -0.0044219047835020644 -0.00035096507827001196 -0.023619731728802783 0.02115814344248429 0.0020542613308093308 -0.040689288082336843 0.015849248498725071 0.0061604011307199386 -0.00052700512458592479 0.0039334599482432611 -0.038041327184238853 -0.067640288445669619 -0.030070222919920616 -0.0038705291011044683 -0.0028351594317276877 -0.00086409413322143598 -0.0024914527872074667 0.00068849940238474409 0.0084736512127165393 0.028178712532718527 -0.0023554735720912657 0.021698391105465547 -0.0016175140423923689 0.0005793714840947779 -0.0075445101055353521 -0.0052488550936339133 0.0029820588014520272
leaf_weight=4.3418447467847718 9.7227832058270014 13.373984796140574 6.8384732445119871 23.641380652785301 7.0764875526365341 7.9771372756804322 68.982873578206636 3.9887636615894726 5.9436899531283407 9.7729508999036607 8.9079792523989436 3.2221741859102648 7.1005250058951779 7.9708532405784354 4.4303665054612784 4.0071920166083137 44.645591085543856 144.6422658758238 2.634998205525334 5.7488893840054498 4.5334487053041839 2.9498712606728077 12.856371109955949 26.191967045044294 2.808947209850885 3.3969404184026635 3.9352114414796233 4.3607074721076042 4.5887597202672623 254.38868833269225 24.948426377144642 9.2303953436203283 144.64453475279151 3.4227749754209063 45.41524456316256 334.22426573440316 8.0176378882024419 2.3748219513799986 9.1677494388422947 496.50548230823188 7.5053078876808259 31.235793189116521 3.5858691396424538 125.1147962915129 51.770820877194637 4.1432114073541007 26.320591636234894 8.0256648745271377 3.4992563537671231 31.4820658051176 150.57334919137065 5.5449956949450998 138.87654123821994 570.02779306526645 4.8108109059685367 3.2688712590606874 4.5080875217099674 4.4996534121455634 2.9575407059164709 2.870534392859553 20.19985536870081 3.7216102436359506 302.58718641307496 4.7124711609212691 13.793494032201123 11.04188041994348 17.413817377004307 21.770680933841504 2.1622742485487834 3.4005827474175012 90.762337261054199 72.326116926706163 8.7420508449431491 6.3110242566326615 3.0886054578877529 4.9529098031634931 5.5519455397152333 34.191615763527807 4.3735919848841176 22.471039998956257 76.350112104555592 3.3722348459123168 13.348858734621897 4.2028410250204606 16.68471467969357 210.34537470998475 2.7003716730978322 6.6460525772126857 2.7299852557480317 6.7000445749727078 19.138123900309438 2.5614192638895483 3.6641012601030516 4.536420674470719 5.6090632026316598 30.835206623363774 9.050193007453343 6.9443035302392664 6.1023161646735389 369.78542797476985 4.6030806702037799 7.105680840148124 8.5560631177504529 136.58869850091287 3.1464125151978806 7.164704368915408 140.39306690530793 423.13861468882533 2.6362844539107746 4.8407426204066724 2.0902624033624302 6.1067624729475929 3.9229517610219773 1.4947364564577581 3.7928672111593169 443.85187219511135 1223.7545723040603 3.685835721436888 5.2713124122237778 109.85361743238172 7.3009742751601143 4045.2434141861449 1350.8851848500344 93.229638973280089 234.07861535417032 195.87474274358829
leaf_count=321 339 558 344 757 223 310 2751 165 149 435 224 197 158 331 200 89 1391 5171 56 355 236 148 468 893 75 74 157 148 105 9237 770 260 5347 155 1798 12739 245 72 372 18977 279 1160 217 4881 2203 94 903 201 203 1103 5811 144 5070 21008 228 137 203 109 45 87 581 153 11048 238 444 315 774 742 73 240 3145 2396 354 202 169 150 187 1259 200 644 2434 193 471 107 710 7039 70 317 118 237 659 134 224 182 227 893 421 257 217 14288 172 291 230 5129 189 244 4988 16407 99 190 175 289 147 73 139 17116 45796 118 109 4162 245 154653 50547 3899 9472 7170
internal_value=-3.52791e-05 0.000897828 0.00211284 0.00219063 -0.00129297 0.00205361 0.00321893 0.0034117 0.00350936 0.0033679 -0.00053308 0.000747391 -0.000467334 -0.000672431 0.00584397 0.00525832 0.0048291 0.00894583 0.000683353 -0.000942374 -0.008816 -0.0360284 -0.00281596 0.00698464 -0.0046106 -0.00113471 0.0210392 0.00352762 0.0230071 0.0033946 0.00468115 0.00101745 0.00743563 0.00876423 -0.000781298 0.00147959 -0.00110238 -0.000509789 -0.0112248 -0.000307905 0.000751925 -0.00258108 -0.00220099 -0.00189081 -0.00695737 -0.000451963 0.000545754 0.0223078 -0.0300024 -0.000103952 0.000628258 -0.000908028 -0.0012949 0.000419936 0.00204533 0.00242486 -0.0186368 0.000718958 0.000454976 0.0098214 0.0158618 -0.0160748 0.00293198 -0.00085519 0.0036778 0.00496406 -0.00218794 -0.00816901 -0.000954917 -0.0262189 -0.000927869 0.00516322 0.00851088 -0.00878644 -0.000169709 0.00810036 0.00981062 0.00452778 0.0168303 0.0213964 0.0119361 -0.0231741 -0.00125065 -0.00137668 -0.00538161 0.0122906 0.000313615 -0.0156379 0.00044191 -0.019727 0.000606612 -0.0093066 -0.0179215 -0.00765391 0.00172483 -0.00102928 0.00634736 0.0136657 0.00333022 -0.00122723 4.10503e-05 -0.00162954 -0.00132862 -0.00169108 -0.0195075 -0.00240127 0.00698094 -0.000688283 -0.000999523 -0.0245235 -0.0140318 -0.00752968 -0.0276393 -0.0471318 -0.0213622 -0.00142007 0.000858429 -0.00892186 -0.00383685 -0.000726763 -0.00108773 -0.00148707 -0.0002095 -0.00221568 -0.00259016 -0.000426827
internal_weight=12897 4486.49 2885.98 2879.14 1600.52 2855.5 1523.7 1511.21 1507.22 1501.28 8410.55 2037 1645.67 1638.57 391.324 382.416 378.409 189.288 189.121 6373.55 68.7042 11.5077 57.1965 30.7254 5.75882 1590.07 7.33215 1491.51 8.94947 1482.56 885.927 380.8 505.126 434.763 70.3637 596.631 342.242 1626.81 29.0746 1597.74 1090.14 507.592 501.718 498.132 109.327 388.804 57.5564 15.531 5.87408 186.486 182.055 384.661 379.116 1074.61 578.107 573.297 12.4852 1331.8 1295.29 36.5148 29.9226 6.59214 311.818 6304.85 134.95 130.608 52.978 39.1845 6169.9 5.56286 6164.34 100.133 81.0682 19.065 14.3525 11.2639 77.6301 45.2335 32.3966 26.8446 290.118 10.4487 1582.74 1569.39 25.8525 286.695 1292.33 9.34642 1282.98 9.43003 1273.55 30.6588 16.8643 14.3028 13.7946 6064.2 46.8297 37.7795 10.6387 1556.01 748.448 603.852 596.746 588.19 7.74949 807.566 144.596 437.78 430.616 7.47703 26.4711 18.9631 7.50795 3.585 11.7637 580.441 1242.89 9.2949 240.24 115.125 6017.37 4136.01 1881.37 530.484 523.183 289.104
internal_count=485447 167178 106052 105708 61126 104951 55338 54825 54660 54511 318269 76000 61955 61797 14045 13821 13732 6562 7170 242269 2859 578 2281 1129 223 60710 231 54076 253 53823 31602 14059 17543 14975 2568 22221 12984 61327 1279 60048 40830 19218 18943 18726 4266 14460 2063 480 275 7114 6914 14366 14222 40350 21373 21145 513 49613 48453 1160 920 240 11308 239410 4886 4565 1960 1516 234524 313 234211 3509 2750 759 521 352 2605 1574 1031 844 9628 416 60479 60008 1082 9473 48408 387 48021 355 47666 1211 757 623 454 230702 1571 1150 399 59450 28222 23127 22836 22606 361 31228 5095 16940 16696 289 1152 757 395 248 470 22245 46455 345 9152 4271 229131 157798 71333 20786 20541 11069
is_linear=0
shrinkage=0.05


Tree=1
num_leaves=127
num_cat=0
split_feature=7 5 6 9 9 8 8 6 9 9 9 8 8 5 9 8 5 8 0 5 5 6 4 6 3 9 8 5 8 5 5 3 6 3 4 2 9 8 5 0 5 5 3 5 4 7 4 9 8 3 2 0 6 9 9 5 2 8 5 8 5 9 0 2 9 5 6 4 5 6 7 6 5 5 8 0 0 7 9 8 6 0 4 0 8 9 4 7 4 0 5 5 9 0 6 5 4 2 0 6 9 5 6 0 5 9 9 4 4 7 5 6 9 9 9 2 0 9 5 6 0 9 4 5 4 9
split_gain=801.95 581.568 356.793 139.469 119.546 284.05 111.38 167.42 123.344 94.1432 92.6491 77.3664 70.8147 382.148 93.37 68.5405 65.0576 47.3602 43.6641 39.9207 36.639 35.8681 35.7533 34.8064 33.5238 33.8692 166.545 108.414 104.568 38.431 34.4526 33.1115 32.4623 30.3977 23.0366 21.5519 21.405 20.7037 36.4304 20.6825 19.8987 17.8973 17.6887 16.2712 15.4025 15.3987 14.3165 14.0752 35.1112 13.745 13.5548 13.253 12.7399 11.8811 11.4867 11.3437 11.252 11.1262 16.9696 10.6582 10.3869 10.3504 9.95473 9.89115 9.81551 9.24206 9.14464 9.11784 11.2374 8.69936 21.364 8.55438 8.38891 8.38044 9.09557 8.27393 8.2329 8.15663 8.11872 7.84896 7.75684 7.57595 7.42473 6.98307 10.0342 6.73819 6.72303 6.60594 21.0131 9.28372 6.51276 6.46424 6.43381 6.17165 6.12175 5.85602 5.69553 5.58407 5.57627 10.8384 5.21639 5.04274 4.81647 4.73656 4.66493 4.55617 4.51301 4.50956 4.43218 4.7463 4.34182 4.33866 7.46668 7.02063 4.30895 10.9736 4.30552 7.04213 4.97776 4.26337 4.21579 4.45782 4.19271 4.07942 4.05176 3.92439
threshold=1.5000000000000002 1.5000000000000002 1.5000000000000002 1.0000000180025095e-35 1.0000000180025095e-35 1.5000000000000002 1.5000000000000002 1.0000000180025095e-35 1.5000000000000002 1.0000000180025095e-35 2.5000000000000004 1.5000000000000002 1.5000000000000002 1.5000000000000002 1.0000000180025095e-35 1.5000000000000002 1.5000000000000002 1.0000000180025095e-35 2.5000000000000004 1.0000000180025095e-35 1.5000000000000002 1.5000000000000002 3.5000000000000004 1.0000000180025095e-35 2.5000000000000004 1.5000000000000002 1.0000000180025095e-35 1.5000000000000002 1.0000000180025095e-35 1.5000000000000002 1.5000000000000002 2.5000000000000004 1.0000000180025095e-35 2.5000000000000004 3.5000000000000004 3.5000000000000004 1.0000000180025095e-35 1.0000000180025095e-35 1.5000000000000002 2.5000000000000004 1.0000000180025095e-35 1.5000000000000002 3.5000000000000004 1.5000000000000002 3.5000000000000004 1.0000000180025095e-35 3.5000000000000004 1.5000000000000002 1.0000000180025095e-35 2.5000000000000004 2.5000000000000004 2.5000000000000004 1.0000000180025095e-35 1.5000000000000002 1.0000000180025095e-35 1.0000000180025095e-35 2.5000000000000004 1.0000000180025095e-35 1.5000000000000002 2.5000000000000004 1.5000000000000002 2.5000000000000004 2.5000000000000004 2.5000000000000004 1.5000000000000002 2.5000000000000004 1.0000000180025095e-35 3.5000000000000004 1.5000000000000002 1.0000000180025095e-35 1.0000000180025095e-35 1.5000000000000002 1.0000000180025095e-35 2.5000000000000004 1.5000000000000002 3.5000000000000004 2.5000000000000004 1.0000000180025095e-35 1.5000000000000002 2.5000000000000004 1.0000000180025095e-35 2.5000000000000004 3.5000000000000004 2.5000000000000004 1.0000000180025095e-35 1.5000000000000002 3.5000000000000004 1.0000000180025095e-35 3.5000000000000004 2.5000000000000004 2.5000000000000004 1.0000000180025095e-35 1.5000000000000002 3.5000000000000004 1.5000000000000002 1.0000000180025095e-35 3.5000000000000004 2.5000000000000004 2.5000000000000004 1.5000000000000002 1.5000000000000002 1.0000000180025095e-35 1.0000000180025095e-35 2.5000000000000004 1.0000000180025095e-35 2.5000000000000004 1.0000000180025095e-35 3.5000000000000004 3.5000000000000004 1.0000000180025095e-35 1.0000000180025095e-35 1.0000000180025095e-35 1.5000000000000002 1.5000000000000002 1.5000000000000002 2.5000000000000004 3.5000000000000004 1.5000000000000002 1.0000000180025095e-35 1.0000000180025095e-35 2.5000000000000004 1.5000000000000002 3.5000000000000004 1.0000000180025095e-35 3.5000000000000004 1.5000000000000002
decision_type=2 2 2 2 2 2 2 2 2 2 2 2 2 2 2 2 2 2 2 2 2 2 2 2 2 2 2 2 2 2 2 2 2 2 2 2 2 2 2 2 2 2 2 2 2 2 2 2 2 2 2 2 2 2 2 2 2 2 2 2 2 2 2 2 2 2 2 2 2 2 2 2 2 2 2 2 2 2 2 2 2 2 2 2 2 2 2 2 2 2 2 2 2 2 2 2 2 2 2 2 2 2 2 2 2 2 2 2 2 2 2 2 2 2 2 2 2 2 2 2 2 2 2 2 2 2
left_child=1 6 3 11 5 45 10 8 9 -8 31 57 14 36 37 21 22 19 100 32 59 42 123 64 -20 28 30 107 40 55 -27 54 -5 53 -11 46 95 41 62 -38 -26 86 65 120 -31 71 50 49 -49 -23 52 -15 78 -9 -1 -30 -51 58 -2 76 -59 90 -39 72 96 77 -45 68 -42 70 -12 -3 -35 74 111 83 -19 114 -33 -55 -18 -74 104 84 -48 -68 -4 88 92 -89 -29 -71 94 -41 -25 -14 -17 -7 99 -52 -16 -36 -76 106 -10 -32 -65 110 109 -56 -28 112 -22 122 -6 -116 119 118 -118 -100 -21 -122 -113 -13 -78 -105
right_child=2 4 12 17 15 97 7 33 82 34 69 16 13 51 18 23 80 20 24 43 73 47 -24 87 25 26 27 61 29 44 105 35 -34 63 101 -37 39 38 -40 93 67 -43 -44 66 -46 -47 75 48 -50 56 98 -53 -54 79 108 -57 -58 60 -60 -61 -62 -63 -64 103 -66 -67 85 -69 -70 91 -72 -73 81 -75 102 -77 124 -79 -80 -81 -82 -83 -84 -85 -86 -87 -88 89 -90 -91 -92 -93 -94 -95 -96 -97 -98 -99 116 -101 -102 -103 -104 125 -106 -107 -108 -109 -110 -111 -112 113 -114 -115 115 -117 117 -119 -120 -121 121 -123 -124 -125 -126 -127
leaf_value=0.015181123172317896 -0.021890703994405684 0.0094480943002433395 -0.029778410278282798 0.011851050635265925 -0.00062474783554278181 -0.011989875052799498 0.014372664823931758 0.0083078011933124113 0.0046414187049933836 -0.023059365501587624 -0.015192429897585289 -0.021820016493293265 -0.036350611750477477 -0.040582460038843512 0.0010147970045593932 -0.014204953165534516 0.0018510972413047925 -0.0025662936040527998 0.0089618315200315352 0.037102171793466317 -0.016471353403614518 0.020794789727216302 0.0091565854763779458 -0.008828185841933409 0.017093203498913839 -0.0099282428971850956 -0.021509772580164732 0.012177770194672706 -0.028984901160531776 -0.033283220930789968 -0.02862845264866843 0.0042885646508321598 -0.027838006870912382 -0.028123553642453919 0.014252817808966934 -0.0075285006811255314 0.015991508170955831 -0.022667825275992731 -0.0061328976479148121 -0.017716296141139978 -0.022323479022761831 -0.0066836293024695945 -0.045650778631408595 0.0056170869030019764 -0.017603601487356343 -9.4355011161902999e-05 -0.057260752807867882 -0.020462917844221717 0.0099266313570073959 0.022479327307228972 0.0032512005403860533 0.013634161367594983 -0.0088415582675947131 -0.017872259278595065 0.0015850963298770231 -0.016093834666902691 -0.015660839127652634 0.015532735694234211 0.0084590361313792127 -0.017290709776955848 -0.00076585052033637923 -0.012327215267153682 0.017015062321441798 0.020467355613758131 0.0014143425128384356 -0.029256905429514049 -0.012400716454116022 0.0075333552281547089 -0.0060103491144003164 -0.015117399770350018 -0.064231270910362612 0.031711688280631908 0.028087308727321587 -0.018827508459361889 0.013803244623372206 0.04617961531630288 0.016130245151700334 0.0017492878181963969 0.036363765354581204 -0.058186758794583751 0.03176306864789856 -0.0062691764515107017 -0.019778838667001565 0.0084292030072360986 0.0084803147411663306 0.00083308107439119053 -0.004593591157726843 -0.021997216241073855 -0.058873024511230304 0.01313953302312007 0.053552203023071787 0.011523431991760931 -0.0011404806940296644 -0.050225250245883181 0.020737645959447965 -0.025118317238193685 0.013262487719645725 -0.032861915022768882 0.017272754885194207 0.027494886524768239 0.025027869159620963 -0.007075983330268959 0.0049102944647986483 0.011195256655819077 0.015349232851576789 -0.010186662484090647 -0.0092107747265810294 0.0037904235620794739 0.014504329145724477 -0.012860923870137748 -0.013506883428795823 0.0063654591309979637 0.004345212033655922 -0.0020563322678574078 0.031550170830805885 -0.011531652768494641 0.01716684907173318 0.021133159506889095 -0.017650902430814262 0.015114389034315079 0.01824790372780366 0.0041116560035284041 0.025364266183809332 -0.030976353798865985 0.00615620505276737 0.014520599594744011
leaf_weight=86.516412467230111 94.952276753261685 240.81145460554399 153.24606776470318 66.991058396175504 256.79445354430936 34.497991712065414 231.59856635134201 27.045155642554164 130.96347427996807 1023.61912236223 117.81610653642565 172.94721994921565 160.60372090339661 10.423510470660402 37.175795025890693 219.43421306228265 36.902439048048109 65.287245604908094 109.04381165583618 17.589126787614077 87.436335208825767 26.593757186550647 67.570960362441838 20.925350986653939 87.629782728094142 309.78882818785496 284.93548597162589 659.96799321577419 223.38109549321234 1489.462909162743 1533.6448736789171 49.571728273294866 215.3766675402876 25.164005851838738 37.466394647024572 105.18807834666222 45.272559108911082 15.971087689511476 867.33953793300316 1386.8136954372749 147.75522128399462 404.79430494550616 21.241341689601541 297.83400730136782 179.10457149497233 715.38286181795411 9.0279133412986994 166.05947204027325 219.55324633757118 18.833555320976302 206.10299296793528 1397.6020337823429 108.01471458259039 37.364060879684985 88.48179221432656 751.47338332585059 1132.9987970219227 199.16768909496022 87.789093970553949 25.424924664199352 190.87852417561226 42.889383773319423 261.30208152800333 16.507450928445905 328.486359187169 27.122805991210043 199.04493919899687 78.134982271119952 367.78695581154898 59.43464732542634 26.695673476904631 52.059947775909677 22.760629574069753 39.36459954129532 269.85262446932029 13.162130401702596 1597.2455476681353 1334.8656256339746 32.116650613490492 17.946659338893369 51.973794077755883 48.610954666044563 16.887593985768035 676.99496939155506 13.263880824670196 185.03997441288084 32.484923401847482 18.291181656299159 11.865219408413394 996.91416161984671 8.7485585529357177 35.629427954670973 124.30439660151023 14.070324605330823 92.827959276852198 500.16188657237217 19.862966719549149 1145.9480595844798 4746.2067359122448 58.513007393106818 57.09461910254322 98.160494000185281 351.8552344343625 2291.4001024465542 472.35377766715828 35.687411185353994 46.761691552121192 27.622929641278461 23.878827391657978 157.09067803877406 442.24973839777522 227.9780561812222 83.340074907755479 341.33124605624471 14.614840002730487 293.35981333535165 13.524536913027985 36.278823783854023 34.571309661027044 4630.4996909758192 128.05453202943318 99.498257370549254 32.538956759497523 538.10058848233894 110.50397037889343 1484.4639634635532
leaf_count=880 412 2459 674 1202 2878 126 4133 408 2118 6633 454 656 688 151 568 2263 593 743 1494 220 1136 234 348 345 2135 2325 1536 9693 1350 5872 8048 695 1014 363 268 1600 598 294 7890 9788 1139 3659 181 3155 1055 8796 129 1089 3071 233 2187 21338 1724 191 1452 5607 6804 2457 903 103 2290 208 3421 214 3093 215 2412 727 2999 328 158 746 223 218 3988 106 23744 14475 350 119 620 606 384 10073 125 2103 141 176 260 14212 30 288 2054 124 1247 2346 202 5127 71937 509 757 733 5234 30676 7563 243 856 274 276 1300 3251 2414 969 3958 99 3375 181 439 600 71542 1847 1531 306 2573 1643 19329
internal_value=-5.18588e-07 0.00581386 -0.00803834 0.00206642 -0.00578644 -0.0156263 0.0108487 0.00535724 -0.00641788 -0.0146837 0.0137706 -0.0114491 -0.0129405 -0.00695728 -0.0153824 -0.00175497 -0.0208571 0.00645073 -0.0179984 -0.00198854 0.00960823 -0.00584482 -0.025483 0.0060805 -0.0184688 -0.0189185 -0.0153569 -0.002725 -0.0224967 -0.0269971 -0.0252079 0.0144355 -0.0184133 0.0112509 -0.0204961 0.0149331 -0.0204308 -0.00501472 -0.00108854 -0.0170015 -0.00502143 -0.0126101 -0.00131563 0.00302863 -0.0316117 0.00386393 0.0151561 -0.0114814 -0.00317934 -0.0141931 0.0156484 0.0132043 0.00239779 -0.0186562 -0.000565616 -0.0190744 -0.0150183 0.00281081 -0.00734398 0.0143596 0.00757507 0.0112687 0.0146561 0.0118813 -0.00419941 -0.000803438 -0.000947605 -0.00830891 -0.0107199 -0.0169408 -0.0246305 0.0135 -0.00389061 0.00364217 0.00428957 0.00829172 0.0148229 -0.000382003 0.0171865 -0.0317541 0.0195021 0.00492393 0.0121125 0.00751366 -0.0194594 -0.00603948 -0.0254217 0.0106938 0.00339502 0.0124854 0.0127982 -0.00511656 0.00673186 -0.0180784 0.0152694 -0.0278992 -0.0118793 -0.0322626 0.0159066 0.0086954 0.0156683 -0.00112279 0.00878625 0.0122788 0.0130364 -0.0282158 -0.00126952 -0.0159152 -0.00565908 -0.00767058 -0.0166679 0.000664539 -0.00634657 0.00266119 -0.00541362 -0.00939172 0.0161073 0.00479409 -0.00770992 0.0162086 0.0140483 0.0121118 0.00882635 -0.028783 0.0154888 0.0125061
internal_weight=42896.8 24891.3 18005.5 5881.87 7533.65 2188.7 17357.7 6029.07 2011.05 1390.84 11328.6 1440.28 12123.7 3514.95 8608.72 5344.95 867.495 4441.59 6873.58 1209.43 3232.16 3512.04 778.619 1832.91 6779.31 6670.26 3345.54 1466.41 3324.73 2643.42 1879.12 11089 282.368 4018.02 1159.25 10733 2106.92 1735.14 1144.61 1446.16 681.307 590.525 1948 927.061 1668.57 1008.25 10627.8 1564.04 385.613 1178.43 9915.4 1408.03 189.703 82.3559 355.968 974.854 1151.83 572.788 182.741 1798.46 390.046 711.606 277.273 3935.67 567.784 1926.76 681.919 593.677 515.542 239.576 144.512 292.871 96.5356 1433.7 1394.33 712.449 1773.04 1899.63 81.6884 55.3107 88.8762 71.3716 620.205 699.287 22.2918 384.085 185.731 1265.13 249.923 1015.21 668.717 95.0641 238.058 1400.88 113.753 660.766 239.297 1180.45 9725.7 264.616 94.2704 135.627 621.708 3839.13 603.317 1569.33 63.2691 754.808 269.451 245.572 727.185 772.625 170.776 601.848 564.769 307.975 9461.08 84.3747 48.0958 9376.71 245.142 227.553 260.517 711.048 1707.75 3775.86
internal_count=485125 315910 169215 68792 73760 17254 242150 74817 21832 11767 167333 10852 100423 35033 65390 56506 4790 57940 49311 13484 44456 32654 3577 23852 47986 46492 25608 14992 20884 13884 10616 166105 2216 52985 7634 162197 13544 16079 11605 10510 7000 4474 21223 11268 6927 12001 160597 11431 4160 7271 150164 21489 2769 718 3908 6957 7037 6062 1315 26233 4747 9931 3715 52267 5558 21042 7670 4865 4138 1228 612 3205 1192 18223 18005 10433 26130 20827 1045 310 1213 829 10065 10327 254 4515 815 18294 3906 14388 9723 616 3646 9912 1592 3034 2465 5253 147395 2696 1325 1001 9222 51075 9681 8291 1070 5061 3028 2752 4787 8783 2105 6678 6352 3474 144699 1220 781 143479 3598 3378 2720 3229 25387 50005
is_linear=0
shrinkage=0.05


Tree=2
num_leaves=127
num_cat=0
split_feature=6 8 5 4 4 7 5 5 6 9 8 7 8 5 0 8 3 6 7 7 8 0 9 8 9 8 3 4 8 1 3 9 9 7 6 7 1 9 0 8 3 1 6 5 5 8 7 5 9 8 8 9 7 5 0 3 0 1 6 9 8 0 9 8 6 0 9 6 7 9 8 8 6 5 6 9 9 5 7 0 9 3 4 9 8 0 5 9 7 9 1 1 0 8 9 9 3 9 9 1 5 9 9 9 7 8 7 6 9 1 8 5 7 0 8 9 1 9 7 1 9 9 1 1 5 8
split_gain=4335.78 1380.75 976.31 280.583 256.052 155.332 253.826 233.907 269.013 122.777 119.239 99.629 217.892 115.759 91.8407 91.0509 89.5486 81.4548 123.85 89.4393 270.17 67.9848 63.8461 57.4151 50.6906 49.6966 42.4305 42.2169 41.71 41.5002 32.5087 31.2717 30.3191 134.877 49.5447 28.7559 25.6217 25.1271 22.8509 22.8222 22.0085 21.8995 21.6665 21.3158 20.5748 20.4822 18.9068 20.6272 18.8965 28.0376 17.7955 16.67 16.4821 16.2794 15.9118 15.825 15.6096 15.3209 15.1461 14.2313 26.9176 15.5325 14.0276 16.5105 18.6031 13.9338 13.7823 13.1638 15.0396 12.645 27.1464 14.7871 12.2276 11.4227 11.0348 11.0259 26.7093 14.3052 10.9153 10.8527 10.8328 10.2589 9.71269 9.28135 9.14658 8.92161 8.15508 12.2583 9.55262 8.1561 8.00325 7.60734 7.10732 13.9635 7.03254 6.75541 6.70896 6.68592 6.55984 6.42757 6.20525 8.35294 8.44269 7.89008 6.18748 6.07375 6.06341 5.9915 7.90897 5.98806 5.71445 19.2251 6.8147 5.67004 5.648 5.54863 5.50612 5.49617 15.66 5.43888 7.03752 6.03829 5.1922 5.08772 4.92001 4.82881
threshold=1.0000000180025095e-35 1.5000000000000002 1.5000000000000002 3.5000000000000004 3.5000000000000004 1.0000000180025095e-35 1.5000000000000002 1.5000000000000002 1.5000000000000002 1.5000000000000002 1.0000000180025095e-35 1.5000000000000002 1.0000000180025095e-35 1.0000000180025095e-35 2.5000000000000004 1.5000000000000002 2.5000000000000004 1.5000000000000002 1.5000000000000002 1.5000000000000002 1.0000000180025095e-35 2.5000000000000004 1.0000000180025095e-35 1.5000000000000002 1.0000000180025095e-35 1.5000000000000002 2.5000000000000004 3.5000000000000004 1.5000000000000002 2.5000000000000004 2.5000000000000004 1.5000000000000002 1.0000000180025095e-35 1.5000000000000002 1.5000000000000002 1.5000000000000002 3.5000000000000004 1.0000000180025095e-35 2.5000000000000004 1.0000000180025095e-35 2.5000000000000004 3.5000000000000004 1.5000000000000002 1.5000000000000002 1.5000000000000002 2.5000000000000004 1.5000000000000002 1.0000000180025095e-35 1.0000000180025095e-35 1.5000000000000002 1.0000000180025095e-35 1.0000000180025095e-35 1.5000000000000002 1.5000000000000002 2.5000000000000004 3.5000000000000004 3.5000000000000004 2.5000000000000004 2.5000000000000004 1.0000000180025095e-35 1.0000000180025095e-35 2.5000000000000004 1.5000000000000002 1.0000000180025095e-35 1.5000000000000002 3.5000000000000004 2.5000000000000004 1.5000000000000002 1.5000000000000002 1.5000000000000002 1.5000000000000002 1.5000000000000002 1.5000000000000002 1.0000000180025095e-35 1.5000000000000002 1.5000000000000002 1.0000000180025095e-35 1.5000000000000002 1.0000000180025095e-35 2.5000000000000004 1.0000000180025095e-35 2.5000000000000004 3.5000000000000004 1.0000000180025095e-35 1.0000000180025095e-35 3.5000000000000004 1.0000000180025095e-35 1.0000000180025095e-35 1.0000000180025095e-35 1.5000000000000002 3.5000000000000004 2.5000000000000004 3.5000000000000004 1.5000000000000002 1.0000000180025095e-35 1.5000000000000002 2.5000000000000004 1.5000000000000002 2.5000000000000004 2.5000000000000004 1.5000000000000002 1.5000000000000002 2.5000000000000004 1.0000000180025095e-35 1.5000000000000002 1.0000000180025095e-35 1.5000000000000002 1.5000000000000002 1.0000000180025095e-35 2.5000000000000004 1.0000000180025095e-35 1.0000000180025095e-35 1.0000000180025095e-35 2.5000000000000004 1.0000000180025095e-35 1.0000000180025095e-35 2.5000000000000004 1.5000000000000002 1.5000000000000002 3.5000000000000004 1.5000000000000002 1.5000000000000002 3.5000000000000004 3.5000000000000004 1.5000000000000002 1.0000000180025095e-35
decision_type=2 2 2 2 2 2 2 2 2 2 2 2 2 2 2 2 2 2 2 2 2 2 2 2 2 2 2 2 2 2 2 2 2 2 2 2 2 2 2 2 2 2 2 2 2 2 2 2 2 2 2 2 2 2 2 2 2 2 2 2 2 2 2 2 2 2 2 2 2 2 2 2 2 2 2 2 2 2 2 2 2 2 2 2 2 2 2 2 2 2 2 2 2 2 2 2 2 2 2 2 2 2 2 2 2 2 2 2 2 2 2 2 2 2 2 2 2 2 2 2 2 2 2 2 2 2
left_child=1 2 4 5 11 7 17 38 99 10 -10 14 13 -13 -1 16 117 19 79 36 24 39 28 -12 -21 59 110 29 50 97 -24 -26 33 -17 -35 41 69 -37 42 -20 -4 45 80 -39 73 54 53 -48 49 -22 -23 81 66 86 -31 84 58 -18 91 60 78 -61 72 74 -65 125 96 68 -63 70 83 -71 113 -29 -64 76 -56 -77 124 114 -2 -40 -42 -7 95 -81 88 -88 -27 -89 116 -34 109 -94 -90 -32 -6 -3 -70 -9 103 -102 -103 -49 -76 106 -69 108 -55 -53 112 -112 -16 -59 -19 -74 -50 118 -8 121 -121 -111 -101 -93 -5 -28
right_child=3 27 40 25 52 6 15 8 9 -11 23 12 -14 -15 26 32 57 18 21 20 48 22 30 -25 31 46 65 44 -30 35 55 -33 56 34 -36 37 -38 43 51 -41 82 -43 -44 -45 -46 -47 47 100 90 -51 -52 92 -54 107 75 -57 -58 62 -60 61 -62 67 63 64 -66 -67 -68 105 98 71 -72 -73 115 -75 104 77 -78 -79 -80 85 -82 -83 -84 -85 -86 -87 87 89 94 -91 -92 123 93 -95 -96 -97 -98 -99 -100 122 101 102 -104 -105 -106 -107 -108 -109 -110 119 111 -113 -114 -115 -116 -117 -118 -119 -120 120 -122 -123 -124 -125 -126 -127
leaf_value=0.013420670638404852 -0.032761320484638458 -0.00464795873642369 -0.017617633454289183 0.0078110857308809657 -0.029999097391519004 0.0057766616233460568 -0.028489475484119654 -0.013704304706095322 0.034579577242440762 0.019832140648292054 -0.021165752754417413 0.023582243941157474 0.012786754768779477 -0.05072868241253739 0.0038320797775854261 0.043232562323002911 0.011966282368289272 -0.026076970390199856 -0.032989796183424729 0.047593127884488801 0.0083437235572742519 0.047596241528320524 -0.0058938169433821316 -0.051599435001416297 -0.041073891494528572 -0.027160939712299194 -0.030856091296554672 -0.0035659438059859761 0.044077508871184612 -0.013630593007344746 0.023784721095460423 -0.0060851417802300703 -0.00054799076121965777 -0.03673968779410354 0.0078510251375755458 0.038401584418131518 -0.025909532481657057 0.0015006082144167795 -0.016568217382846077 0.0090864438119272473 0.03124367004172094 -0.026079130086686698 -0.037415767615193156 0.020470866427452307 -0.018395700646811401 -0.051565238433599753 0.0296888407248318 -0.012226959698893392 -0.019675422686111492 0.047528377523320044 0.005311265542236124 -1.9261410447295701e-06 -0.026369275821609712 0.026522986528992671 0.018771036032884936 -0.033860729823300566 -0.026292457702362132 0.00069713395693508711 -0.028688441652632797 -0.033829324372059905 -0.015241160412670502 0.0083177095108564834 0.027509038270345829 0.034718753538160056 0.021091826489133242 -0.0028995614603351512 0.036905800239854687 -0.0098425772248396572 -0.014081435605709092 0.015044343504871081 0.022963502611588932 0.0062383376393482515 0.035151606728857525 0.018885355072928392 0.02156051609146302 0.018869642749287957 0.041686225445698985 0.035649647159332269 0.024625574649515109 0.011982662865635735 0.02563989837939841 0.023317493033853068 0.012626397503988911 0.014429944378597176 0.04298893741913809 -0.019900405193187573 -0.050040578632561152 -0.015369379433852302 0.02862254946368617 -0.034874110945872693 -0.012483738830297289 0.021980535009654429 -0.044786377781242587 0.026555765230746205 -0.0086167586267311951 0.041250968215031172 0.0095583165146064224 -0.042956537623355662 0.024322218151658647 0.028350342211294406 -0.004573739487177402 -0.034381361001685845 0.010164796298263935 0.018827797057523826 0.044902213803477663 0.018650473738423871 0.012495520636240161 0.0098294509657681564 -0.021419839272555977 0.016943135940105138 -0.0096922558292203212 0.036482542131407197 -0.046408618995855695 0.031195141503302465 0.0014476775463276713 0.042337417541270489 0.010157815330596662 0.008299285131936885 0.0071677411459597374 -0.014859912351674593 0.014927805295311345 0.011412882579938055 -0.0087220266203162315 0.0015634350142592198 -0.034345193000879688 -0.028473128479154331
leaf_weight=122.95816782629117 9.2703836343716812 20.001110774930567 24.981274752411991 14.050319494213909 10.076350766234098 422.64674079976976 52.491445288993418 9.2877733903005701 56.889443461666815 120.89602612226736 248.25735039170831 61.860294288140722 433.87026781635359 324.24740887340158 11.799153715837747 149.14197260537185 93.041478580795228 22.420327452477068 40.596995349507779 18.392432776396163 101.07918021222576 25.870771870715544 39.793006653431803 421.20995401591063 384.09248044528067 73.153918496333063 9926.5090660876594 104.35316662187688 104.63563453149982 23.822852135403082 134.36644355021417 77.016933902981691 39.009623198071495 137.29682531952858 112.81478272378445 81.340097260428593 40.201785269659013 376.39198783994652 15.864149705506859 142.07562232296914 740.0058173284051 19.860073592979461 39.644705097656697 243.30817494343501 101.57637837808579 7.5982599353883407 43.388642838923261 36.299245089758188 14.775062754284589 83.046720266109332 342.44326315447688 78.330301473615691 29.649393914965913 9.7194985614623857 214.12213031493593 6.5020524433348319 16.761566045694053 15.597604288021101 14.410501312464474 21.89748221449554 220.4579592240043 307.20541357412003 215.36077924305573 384.41265164955985 744.16148411820177 46.756893123034388 46.998048487352207 42.230917949811555 136.77240101539064 962.52430326095782 914.85136038099881 948.35132405487821 589.45370565692428 122.24161667726003 34.619438864057884 532.95897102390882 322.35506225773133 168.88837515190244 78.780258860206231 2156.4311396164121 34.952151601668447 644.29013011814095 79.432355541968718 1180.7147705667885 831.42546051397221 21.303274503909051 44.869933256646618 172.09468123223633 13.279241129755972 79.234229383524507 40.886940047610551 2265.1567177753896 14.006151017267257 11.732999619562179 113.22274708258919 102.31293794279918 381.09692850639112 26.305612809024751 11.192903363844378 317.68828279851004 145.83499968063552 53.975689305458218 12.702951197279615 44.40666081267409 286.26946011412656 274.73946364212316 101.97740146762226 65.5468340680236 44.311323257628828 1161.9814290343784 97.659876449033618 28.218889055773616 14.340378437656909 762.29933703457937 90.818554561818019 599.7749419255415 1219.2373599634739 87.194616167340428 71.838831439614296 36.093649133574218 41.605866563506424 877.70133809559047 9.3071923302486521 31.090018170885742 12.095384751446545 2971.7021503881551
leaf_count=1543 158 468 400 182 151 6072 461 147 837 2503 2383 1149 5260 916 68 4065 1391 179 537 297 1090 580 552 1274 1915 545 56480 583 2700 496 3235 1549 608 509 2073 1991 735 4685 177 1584 13361 259 331 3617 818 153 428 331 353 1769 3103 847 547 263 3946 190 159 238 168 326 2347 3812 4048 7126 11341 576 587 786 1293 12831 13318 9883 12581 1596 914 9187 8419 2808 1012 28407 426 8758 1127 16214 20247 295 408 1386 66 518 336 35144 187 103 896 2182 5107 292 209 6214 1452 362 252 884 7940 4066 1256 815 523 16366 1061 259 171 14312 702 12953 15017 976 710 437 351 10645 156 224 68 16840
internal_value=-4.07418e-05 -0.0187157 -0.0241942 0.0140429 -0.0272365 0.0157875 0.0178854 0.00710294 -0.0116824 -0.0266928 -0.0344531 -0.028449 -0.0115185 -0.0387928 -0.0294982 0.0254833 0.0303708 0.0130192 0.0185596 0.00950564 0.000535666 0.0284915 0.0318137 -0.0403622 -0.0319854 -0.00306963 -0.0299021 0.0168409 0.0163714 0.019521 0.0383468 -0.0352557 0.0185182 0.00575536 -0.0166755 0.0206128 0.0133953 0.0124345 0.0146017 -0.000393242 0.0280448 0.0250455 -0.0110221 0.00896974 0.0001969 0.025865 -0.0116273 -0.00209041 0.0112382 0.0261785 0.00840224 0.015351 0.00913596 -0.0168316 0.0263716 0.039989 0.0206682 0.0321674 0.0210142 0.00360484 -0.00533986 0.0068554 0.0326815 0.0292448 0.02576 -0.0302105 0.011593 0.00791209 0.00201698 0.0137578 0.0160886 0.0106795 0.0355737 0.00857567 0.0365173 0.0271516 0.0325921 0.0229525 0.0154111 0.0108771 0.0129435 0.0223354 0.0294566 0.012154 0.0404698 0.0116618 -0.0208178 -0.0260896 -0.0129057 -0.0216323 0.00906158 0.0213331 0.0132663 -0.0124887 -0.00451382 0.0314769 0.00846545 -0.0268581 -0.0110326 0.0261028 -0.00687781 -0.0113456 -0.0258701 0.00488154 0.0424588 0.0142968 0.00593115 -0.000266462 -0.0124703 0.0135738 -0.00361483 0.000864941 -0.0244248 0.0305853 -0.00418253 0.0388082 0.00978497 -0.00126997 -0.00799371 0.0140758 0.00107756 0.0145702 0.0272718 0.0217049 -0.0122378 -0.0303093
internal_weight=41210.7 17717.3 15352.2 23493.5 14507.7 21320 17171 4149.01 1183.54 847.253 726.357 14039.9 819.978 386.108 13219.9 6702.2 3936.52 10468.8 4061 6407.82 1938.53 1770.02 1587.35 669.467 479.502 2173.44 13097 2365.12 472.95 2036.95 1114.4 461.109 2765.68 399.254 250.112 1990.65 4469.29 701.04 2965.47 182.673 844.419 1289.61 83.8672 619.7 328.171 1269.75 952.041 336.608 1459.03 184.126 368.314 2881.61 467.821 615.432 1262.15 1074.61 2366.43 3724.99 2349.67 1221.4 325.384 896.016 3631.95 1664.82 1128.57 12945 438.171 874.119 455.171 4429.09 2518.21 1910.88 1967.13 226.595 536.25 1238.32 536.477 701.847 104.926 2290.97 44.2225 660.154 819.438 1603.36 1068.1 2177.73 495.855 296.199 199.656 251.329 1274.9 2335.26 2221.45 25.7392 126.502 236.679 391.173 46.3067 147.965 336.283 293.22 212.514 66.6786 80.7059 320.889 418.948 144.208 119.578 54.0308 2195.71 152.018 125.879 26.1395 777.897 113.239 1189.23 1234.01 211.525 124.33 2117.38 77.6995 2039.68 326.995 2296.25 26.1457 12898.2
internal_count=485520 144921 105603 340599 90715 316113 263813 52300 13514 6997 4494 84323 7325 2065 76998 117941 74991 145872 64493 81379 22326 34910 32789 3657 3761 24486 75455 39318 6383 36321 26406 3464 42950 6647 2582 35561 59053 10293 38786 2121 14888 25268 915 8302 2997 25009 9129 3709 18565 2859 3683 37871 6392 5420 24856 25854 36303 72844 36144 15357 3609 11748 71453 31369 18467 73896 5845 11422 5314 58318 35604 22714 40084 2179 12902 24360 12365 11995 1262 29583 584 8935 14488 22286 25664 28702 3819 2312 1507 1904 15706 35976 28936 290 962 5417 5258 760 1502 6517 3281 2066 614 1215 8854 6108 2042 1601 786 28646 1559 1320 239 14550 881 25534 15370 2147 1171 27799 788 27011 6370 35368 250 73320
is_linear=0
shrinkage=0.05


Tree=3
num_leaves=127
num_cat=0
split_feature=5 6 4 6 7 8 6 8 4 4 4 6 8 7 8 8 7 8 8 7 7 7 5 3 8 1 4 7 8 7 8 8 8 8 0 7 1 7 8 7 4 7 2 1 8 7 3 5 2 8 0 3 5 0 8 1 0 4 0 1 2 8 0 2 5 6 8 5 4 4 5 7 5 5 2 0 8 2 8 5 2 0 5 5 0 3 2 7 5 5 3 5 1 6 1 2 2 0 2 2 1 5 3 3 2 0 8 2 3 1 2 2 1 1 8 0 3 1 7 8 7 7 7 1 0 2
split_gain=1663.09 582.586 283.832 269.753 220.225 120.511 69.8297 151.918 62.3843 60.0598 52.0708 44.0075 161.993 123.354 87.2343 79.0107 77.3619 169.489 162.391 53.1105 32.9466 31.9239 95.09 29.0776 33.0176 27.759 27.1011 26.8068 40.9361 48.0887 35.2239 33.1274 26.3716 25.9538 23.3949 23.1154 22.9642 22.7991 20.2525 19.8812 19.1326 17.4642 16.1327 14.814 14.8045 14.6831 14.5221 14.0784 15.2301 13.9138 13.7346 13.6132 13.3591 12.2122 11.8802 13.9389 12.4498 11.4078 11.3076 11.1879 10.1676 9.91319 9.76788 9.68524 9.58358 9.39127 33.112 28.6655 27.0341 15.8375 14.1378 8.54914 15.5258 10.2307 8.02939 8.02328 7.89377 7.86897 7.79727 9.38206 7.59772 6.92669 6.77362 6.71375 6.56166 6.55419 6.4989 6.4822 8.83935 6.78498 6.16025 6.13536 7.64862 6.86586 8.25617 6.07386 6.06898 7.07132 5.96362 5.95438 5.90458 5.85685 5.84496 5.75839 5.32213 4.88236 4.77149 4.61062 4.56547 4.54957 4.48916 4.46324 4.35148 4.18049 4.17803 4.16417 4.04132 4.43127 3.82672 3.77088 18.0413 9.34516 3.77079 4.50396 3.71182 3.59197
threshold=1.5000000000000002 1.0000000180025095e-35 3.5000000000000004 1.0000000180025095e-35 1.0000000180025095e-35 1.0000000180025095e-35 1.5000000000000002 1.5000000000000002 3.5000000000000004 3.5000000000000004 3.5000000000000004 1.5000000000000002 1.5000000000000002 1.0000000180025095e-35 1.0000000180025095e-35 1.5000000000000002 1.5000000000000002 1.0000000180025095e-35 1.0000000180025095e-35 1.5000000000000002 1.5000000000000002 1.5000000000000002 1.0000000180025095e-35 2.5000000000000004 1.5000000000000002 2.5000000000000004 3.5000000000000004 1.0000000180025095e-35 1.0000000180025095e-35 1.5000000000000002 1.5000000000000002 1.0000000180025095e-35 1.5000000000000002 1.5000000000000002 2.5000000000000004 1.5000000000000002 2.5000000000000004 1.5000000000000002 1.0000000180025095e-35 1.5000000000000002 3.5000000000000004 1.5000000000000002 3.5000000000000004 2.5000000000000004 1.0000000180025095e-35 1.5000000000000002 2.5000000000000004 1.0000000180025095e-35 2.5000000000000004 1.0000000180025095e-35 2.5000000000000004 2.5000000000000004 1.0000000180025095e-35 2.5000000000000004 1.0000000180025095e-35 2.5000000000000004 2.5000000000000004 3.5000000000000004 2.5000000000000004 2.5000000000000004 2.5000000000000004 1.5000000000000002 3.5000000000000004 2.5000000000000004 1.0000000180025095e-35 1.5000000000000002 1.5000000000000002 1.0000000180025095e-35 3.5000000000000004 3.5000000000000004 1.0000000180025095e-35 1.0000000180025095e-35 1.0000000180025095e-35 1.0000000180025095e-35 2.5000000000000004 2.5000000000000004 1.0000000180025095e-35 3.5000000000000004 1.5000000000000002 1.0000000180025095e-35 3.5000000000000004 3.5000000000000004 1.0000000180025095e-35 2.5000000000000004 2.5000000000000004 2.5000000000000004 2.5000000000000004 1.5000000000000002 1.0000000180025095e-35 1.0000000180025095e-35 3.5000000000000004 1.0000000180025095e-35 2.5000000000000004 1.5000000000000002 3.5000000000000004 2.5000000000000004 3.5000000000000004 3.5000000000000004 2.5000000000000004 2.5000000000000004 2.5000000000000004 1.0000000180025095e-35 2.5000000000000004 2.5000000000000004 2.5000000000000004 2.5000000000000004 1.0000000180025095e-35 2.5000000000000004 3.5000000000000004 3.5000000000000004 3.5000000000000004 2.5000000000000004 2.5000000000000004 2.5000000000000004 1.0000000180025095e-35 2.5000000000000004 2.5000000000000004 2.5000000000000004 1.0000000180025095e-35 1.5000000000000002 1.5000000000000002 1.5000000000000002 1.0000000180025095e-35 3.5000000000000004 3.5000000000000004 2.5000000000000004
decision_type=2 2 2 2 2 2 2 2 2 2 2 2 2 2 2 2 2 2 2 2 2 2 2 2 2 2 2 2 2 2 2 2 2 2 2 2 2 2 2 2 2 2 2 2 2 2 2 2 2 2 2 2 2 2 2 2 2 2 2 2 2 2 2 2 2 2 2 2 2 2 2 2 2 2 2 2 2 2 2 2 2 2 2 2 2 2 2 2 2 2 2 2 2 2 2 2 2 2 2 2 2 2 2 2 2 2 2 2 2 2 2 2 2 2 2 2 2 2 2 2 2 2 2 2 2 2
left_child=1 2 5 8 38 34 7 26 27 32 11 12 14 49 20 16 17 95 103 104 -5 40 115 78 41 -16 36 30 29 113 31 -2 35 37 -1 106 45 52 91 74 47 62 60 -34 -4 -6 -38 50 -49 102 -9 -27 -11 -20 -37 -56 -57 81 118 -36 -26 99 75 -30 -35 68 69 -68 96 70 -67 72 -61 125 -14 -25 -10 100 -7 -80 -48 109 -71 -55 -65 -74 -41 88 -62 -89 110 92 -3 94 -94 -15 97 101 -60 -12 -52 -40 -13 -18 -17 -45 -8 -108 124 -24 111 -77 -93 -29 -39 -23 -22 -118 -53 121 -121 -86 -100 -124 -107 -73
right_child=3 4 44 10 6 23 9 21 76 33 61 13 39 15 25 19 18 -19 53 -21 116 22 57 24 42 51 -28 28 63 -31 -32 -33 43 64 59 54 46 114 65 86 -42 -43 -44 105 -46 -47 80 48 -50 -51 77 58 -54 83 55 56 -58 -59 98 71 87 -63 -64 84 -66 66 67 -69 -70 82 -72 73 85 -75 -76 90 -78 -79 79 -81 -82 -83 -84 -85 119 -87 -88 89 -90 -91 -92 112 93 -95 -96 -97 -98 -99 122 -101 -102 -103 -104 -105 -106 108 107 -109 -110 -111 -112 -113 -114 -115 -116 -117 117 -119 -120 120 -122 -123 123 -125 -126 -127
leaf_value=0.011276224983007363 -0.035027053289863511 0.0085588039719886582 -0.010601753067402853 0.0043164125866336925 -0.022192825602848854 0.0029807706607156001 0.020512681182851943 -0.046376156745389391 -0.0085916583361996066 -0.010236966609232217 -0.03094509328482762 -0.029483254819257843 -0.034261724733463297 -0.0027095003020841295 0.010443878176676708 -0.019901382018332803 0.0077378115061801965 -0.026295567207086021 -0.02942471346939457 -0.018033677820851683 0.014821301496639834 0.0094076545317309229 0.023908036646196028 0.011050271875772111 -0.007588068845450659 0.0095627549936416738 -0.0024977391490124089 -0.036759520136334656 -0.048750144390832466 -0.036274273054618299 -0.037806134609413296 -0.0063169886947583888 -0.02875965372466105 0.03331618309431271 -0.035547101087847324 0.0010713692676159053 -0.0026379876647012251 -0.0085376742250795785 -0.013814689388156066 0.052361452331709406 0.015928195493286647 0.020023849704108199 -0.03450694008437169 0.0081534882823428093 0.002846743095666157 0.01929670230613395 0.01508704537219787 0.024492553383079214 -0.010724557916854057 0.028082467094662583 0.029714833051473266 -0.014514547934351231 -0.03929103642712789 0.0092278546090787655 -0.042435774429914593 -0.0078227438801039047 0.012097977872179944 -0.0034340439059131183 -0.0039160430438062548 0.039691103288494234 0.023669044595237578 0.013150991989684278 -0.021537717891450286 -0.040838072494686413 0.0019629088402483407 0.0035567616758133153 0.031189574926411608 0.00038786105008207134 0.016498801186439985 -0.050013269462194379 -0.012878120330615972 0.035495992764952376 -0.034101459454654301 0.042518654547627169 0.00038269189516947576 -0.0031550641931945679 0.016624441363378314 0.034734124216868931 -0.076145895770336341 -0.0033116882615778693 -0.0091290006974576662 -0.023215259971279961 -0.016419237801796525 0.039847065053032121 -0.0071653664186262693 0.021593473554213108 0.012970224642142512 0.012030680909106323 0.013939112505253259 0.028848487686751429 0.0096131875160268433 -0.020197725596271716 -0.027742410037700095 0.018277739877782327 0.00086754283454486172 0.020887046312619468 0.018791552712942906 -0.042660847098647543 -0.027476044173619381 0.0015177172116053435 -0.0023710757707183939 -0.0083478574007853079 0.0097396405840024687 -0.012642031554310399 -0.0022722347024450285 0.021104413907488146 -0.013259779326302968 0.014514098264586448 -0.016534975318552046 -0.012263570471991701 -0.01526729494906205 0.037962949490916775 0.006734000017381201 -0.0075753771595021696 0.0082398457820054925 -0.013657955194224298 0.0077011831342579289 -0.015913073288202201 0.020164741217745114 -0.028292859465071221 -0.011825648390594856 -0.020381136918789278 -0.022194244236068701 -0.041526990356384706 -0.009399212437800078 0.016155251830054142
leaf_weight=91.179832285270095 183.9067472666502 66.169369910378009 436.92049496946856 510.43460637750104 71.662900898139924 125.65660461038351 426.1671624397859 16.189556300640106 44.629025480244309 73.111057630041614 13.517675379756836 9.7805798472836596 16.062727793585509 30.34410868678242 65.420029398519546 44.351234049536288 34.809990358538926 865.67872833181173 19.398834326304495 2358.6352142394753 11.023172988556324 19.901249030604959 426.9964123768732 35.076969509478658 38.497703414876014 32.547063979320228 297.62224782397971 12.162918886169789 21.910107354167849 713.69020373094827 744.58134658704512 221.23938068770804 14.950128051452337 43.759150029160082 4.5204363958910099 521.31053402542602 124.11851630383171 65.090850817039609 760.96631812839769 9.9862579433247429 94.642684126039967 362.01730810746085 14.093289068434386 84.586006063036621 383.51225319784135 29.299677967792377 2830.2410504913423 30.461352144833654 1419.8982529040659 258.9665072466014 13.576441666111348 12.097106222063305 87.690729819471017 1952.9637893218314 11.521911159157751 83.817255422007293 1093.8574073530617 47.167028804775327 40.711652767378837 1756.4361364849028 321.25916736165527 223.92902443464845 7.206786395283415 24.980262707453221 53.804736074758694 184.87362709152512 95.059189576888457 353.65250432631001 97.424070183886215 32.225967116653919 443.82059362600558 30.5970364860259 4.7377820722758761 80.777013057959266 843.18613861303311 6.5313486210070542 97.205824255011976 13.937186150811611 6.2448857384733865 11.593418350443244 32.148046021815389 7.4323571287095538 29.986024328507483 17.166498133912683 355.46739697526209 88.07585646386724 303.60062975168694 82.631599355721846 885.04472842742689 240.26978630560916 22.013602328952402 14.605335682397707 65.760786435101181 15.050889848265795 40.427275230642408 250.71853173500858 16.90717835072428 16.099323773290962 473.28851258498617 522.4579803920351 889.71259382297285 1399.3593268423574 80.092134214704856 1584.334575816174 774.51085084769875 1342.8766266881721 14.451926301233469 928.01474068290554 7.5100201843306413 8.3010716428980214 3.5668273675255469 543.86145947521436 417.58640443562763 205.29183997772634 83.62830077088438 398.69529851875268 20.258463176898658 430.49864860379603 19.507611923385412 257.8473184852628 473.45813311287202 215.28941012499854 2374.2159870851319 30.898222733289003 9.5230475948192161 121.00168986315839
leaf_count=1182 664 555 4459 6471 744 1571 6427 200 483 566 152 62 282 306 787 428 355 5080 145 19799 119 89 6554 376 452 418 3643 84 247 3015 3573 2464 251 466 134 6745 1194 537 6774 81 1730 5124 246 991 4121 439 44843 300 13276 6147 72 63 1124 23543 157 847 14491 476 231 50976 5566 3626 175 205 1209 2358 1269 3859 1581 256 4403 598 38 2281 9930 180 1478 83 119 205 491 97 272 83 3326 2825 5384 1632 13920 4430 526 185 500 112 520 3608 194 164 3226 6344 9507 12998 857 14375 8300 19263 352 14605 135 130 149 15987 5906 1932 1203 3417 328 4469 215 1851 4107 2006 16238 186 208 2428
internal_value=-0.00017479 0.00919466 0.0228876 -0.011472 0.00424063 0.027459 0.00771444 0.00441486 -0.0237564 0.0122307 -0.00838832 -0.00910643 -0.0127148 -0.00684222 -0.017483 -0.00812271 -0.00404239 -0.0153493 -0.000446083 -0.0142261 -0.00443581 -0.00307173 0.00494224 0.0203991 0.0216254 -0.0216408 0.0119042 -0.0251002 -0.0219395 -0.0300076 -0.0313438 -0.0194034 0.0138807 -0.00615455 0.0362183 0.01125 0.0132928 -0.013237 -0.00580947 0.00363293 -0.00601016 0.0288433 0.0171368 0.0194196 -0.00431943 -0.0100813 0.0140861 -0.00688748 -0.00996854 0.0222172 -0.00209453 -0.0223477 -0.0262261 0.00912046 0.00736793 0.0101249 0.0106747 0.0198765 -0.0227028 0.0373025 0.0176228 0.00434121 0.0339668 -0.0163521 0.0162208 -0.00731184 -0.00359827 0.00696802 -0.00915691 -0.0104607 -0.00804731 0.0374777 0.0386339 0.0281502 -0.000304023 0.0346556 0.00868547 -0.00126328 -0.00149375 -0.0314983 0.014812 0.0223621 -0.0343369 0.00951473 -0.0157809 0.0184173 0.0143871 0.018262 0.0165478 0.0245952 0.0360715 0.00250671 -0.0050311 -0.0124575 -0.0169437 0.0183389 -0.0103035 -0.010538 -0.023025 0.000642879 -0.0018565 -0.010279 0.00519366 -0.0121994 -0.00325017 0.0199377 0.0160928 0.0140746 0.0206642 0.0231917 0.0371037 0.0374702 0.00577935 -0.00936854 0.000888744 -0.0125415 -0.0140986 -0.0148371 0.00685275 -0.0152692 -0.0176624 -0.0121773 -0.0232938 -0.0224598 0.0208828 0.0202658
internal_weight=39278 21471 5703.32 17807.1 15767.6 4882.89 11717.7 6772 3571.66 4945.67 14235.4 13475.5 5193.74 8281.75 4020.9 7932.91 4755.42 1146.74 3608.67 3177.5 972.215 3386.91 908.493 2705.57 2562.07 3048.69 3385.09 3429.83 2280.1 931.145 1149.73 405.146 4538.59 407.085 2177.33 3079.14 3087.47 309.521 4049.97 1172.84 2478.42 980.274 1581.8 1459.45 820.433 100.963 2986.51 2383.78 1450.36 348.839 933.416 2983.27 160.802 1989.53 1710.51 1189.2 1177.67 489.897 2950.72 2086.15 1567.7 759.905 618.257 1348.95 97.5639 3430.37 1139.62 448.712 2290.76 690.906 628.694 2081.63 1849.25 232.376 859.249 611.05 141.835 917.226 143.495 17.8383 2862.39 442.73 62.212 1970.13 1327.04 92.8136 313.587 1529.21 1206.3 322.901 575.973 619.6 187.408 121.239 106.188 281.063 2193.33 2176.42 2919.11 535.976 903.289 2160.33 89.8727 1619.14 818.862 1444.5 1368.63 942.467 1359.91 435.297 553.96 550.393 432.192 217.455 148.719 418.597 461.78 450.757 31.6047 1302.06 731.305 570.757 2878.4 2405.11 1352.4 151.599
internal_count=485541 318468 119700 167073 198768 111120 156862 87285 25435 69577 141638 131516 48428 83088 32751 76022 47495 8994 38501 28527 11387 35931 10763 50658 48763 21364 51354 23474 16773 5031 6701 3128 64472 5105 60462 43624 47711 3430 41906 15677 25168 22517 26246 20848 8580 1183 46528 23438 13576 7066 9862 20577 1690 23771 22240 15495 15338 7257 20159 59280 26000 10122 17393 11742 1675 34128 12417 5128 21711 7289 6761 59146 53839 5307 10212 17218 1961 9662 1895 324 45334 6781 528 23626 11495 2863 5465 25548 19486 6062 16842 7778 1687 1132 1020 3914 20130 19936 19881 6496 9579 19772 919 14730 8728 20597 21384 14957 19606 6684 16316 16167 6091 2016 1740 3506 4916 4797 278 11290 5958 5332 19650 16424 19471 3026
is_linear=0
shrinkage=0.05


Tree=4
num_leaves=127
num_cat=0
split_feature=5 7 6 7 6 7 9 4 0 4 6 5 4 4 7 5 6 2 9 4 3 6 7 9 9 4 3 2 3 9 2 9 9 9 9 6 6 0 4 3 3 5 1 3 1 1 0 0 9 1 3 1 4 4 4 4 4 3 9 3 9 6 2 0 2 0 3 9 2 7 3 9 3 9 9 1 9 9 2 1 2 0 2 4 9 7 9 9 9 3 7 9 9 3 3 9 9 9 9 9 3 2 7 0 9 1 9 4 9 4 7 3 4 0 1 6 7 9 7 3 9 7 0 0 7 6
split_gain=659.889 1347.11 266.277 187.176 175.976 414.31 102.759 70.2081 50.4072 48.6978 43.5595 111.116 44.5336 37.6858 31.2165 29.7619 34.71 29.0608 27.8133 25.2702 22.9868 15.6636 15.1197 252.446 98.6155 15.1522 14.9578 14.3958 14.072 13.9411 13.9299 13.7834 13.5639 26.4483 12.7582 134.707 22.0634 19.0307 17.2574 11.8941 11.1817 10.9361 10.0448 10.0074 9.93048 9.27893 9.18113 9.10539 8.94126 8.0809 7.55388 7.4271 7.18575 6.73877 6.44233 6.42571 6.4083 6.14319 6.11799 5.9878 5.78535 5.76112 5.73062 5.60972 5.59686 7.28039 5.53558 5.36462 5.33211 5.31711 5.20069 5.17274 5.13153 8.52836 5.07914 4.96351 8.08884 6.15076 12.7629 4.67416 4.65618 4.60888 4.48837 4.34798 5.71416 4.32623 4.3185 4.28781 4.23406 4.16616 4.10587 12.6638 4.07949 4.04199 4.02835 4.00634 3.9848 3.93391 3.77958 3.76874 3.69127 3.59778 3.56022 3.48361 3.46483 3.41347 5.56405 3.18301 3.17177 3.16902 3.09933 3.73441 3.05292 3.03576 3.72088 2.93447 13.3476 4.40063 3.55831 2.91586 2.84299 2.72886 2.67701 2.65683 2.5476 5.41641
threshold=1.5000000000000002 1.0000000180025095e-35 1.5000000000000002 1.5000000000000002 1.5000000000000002 1.5000000000000002 1.0000000180025095e-35 3.5000000000000004 2.5000000000000004 3.5000000000000004 1.5000000000000002 1.0000000180025095e-35 3.5000000000000004 3.5000000000000004 1.5000000000000002 1.0000000180025095e-35 1.0000000180025095e-35 2.5000000000000004 1.5000000000000002 3.5000000000000004 2.5000000000000004 1.0000000180025095e-35 1.0000000180025095e-35 1.5000000000000002 1.5000000000000002 3.5000000000000004 2.5000000000000004 2.5000000000000004 2.5000000000000004 1.5000000000000002 3.5000000000000004 1.5000000000000002 1.0000000180025095e-35 1.5000000000000002 1.0000000180025095e-35 1.0000000180025095e-35 1.0000000180025095e-35 2.5000000000000004 3.5000000000000004 3.5000000000000004 2.5000000000000004 2.5000000000000004 2.5000000000000004 2.5000000000000004 3.5000000000000004 3.5000000000000004 3.5000000000000004 3.5000000000000004 1.5000000000000002 3.5000000000000004 2.5000000000000004 3.5000000000000004 3.5000000000000004 3.5000000000000004 3.5000000000000004 2.5000000000000004 3.5000000000000004 2.5000000000000004 1.0000000180025095e-35 2.5000000000000004 1.5000000000000002 1.0000000180025095e-35 2.5000000000000004 3.5000000000000004 2.5000000000000004 2.5000000000000004 3.5000000000000004 1.5000000000000002 2.5000000000000004 1.5000000000000002 2.5000000000000004 1.5000000000000002 2.5000000000000004 1.5000000000000002 1.0000000180025095e-35 2.5000000000000004 1.0000000180025095e-35 1.0000000180025095e-35 3.5000000000000004 3.5000000000000004 2.5000000000000004 2.5000000000000004 3.5000000000000004 3.5000000000000004 1.5000000000000002 1.5000000000000002 1.0000000180025095e-35 1.5000000000000002 1.0000000180025095e-35 2.5000000000000004 1.5000000000000002 1.5000000000000002 1.0000000180025095e-35 3.5000000000000004 2.5000000000000004 1.5000000000000002 1.5000000000000002 1.0000000180025095e-35 2.5000000000000004 2.5000000000000004 3.5000000000000004 3.5000000000000004 1.0000000180025095e-35 3.5000000000000004 1.0000000180025095e-35 2.5000000000000004 1.5000000000000002 2.5000000000000004 1.0000000180025095e-35 3.5000000000000004 1.5000000000000002 3.5000000000000004 3.5000000000000004 2.5000000000000004 2.5000000000000004 1.0000000180025095e-35 1.0000000180025095e-35 1.5000000000000002 1.0000000180025095e-35 3.5000000000000004 1.5000000000000002 1.5000000000000002 3.5000000000000004 2.5000000000000004 1.0000000180025095e-35 1.0000000180025095e-35
decision_type=2 2 2 2 2 2 2 2 2 2 2 2 2 2 2 2 2 2 2 2 2 2 2 2 2 2 2 2 2 2 2 2 2 2 2 2 2 2 2 2 2 2 2 2 2 2 2 2 2 2 2 2 2 2 2 2 2 2 2 2 2 2 2 2 2 2 2 2 2 2 2 2 2 2 2 2 2 2 2 2 2 2 2 2 2 2 2 2 2 2 2 2 2 2 2 2 2 2 2 2 2 2 2 2 2 2 2 2 2 2 2 2 2 2 2 2 2 2 2 2 2 2 2 2 2 2
left_child=1 10 3 34 7 22 44 17 112 20 12 31 15 28 18 27 40 74 51 29 60 39 23 -6 49 62 92 -1 -7 43 50 97 46 -34 35 70 55 53 80 81 -17 63 -29 -16 52 -31 -30 100 122 59 67 -10 68 105 66 -36 93 -13 124 -24 104 99 -26 75 65 -52 89 -18 -4 -65 -3 119 73 -44 -2 76 -28 -77 110 103 -37 87 -35 -59 -85 102 -11 -19 -63 -20 115 -92 -23 101 -15 -49 -88 -12 -21 -14 -22 107 -83 -74 -5 -38 -107 -39 -87 -73 111 -79 121 -76 -115 116 117 -60 -117 -57 -103 -8 -42 -64 -9 -126
right_child=4 2 6 9 5 13 8 58 14 86 11 57 61 94 19 16 30 21 54 98 47 26 24 -25 25 -27 41 42 32 45 -32 -33 33 82 36 38 37 56 -40 -41 48 -43 72 -45 -46 -47 -48 95 -50 -51 64 -53 -54 -55 -56 71 -58 83 90 -61 -62 88 123 69 -66 -67 -68 -69 -70 -71 -72 109 79 -75 113 77 -78 78 -80 -81 -82 85 -84 84 -86 108 96 -89 -90 -91 91 -93 -94 -95 -96 -97 -98 -99 -100 -101 -102 120 -104 -105 -106 106 -108 -109 -110 -111 -112 -113 -114 114 -116 118 -118 -119 -120 -121 -122 -123 -124 -125 125 -127
leaf_value=-0.027257300251194463 0.014274227805704091 0.0070556823114283551 0.015513664632424047 0.018925319361675991 0.022582988045321651 0.00019251734427261962 -0.002560134002833162 -0.02303305321600739 -0.010364363001806069 0.017441165769194619 0.014963323198722562 -0.0083897961703913969 0.0079865808594366833 -0.025649953985061952 0.005030758253280955 -0.017026887076152141 -0.037246353640140513 -0.023692330269619994 -0.0040795809785597638 -0.0023051875586785689 -0.016532946613607803 0.01749482743086414 0.014169587435242166 -0.039010166033304663 0.00010398305759153358 -0.0073041667860476878 -0.021680868691692567 0.00063084354106778169 0.012279191202693827 -0.02123943652684589 -0.03213692918214868 -0.019007739993864608 0.025965260765285814 0.015591258177575435 0.04986231178188924 -0.014280638995209011 -0.007073217886229612 0.019176640984812865 -0.011950297417254696 -0.036402813441924746 0.011970842967171616 -0.014567484768374939 0.016021731715825029 -0.027397802446512871 -0.051086652748758066 0.015886420616905803 -0.041654304557770278 -0.0072801417201663072 0.0024253349786883859 0.024107608177677785 0.038691146537467136 0.018956080313756944 0.0091699432714734668 0.018368803899345584 0.0033058721481257604 0.0077635670788895259 0.0064997021061957904 0.020093307937590187 0.0029593879155879899 -0.015149627264817387 0.029918635782566361 0.012410667417812526 0.052717709084550313 -0.033393844147811678 0.020606173316110452 -0.01802374946710409 0.0051427783501092235 0.020812012176111103 -0.0065747357540428932 0.023616007820733507 -0.023102770735511893 0.0026719935927310163 0.020153128832733073 -0.024325479469164579 0.017320427417502671 0.025339962764864173 0.015669378082156533 0.021496485642508709 -0.020031676170958111 0.0053399549416477815 0.012082272565379429 0.028456006893276476 -0.017136254652437496 -0.0078110727745871735 0.031907702384304792 0.015005090288167773 -0.004361736501272734 0.023035663334732732 -0.0078799562884809791 -0.021245874407097316 0.021866772588302549 -0.010830545557872242 -0.0095748971049357534 -0.017129375035275323 0.00081323524791656297 0.022203599385716838 0.012314497341898252 -0.0049860379633396481 -0.032782031790314851 -0.0030129971634843505 -0.0015738910309097888 0.024976577456857316 0.020893657105869146 -0.011419474610342525 -0.012413647494799826 -0.017403275658611671 -0.044491098894542204 -0.0017925310240223926 0.031968395904046501 -0.014842149486961094 0.017003819561083659 -0.013397960940263654 -0.018421390823758526 0.001707874682484312 -0.016958941847207986 -0.013441653764124584 -0.023356456587418611 0.03662097306090998 0.0098395217058130976 0.035645180981876058 -0.00388342770009612 0.0090621394376463379 -0.01058423000706058 0.021211471209004254 0.014654595415153926 -0.011584770440559587
leaf_weight=15.879055060911922 41.138179652392864 14.211282603442667 26.971113801002502 13.623272514669223 258.05976631282829 124.16194531274959 81.939586385153234 25.662122685927898 867.32748444355093 80.903304325067438 28.813200212083757 20.646028886083513 367.80447951261885 14.007299346849321 23.746039760997519 50.330811074003577 9.209412732627241 8.2837679034564644 36.559226890094578 150.38229968538508 3858.1284985141829 17.350886284373701 16.899638066533953 464.49324149778113 33.11452235467732 62.390451744198799 17.011307926848531 71.128092009574175 834.30396475736052 1453.7199169662781 12.442811172455547 332.37284325365908 915.33379945810884 1684.2129411835922 7.1530730361118904 16.379305108450353 19.677400657907128 17.18912413995713 88.475720745744184 6.751562791876494 530.98341133689974 22.489309690194204 50.237415209878236 2338.6862839926034 10.939541917294262 16.348647300153971 7.01458407472819 24.527988920453936 561.25094785378315 12.628546041436492 6.789737360551956 21.262792473658919 80.474340883432887 8.5948858931660634 28.212545203045011 720.09651516552549 251.56994009274058 592.32977272942662 34.975202318746597 1365.1755376784131 29.223789963871241 29.678675762144849 6.3918164870701721 8.8178211282938701 905.59922139323317 19.709232188761234 20.226443788968027 5.6934018447063854 1337.9828587586526 6.0969612821936598 618.06772447633557 586.46543440502137 3608.5823910046602 16.631207850994542 11.682232902850954 536.08281947812065 74.655577118042856 1140.7144915076206 19.754828179255128 55.475239526946098 663.52107146754861 292.27371934207622 9.7655967818573099 31.08528681891039 11.630331993568687 32.325755318859592 80.196838965406641 9.421168933622539 159.76935828872956 1894.309699477395 83.082101988838986 44.951629688963294 56.838882844662294 41.088101824745536 343.54379636049271 20.144754845649004 63.207056739600375 143.63763042073697 9.9293679033871722 98.142452897503972 41.908355637453496 21.663844203110784 380.82710093120113 8.1642565540969354 21.222802757052705 41.266689024632797 37.8020298643969 3862.2609026839491 412.3811678388156 26.028425776399672 730.73757796338759 7.0956259099766603 14.527294718194751 48.090200351085514 58.540560895577073 19.716651816852391 55.512759738834575 12.549807582981883 79.110997762996703 8.5881019439548236 13.302516341675071 129.15891794906929 12.75818278454244 255.68264139862731 24.447412740439177 86.508819031529129
leaf_count=410 365 113 247 119 4895 1282 710 268 8861 641 286 229 5249 162 324 354 222 208 258 1582 34487 210 275 2618 561 377 306 605 12671 10134 141 2526 15919 28205 44 273 260 137 1042 186 8463 375 830 15910 143 69 62 226 7803 107 50 115 1095 91 504 9370 3392 9968 301 13085 296 401 87 176 15571 407 145 112 12711 84 5480 8768 63088 378 143 10228 1044 19696 337 716 10843 6395 123 596 165 592 1181 210 1574 14599 1199 600 718 391 4368 172 818 1206 221 514 280 248 7074 138 303 456 450 45740 8371 508 13823 169 198 450 621 333 550 109 1298 93 197 1640 286 4462 218 858
internal_value=-7.92992e-05 -0.00418173 -0.0110892 -0.00605105 0.0103899 0.00509921 -0.01775 0.0180809 -0.0202359 -0.0143635 0.0134845 0.00454665 0.015056 0.0151844 -0.0210005 0.0164204 0.0116502 0.0202524 -0.0170075 -0.0238636 -0.0156322 0.0211342 -0.0109251 -0.0170114 -0.00840711 0.0149892 0.0189985 0.0190533 0.016732 -0.0246771 0.0186754 -0.0130712 0.0173269 0.01911 -0.00106806 -0.00533896 -1.09127e-05 -0.00175578 0.00872327 0.026045 0.00580488 0.0196389 0.0192534 -0.0270699 -0.00564879 -0.020816 0.0117806 -0.0161154 0.00685928 -0.014412 0.0193763 -0.00964224 -0.00526981 -0.022447 -0.0203074 0.00556952 -0.00122265 0.0181101 -0.000259912 -0.0147811 0.0139103 0.00268232 0.0197099 0.0199473 0.019944 -0.00261334 -0.0206504 -0.015152 -0.00612724 -0.0100694 -0.0224148 0.00529631 0.0196074 0.00577623 -0.000652867 0.0201284 0.00857885 0.0205596 0.019197 0.0198576 0.0114271 0.026448 0.0153926 0.0189835 0.00348581 0.0268485 0.00827762 0.00107482 -0.00465278 -0.0209231 0.00342535 0.010392 -0.00309558 -0.00171531 -0.000292124 0.00621032 0.0030229 -0.00158583 -0.00438438 0.00566825 -0.0163726 -0.00154918 0.0242147 0.0200787 2.46627e-05 -0.0261482 -0.0307476 -0.0016947 0.0307718 0.00190474 0.01962 0.0212693 0.0030056 -0.00591925 -0.00860261 -0.00102274 -0.00689429 0.0124198 0.00510668 0.00814057 0.0141944 0.00456006 0.0114232 0.0221774 -0.00911912 -0.00572409
internal_weight=38409 27596 19839.2 11296.5 10813.1 6407.18 8542.7 4405.88 7086.34 4233.09 7756.77 1160.52 6596.26 3932.34 6860.71 5940.86 2114.77 3939.36 2867.9 3992.81 4008.78 3779.91 2474.84 722.553 1752.28 357.579 2637.65 3826.1 3574.79 3832.5 959.444 504.824 3450.63 2609.31 7063.4 1400.66 5662.75 4314.42 768.376 1142.26 1155.32 2563.46 3810.22 2362.43 1456.37 1470.07 841.319 3944.71 1104.99 1394.7 947.001 888.59 1445.43 107.341 1979.31 1348.33 4207.07 655.691 466.518 1382.08 64.0699 655.395 295.189 2540.97 932.098 26.499 1951.1 14.9028 1364.95 14.9148 632.279 1341.18 3739.09 66.8686 159.451 2526.05 91.6669 2434.39 1898.3 3672.22 679.9 1135.51 1693.98 635.045 42.7156 1117.81 224.307 17.7049 189.448 1930.87 329.899 128.034 74.1898 3955.5 357.551 44.6727 143.404 172.451 160.312 465.947 3900.04 3914.42 673.101 3616.75 34.8461 98.7461 79.0687 3879.45 444.707 612.494 1878.55 1147.81 225.626 118.313 106.631 201.865 103.038 47.525 98.8276 728.685 34.9664 211.099 543.742 262.074 136.618 110.956
internal_count=484947 318173 195885 126419 166774 89259 69466 77515 55270 38523 122288 14976 107312 62792 52722 99574 33409 71781 24482 28240 35883 70202 26467 7513 18954 5487 47166 66165 58262 26437 16503 4018 56980 44247 87896 17751 70145 51362 12158 23036 16906 46238 65755 16234 14196 10203 12733 35165 16552 13467 16362 8976 14053 1257 15506 18783 50105 10958 5734 13360 718 7738 5110 45863 16028 457 15002 334 12958 260 5593 18739 65150 1208 1579 45603 1350 44253 34025 63942 11116 22850 28328 10729 761 22432 2640 418 1975 14857 4390 1799 928 46713 4530 398 1999 1492 1803 5763 34767 46322 13469 63226 422 1166 906 45877 8963 9276 33688 19865 2548 1214 1071 2591 960 410 1631 9463 445 2350 8749 4549 1344 1076
is_linear=0
shrinkage=0.05


Tree=5
num_leaves=127
num_cat=0
split_feature=5 7 9 8 7 7 8 5 8 8 8 7 4 9 9 8 7 8 3 9 8 0 7 9 8 4 0 8 7 7 7 7 1 7 4 0 4 3 2 3 4 9 4 0 3 0 0 9 5 9 8 4 4 0 1 9 2 2 9 2 0 4 1 4 9 3 0 1 9 3 3 3 5 9 8 8 9 1 4 3 2 7 4 4 2 4 5 8 8 0 1 1 2 8 8 1 4 0 9 4 9 9 3 4 2 8 3 1 8 8 5 8 2 8 2 2 9 9 9 8 9 9 4 4 9 8
split_gain=873.021 732.756 127.819 161.544 283.47 273.566 227.859 97.3093 368.753 143.371 97.0414 91.6417 109.703 84.9108 81.9001 75.6041 60.9533 60.4646 56.3053 53.724 79.0613 50.9263 45.4022 36.4972 27.6436 26.6043 26.134 24.7346 169.597 136.479 33.7017 22.027 19.6447 19.3084 15.1841 14.8474 14.1024 13.6528 12.696 11.8508 11.5306 11.5249 19.9436 11.5006 11.7531 11.4973 11.4618 11.2773 10.6063 15.4156 51.9979 17.8667 15.3938 13.0448 10.3439 10.2242 9.82726 9.80685 9.76324 9.60595 9.09314 8.9665 10.3532 8.28615 8.04367 7.9819 7.73767 14.2872 7.51843 10.018 7.46323 7.37776 7.37558 6.92696 6.88765 10.2166 6.8501 6.72979 6.58308 6.41509 6.19979 6.05546 13.7256 7.2708 7.51628 5.97042 5.85254 7.16609 5.74265 5.73436 5.61319 5.30585 5.26164 5.23923 5.9652 5.13669 5.13389 5.1268 5.11988 6.10165 5.10111 5.04665 4.91173 4.75426 4.69651 12.285 4.64636 4.36359 5.63739 5.94134 4.65785 4.11947 4.07841 5.63425 3.93621 3.8775 3.87716 3.86684 3.58132 3.57566 13.4491 9.92153 4.44829 4.13618 3.45757 5.26454
threshold=1.5000000000000002 1.0000000180025095e-35 1.5000000000000002 1.0000000180025095e-35 1.5000000000000002 1.5000000000000002 1.5000000000000002 1.0000000180025095e-35 1.0000000180025095e-35 1.0000000180025095e-35 1.5000000000000002 1.5000000000000002 3.5000000000000004 1.5000000000000002 1.0000000180025095e-35 1.5000000000000002 1.0000000180025095e-35 1.5000000000000002 2.5000000000000004 1.5000000000000002 1.5000000000000002 2.5000000000000004 1.0000000180025095e-35 1.5000000000000002 1.5000000000000002 3.5000000000000004 2.5000000000000004 1.0000000180025095e-35 1.5000000000000002 1.5000000000000002 1.0000000180025095e-35 1.0000000180025095e-35 2.5000000000000004 2.5000000000000004 3.5000000000000004 3.5000000000000004 3.5000000000000004 3.5000000000000004 3.5000000000000004 2.5000000000000004 3.5000000000000004 1.0000000180025095e-35 3.5000000000000004 2.5000000000000004 2.5000000000000004 2.5000000000000004 2.5000000000000004 1.0000000180025095e-35 1.0000000180025095e-35 1.0000000180025095e-35 1.5000000000000002 3.5000000000000004 3.5000000000000004 2.5000000000000004 2.5000000000000004 1.0000000180025095e-35 3.5000000000000004 2.5000000000000004 2.5000000000000004 2.5000000000000004 2.5000000000000004 3.5000000000000004 3.5000000000000004 3.5000000000000004 2.5000000000000004 2.5000000000000004 3.5000000000000004 3.5000000000000004 1.0000000180025095e-35 2.5000000000000004 3.5000000000000004 2.5000000000000004 2.5000000000000004 2.5000000000000004 1.0000000180025095e-35 1.5000000000000002 1.5000000000000002 3.5000000000000004 3.5000000000000004 2.5000000000000004 2.5000000000000004 1.5000000000000002 3.5000000000000004 3.5000000000000004 2.5000000000000004 3.5000000000000004 1.0000000180025095e-35 1.0000000180025095e-35 1.5000000000000002 2.5000000000000004 2.5000000000000004 3.5000000000000004 3.5000000000000004 1.5000000000000002 1.0000000180025095e-35 3.5000000000000004 3.5000000000000004 3.5000000000000004 1.5000000000000002 3.5000000000000004 1.0000000180025095e-35 1.0000000180025095e-35 2.5000000000000004 3.5000000000000004 2.5000000000000004 1.0000000180025095e-35 3.5000000000000004 2.5000000000000004 1.0000000180025095e-35 1.5000000000000002 1.0000000180025095e-35 1.5000000000000002 2.5000000000000004 1.5000000000000002 3.5000000000000004 2.5000000000000004 1.5000000000000002 1.0000000180025095e-35 1.5000000000000002 1.5000000000000002 1.0000000180025095e-35 1.0000000180025095e-35 3.5000000000000004 3.5000000000000004 1.0000000180025095e-35 2.5000000000000004
decision_type=2 2 2 2 2 2 2 2 2 2 2 2 2 2 2 2 2 2 2 2 2 2 2 2 2 2 2 2 2 2 2 2 2 2 2 2 2 2 2 2 2 2 2 2 2 2 2 2 2 2 2 2 2 2 2 2 2 2 2 2 2 2 2 2 2 2 2 2 2 2 2 2 2 2 2 2 2 2 2 2 2 2 2 2 2 2 2 2 2 2 2 2 2 2 2 2 2 2 2 2 2 2 2 2 2 2 2 2 2 2 2 2 2 2 2 2 2 2 2 2 2 2 2 2 2 2
left_child=1 7 10 5 15 31 35 9 13 -1 27 23 18 26 -12 54 25 98 124 39 -21 24 115 32 -20 -17 -9 28 40 30 34 -4 60 37 -29 58 68 38 66 -11 43 42 -19 -2 -45 -32 107 103 74 50 52 77 -50 -52 -5 -47 80 -46 71 -18 101 62 97 79 89 -7 67 112 -31 -70 92 -6 78 86 -34 95 -26 114 -8 -55 -57 83 -83 84 -24 -28 93 -88 -68 -15 -73 -86 119 94 -14 -76 -92 104 99 106 -35 -3 -49 -30 105 -48 -10 -25 -109 110 -110 -69 113 -23 -51 -16 -95 -59 -89 121 -121 -41 -123 -122 -13 -126
right_child=2 11 3 4 6 65 72 8 17 19 14 12 73 64 22 16 59 41 21 20 -22 33 81 46 76 -27 85 29 47 36 45 -33 48 100 -36 -37 -38 -39 -40 70 -42 -43 -44 44 57 55 61 102 49 51 53 -53 -54 63 -56 56 -58 117 -60 -61 -62 -63 -64 -65 -66 -67 88 111 69 -71 -72 90 -74 -75 75 -77 -78 -79 -80 -81 -82 82 -84 -85 91 -87 87 118 -90 -91 96 -93 -94 116 -96 -97 -98 -99 -100 -101 -102 -103 -104 -105 -106 -107 -108 108 109 -111 -112 -113 -114 -115 -116 -117 -118 -119 -120 120 123 122 -124 -125 125 -127
leaf_value=0.0055359169992258636 0.015251721667623792 -0.0067022703012371877 0.0019072458898288639 -0.018215546644387046 -0.011459612667006142 -0.004299487150123074 -0.01048886823752144 -0.0094443996469621445 0.0094267732791696243 -0.02345942296583407 0.02172430650282263 -0.026575271627701305 -0.014931791859855449 0.0084336338286752893 -0.015789742912558549 0.016124568294534174 0.012698819142154726 -0.0081210269552072882 0.019158534738009256 0.002748126566190941 -0.03323477712461069 0.021717868269279388 -0.050061470680105871 0.020399930200930696 -0.0024499300442739329 -0.050651323098582307 -0.040432602971764708 -0.00061507975201484063 0.013159175099312135 -0.010925974261454113 -0.019499744121448059 -0.023228991042992312 -0.0033820769022834644 -0.03337106829542387 -0.027575161740877936 0.011555639120236509 0.00045579127530468041 0.00051503118822409483 -0.0032727912021515461 -0.017621384915600228 0.00025502373199228997 -0.0021918829415132706 -0.045249693110959902 0.0051080013651403806 0.0013743311440390146 0.0067139996103415854 0.021672650151846815 0.027919160535082584 -0.0028005073711933229 0.015913418189085191 -0.018271563817892102 -0.00017064747644062611 0.024217865315434253 -0.02151284115710141 0.014751584735085976 -0.0080061157857163646 -0.037056714296181972 -0.030724625188807739 -0.0076369637844935353 -0.01773859155163408 -0.0059000936464569612 0.005076113209573227 -0.01574531187829797 -0.019476367173240944 0.033992074757991812 0.025153980665292005 0.01980486589648172 0.0095602105514661466 0.0068154114467959331 -0.017484481382556549 0.02041422742074387 -0.007507359939518338 0.030823713930524133 -0.0183023260799541 0.012518313266071375 0.0025581597679988893 -0.026717704700137165 -0.014173697190916499 0.010226647105083959 0.025008891644019829 0.019766381995489968 0.0021517264754709136 -0.014990452055585982 0.011752420347950803 -0.0076385123418649661 -0.020692099277238987 0.022994777124631167 0.0057889316645139757 -0.014028293410477783 -0.01210686420582425 -0.034662264689957659 0.020585518962853076 0.030587374327173084 -0.02255763963061861 0.014592694284960673 -0.02825846835395034 -0.059091638305998728 -0.002363975775276821 0.015063282842913023 -0.0051494359852523649 0.0053715561713447478 -0.063090311226344384 -0.0012666274128430267 -0.0059901150414649893 0.018008151712814495 -0.021583345156361428 -0.026185087059903502 0.016947055804081495 0.003327632493082901 0.010978682190842796 -0.032479463218648912 -0.023454036982153231 0.028450565716740973 -0.019399613990890768 -0.005885887757923888 0.025350804159173304 -0.0023683735655276681 -0.024628482683669406 -0.0077795573456760003 0.010438552665644051 -0.0071933795776014751 0.0046299447923986211 -0.014709915903565213 0.012717774035269989 -0.010221345353159786 0.016826201970226416
leaf_weight=4486.1863059818279 16.282668659929186 6.2075571645982572 100.60942719480954 23.927894446998835 35.869393551489338 23.565573540050536 1546.5832910938188 78.524212585296482 761.26984967244789 73.174225384369493 489.08100493182428 21.047969738952816 26.353274312568828 37.8806386096403 5.303707933984696 240.48568502208218 26.304540316574275 549.02336469106376 119.35130959714297 222.46816321893129 484.45242504985072 41.219069954007864 9.3215193608775717 18.746495421044528 56.626292551867664 14.934739838354288 927.27852934994735 511.87714078312274 276.48469898290932 1043.4200316431234 26.894881350919604 643.79211600485723 187.34079566015862 13.790866095572708 57.16637309268117 17.552257742732763 179.038986279862 48.689921684097499 33.627378616482019 148.78090245323256 44.264011964667588 1345.9567609480582 37.806636509485543 28.758432494942099 29.396875729784369 359.22006140626036 40.140778814908117 13.749444992514325 756.26592748588882 1659.9609060009243 19.51893802639097 209.22152079781517 55.665233785053715 6.8390455460175863 616.73405315133277 20.459951639175415 7.1584062054753295 586.5171002203133 35.260329502634704 657.24224133742973 82.000036267563701 164.63430222915486 23.00538772623986 10.512852406478485 9.9471638463437539 649.73388694948517 36.827385675627738 26.401350068394095 43.410656224936247 1246.4364307469223 32.653150105848908 19.458934145048261 10.210670309141276 53.736486331559718 535.02895958384033 623.04124360054266 59.259398309979588 18.407949822954834 38.569473765208386 373.40106253151316 480.02627042133827 729.88222501822747 137.97734322957695 50.657432190026157 802.36407842917833 43.33849667571485 45.616056525614113 149.47090387123171 17.908229296095669 283.02460080652963 2471.3267262777081 16.069254330359399 10.175482960417865 56.425833445973694 44.780675307149068 6.9243121803738168 22.773696098476648 32.109714131336659 317.97792722168379 83.807523497147486 19.420078533235937 11.442932612262666 636.67320045514498 36.116980439983308 2562.3706748989644 26.33995963819325 8.3361918693408352 19.745674996171147 12.268013714347033 17.637163085746579 32.16396730626002 13.429315999383105 3084.1636471383972 9.5508907213807088 20.497135871089995 158.16002734890208 41.028273572213948 537.44558852631599 70.878615064546466 165.67967935139313 451.00860291998833 127.35136619838886 37.69598886766471 26.783436070894822 88.31024267245084 21.577802655287087
leaf_count=56266 161 121 1561 248 574 237 16381 722 10902 944 8785 249 272 390 102 4290 394 4523 2106 3732 3152 367 262 223 585 139 4419 6282 4205 9517 263 4667 3119 96 581 90 2007 516 424 1525 805 15387 376 267 294 4917 330 142 10833 27433 125 2884 999 73 9531 269 91 3971 369 5614 1140 2321 567 289 46 11974 355 366 340 9467 378 220 134 507 8199 8293 510 331 720 5894 7475 9893 1317 712 9165 610 565 2053 286 3901 13950 120 71 384 783 111 223 359 4796 827 347 191 7418 345 44356 417 125 241 128 438 309 278 63055 166 299 3100 178 3286 561 2459 4058 1812 422 401 1165 93
internal_value=-0.000149912 0.00617699 -0.00916668 -0.0140812 -0.017792 0.0010424 -0.0245849 -0.0032524 -0.00887492 0.000771789 -0.00504414 0.0148179 0.0207369 -0.0303693 0.0034905 0.000262973 -0.00876926 0.000687337 0.0236675 -0.0112302 -0.0219231 0.0248452 -0.00118808 0.0115152 0.00234756 0.0120378 -0.0373295 -0.00835653 -0.0126027 -0.00599787 0.00614098 -0.0198337 0.0087195 0.0264262 -0.00336712 -0.0337041 -0.0130654 0.026807 0.027199 -0.00417367 -0.0248004 -0.00474464 -0.010586 -0.0257253 -0.0263022 0.0121916 0.0158546 0.00314643 0.00920837 0.0108074 0.00641525 0.013616 -0.000920641 0.0209 0.0134938 0.0131962 0.017761 -0.0270891 -0.0340158 -0.0165504 -0.0131449 0.0164401 0.017135 0.0228983 -0.00825254 0.0241183 0.0275172 0.0278391 -0.0141027 -0.016662 -0.00274061 -0.0343775 -0.00969841 -0.00153957 0.00550171 0.00693198 -0.0149819 0.0153129 -0.00997869 0.0241179 0.0186173 -0.00355149 -0.000587753 -0.00647562 -0.00760398 -0.0395734 0.000570556 0.00518347 0.00868235 -0.00966353 -0.0346999 -0.00705991 -0.00354238 -0.00669446 0.00359928 0.0119462 -0.0349089 0.0174251 0.00964645 0.0076129 -0.0112215 -0.0446817 -0.00060775 0.0109347 0.0176676 0.00446856 0.00900755 -0.000728427 -0.00575751 -0.0131346 -0.0227372 -0.00187269 0.0282171 0.0137575 0.0156442 0.0239281 -0.0141683 -0.0278341 0.001409 -0.00393669 -0.00179718 -0.0083039 0.00015083 -0.006053 -0.00848065 -0.0048064
internal_weight=38256.1 22481.5 15774.5 7194.93 5777.23 1417.7 4197.6 10750.6 4484.17 6266.41 8579.61 11730.9 4199.49 1379.99 2398.82 1579.63 938.967 3104.18 3711.2 1780.22 706.921 3580.27 1909.74 7531.44 235.237 255.42 1049.14 6180.8 2205.69 3975.11 1462.8 744.402 4582.28 3345.03 569.044 2602.24 2512.31 3311.82 3263.13 1073.3 1242.66 1932.79 586.83 1198.4 1182.12 893.76 2949.16 963.024 4482.63 3130.29 1222.2 1908.09 811.931 410.272 640.662 866.865 507.645 1153.36 2584.69 683.547 99.6505 2848.6 2683.97 390.753 330.852 673.299 3229.5 3174.76 2333.27 1289.85 1000.13 2549.43 1595.36 488.29 1352.34 1164.99 115.886 1698.87 1585.15 380.24 500.486 1746.27 867.86 878.412 827.755 970.617 434.554 265.966 54.7356 320.905 2513.56 818.433 967.475 168.588 71.1339 541.953 2494.1 2660.96 1171.39 853.414 33.2109 17.6505 650.423 312.602 2628.85 66.4807 769.606 100.561 81.8148 62.0691 44.432 39.8307 3134.93 50.77 1680.46 163.464 97.4541 1123.96 220.35 957.3 643.472 313.828 165.047 477.792 130.936 109.888
internal_count=485409 318534 166875 71316 52877 18439 32661 122244 47024 75220 95559 196290 76267 10088 33456 20216 10437 36936 70964 18954 6884 69457 24671 120023 3201 4429 5751 62103 20894 41209 19878 6228 70334 66256 6863 15426 21331 65813 65297 12070 8784 20286 4899 7979 7818 13015 49689 12110 68882 49160 18213 30947 11832 6381 9779 12752 7835 7551 15336 6008 1452 48350 46029 6256 4337 12211 64873 64232 19324 9807 11126 14967 17235 5303 19722 16603 1095 28063 17101 5967 7744 21469 11210 10259 9547 5029 4796 3179 641 4291 14393 9285 10748 1617 1055 8310 14173 45462 16650 11854 443 312 7560 4550 45103 747 11027 1339 1116 875 437 644 63588 533 27732 3202 562 7257 2614 10677 6918 3759 2234 4459 1507 1258
is_linear=0
shrinkage=0.05


Tree=6
num_leaves=127
num_cat=0
split_feature=6 7 9 8 5 5 9 8 9 5 6 7 8 8 5 6 7 5 8 4 4 4 4 8 7 8 5 8 9 8 8 6 6 8 8 7 7 7 5 7 5 8 9 9 7 4 9 6 8 8 8 9 7 0 9 0 8 7 4 7 5 6 4 7 2 8 4 7 9 7 8 4 0 1 4 8 7 1 5 9 7 7 2 4 6 8 7 8 8 7 9 1 9 6 4 4 7 7 8 7 8 9 7 4 2 8 7 1 4 0 4 5 7 5 9 0 0 6 8 8 5 0 0 7 7 0
split_gain=705.934 674.371 464.887 520.323 183.527 97.891 238.141 223.028 140.419 123.712 83.0422 134.379 101.049 101.629 76.1127 74.7942 69.3353 67.3094 60.2681 59.2759 49.2844 46.1264 42.4121 40.2188 54.665 40.0068 39.6992 38.6736 38.418 68.763 34.8979 37.2951 30.0504 272.15 181.199 310.348 98.6138 69.6203 67.9781 35.489 32.7722 29.9103 93.5443 29.1601 26.1588 24.3307 23.4283 28.7687 151.551 74.6627 23.1482 21.4444 161.676 19.9834 19.6546 18.6123 18.9969 24.7498 18.509 18.3402 17.8715 17.4477 16.8001 16.5302 16.1678 14.9292 16.488 14.6269 14.4946 21.109 33.1499 13.8497 13.7777 13.5271 13.0454 12.94 53.9488 12.4505 12.3216 11.5819 11.5073 10.8891 12.5086 10.6996 10.6098 26.5702 44.7344 20.2808 10.7226 10.3561 10.2771 10.1145 10.0823 11.4416 9.98638 9.66109 9.5645 9.45345 9.41284 18.1179 9.39088 8.95035 8.79448 15.1562 8.68165 8.40212 14.4923 12.9519 12.5618 8.15774 7.77698 7.77613 7.69712 7.62021 7.5744 7.41403 7.37878 7.15418 28.209 7.09943 6.98474 11.2767 7.48017 6.57238 6.52052 6.41073
threshold=1.5000000000000002 1.0000000180025095e-35 1.0000000180025095e-35 1.5000000000000002 1.5000000000000002 1.5000000000000002 1.0000000180025095e-35 1.5000000000000002 1.5000000000000002 1.0000000180025095e-35 1.0000000180025095e-35 1.5000000000000002 1.5000000000000002 1.0000000180025095e-35 1.5000000000000002 1.0000000180025095e-35 1.0000000180025095e-35 1.5000000000000002 1.5000000000000002 3.5000000000000004 3.5000000000000004 3.5000000000000004 3.5000000000000004 1.0000000180025095e-35 1.5000000000000002 1.0000000180025095e-35 1.5000000000000002 1.5000000000000002 1.0000000180025095e-35 1.5000000000000002 1.0000000180025095e-35 1.0000000180025095e-35 1.0000000180025095e-35 1.5000000000000002 1.5000000000000002 1.5000000000000002 1.5000000000000002 1.5000000000000002 1.0000000180025095e-35 1.5000000000000002 1.0000000180025095e-35 1.0000000180025095e-35 1.5000000000000002 1.0000000180025095e-35 1.5000000000000002 3.5000000000000004 1.0000000180025095e-35 1.0000000180025095e-35 1.5000000000000002 1.5000000000000002 1.0000000180025095e-35 1.0000000180025095e-35 1.5000000000000002 2.5000000000000004 1.5000000000000002 2.5000000000000004 1.5000000000000002 1.0000000180025095e-35 3.5000000000000004 1.5000000000000002 1.0000000180025095e-35 2.5000000000000004 3.5000000000000004 1.5000000000000002 2.5000000000000004 1.0000000180025095e-35 3.5000000000000004 1.5000000000000002 1.0000000180025095e-35 1.5000000000000002 1.0000000180025095e-35 3.5000000000000004 3.5000000000000004 2.5000000000000004 3.5000000000000004 1.5000000000000002 1.5000000000000002 2.5000000000000004 1.0000000180025095e-35 2.5000000000000004 1.5000000000000002 1.5000000000000002 2.5000000000000004 3.5000000000000004 1.0000000180025095e-35 1.5000000000000002 1.5000000000000002 1.0000000180025095e-35 1.0000000180025095e-35 1.0000000180025095e-35 1.0000000180025095e-35 3.5000000000000004 1.0000000180025095e-35 1.0000000180025095e-35 3.5000000000000004 3.5000000000000004 1.5000000000000002 1.0000000180025095e-35 1.5000000000000002 1.5000000000000002 1.5000000000000002 1.0000000180025095e-35 1.5000000000000002 3.5000000000000004 3.5000000000000004 1.0000000180025095e-35 1.5000000000000002 2.5000000000000004 3.5000000000000004 2.5000000000000004 3.5000000000000004 1.0000000180025095e-35 1.5000000000000002 1.0000000180025095e-35 1.5000000000000002 2.5000000000000004 3.5000000000000004 1.0000000180025095e-35 1.0000000180025095e-35 1.5000000000000002 1.0000000180025095e-35 2.5000000000000004 3.5000000000000004 1.5000000000000002 1.5000000000000002 3.5000000000000004
decision_type=2 2 2 2 2 2 2 2 2 2 2 2 2 2 2 2 2 2 2 2 2 2 2 2 2 2 2 2 2 2 2 2 2 2 2 2 2 2 2 2 2 2 2 2 2 2 2 2 2 2 2 2 2 2 2 2 2 2 2 2 2 2 2 2 2 2 2 2 2 2 2 2 2 2 2 2 2 2 2 2 2 2 2 2 2 2 2 2 2 2 2 2 2 2 2 2 2 2 2 2 2 2 2 2 2 2 2 2 2 2 2 2 2 2 2 2 2 2 2 2 2 2 2 2 2 2
left_child=1 17 3 26 16 8 7 23 9 28 11 12 13 -8 45 43 -5 27 68 25 32 104 51 24 -7 53 81 30 29 62 95 101 33 39 36 -36 72 -35 -37 -10 -39 42 -13 63 -6 55 117 49 -49 65 -45 59 -53 -16 100 113 61 78 84 -20 92 125 109 -11 -27 -48 -67 -55 105 110 -71 -46 77 -66 123 76 115 -34 -58 -47 83 97 -83 -31 98 86 87 -86 -88 -28 111 -75 -29 114 -51 120 -77 -2 99 -30 -43 -32 -25 -104 -12 106 108 -107 -17 -3 -70 -33 -59 -4 -94 -52 -38 118 -19 -115 -1 -122 -123 -9 -23 -57
right_child=2 5 14 4 44 6 10 74 20 15 21 41 -14 -15 19 18 -18 46 22 -21 -22 124 -24 102 -26 64 89 60 58 80 31 90 34 37 35 38 116 40 -40 -41 -42 54 -44 50 71 79 47 48 -50 94 75 52 -54 67 -56 56 57 112 -60 -61 -62 -63 -64 -65 73 66 -68 -69 69 70 -72 -73 -74 91 -76 96 -78 -79 -80 -81 -82 82 -84 -85 85 -87 88 -89 -90 -91 -92 -93 93 -95 -96 -97 -98 -99 -100 -101 -102 -103 103 -105 -106 107 -108 -109 -110 -111 -112 -113 -114 119 -116 -117 -118 -119 -120 -121 121 122 -124 -125 -126 -127
leaf_value=0.0089804517696667387 -9.4420149177200941e-05 0.0083952790060044802 -0.016724149106409052 0.015366354214669677 0.029496362263057758 0.013755454726367695 0.026073197397117661 -0.040861476371643647 0.011442793074201367 0.021313338581171883 0.010584493721261889 0.03424155796371646 0.028006674195122389 -0.042862177328823428 -0.04013680667061683 0.011573866347371875 -0.038759876803625345 0.045851083207905194 -0.031339448898335009 0.0027308122378933933 0.0052222208263306424 -0.017849892034871286 0.012657335795000908 0.0058472688898815201 -0.030941507996244628 0.00029195762399607884 0.0029330487515935918 0.00041707015710461211 0.019440396067922767 0.011324523122596493 0.018650219245859252 0.018955157963942204 0.008421678873386601 -0.046584521058418767 0.027764269327889252 0.025748776632125416 4.3612393066510969e-05 0.032791736710563034 -0.029627507415657617 -0.011764404022993759 -0.023134474954269121 0.024339886594387225 -0.022118332477585354 0.023746297379960424 0.0072104623347769327 0.0010693792617274343 0.035450389674045117 0.012361196561015326 -0.048036208961156054 0.022005967510692587 -0.018787233615034017 0.013473402617979333 -0.034118389425814848 0.029129009482858483 0.026664934955673243 0.017009044922917445 0.042716445164743162 0.011622468145355806 -0.010137251107933417 -0.012435985403653274 0.019804137485444642 -0.039495733819770631 0.015069619328073059 0.00013788410512381223 -0.033708380428284453 -0.024932785545565193 0.018378363409926123 0.013387186676748947 -0.014563436624204385 0.037185461952629333 -0.0084968797286392225 -0.028387643384096429 0.015990560616931614 0.027941268400050269 -0.014064021569061252 -0.019524456392728418 -0.017082094749013427 -0.029389672442059318 0.017019727598863974 -0.038273308518729912 0.032133220140870361 0.036770953458661056 -0.0022858519114939842 -0.032680312092837276 0.015536823092094915 0.026960154907328584 0.054575347642452025 -0.013224056844868408 0.02049051907894903 0.021740482574628711 -0.0037133058246275885 -0.0040899930391485786 -0.0010576394798894576 0.023099148946743087 -0.0087907713308126943 0.00088746792034148582 -0.0064038308934138387 0.015839096250660139 -0.0041270585255291014 -0.011031532918997666 -0.0028281956482322677 0.005277582291506557 0.027815256398652129 -0.043854125935033683 -0.029140574509582986 -0.05552438011710386 -0.027469881960963463 0.0054326177083850111 -0.018641646877931566 -0.026707394395643021 0.0029966836151268487 -0.018777655608655266 0.0034109058238043972 -0.0027951811628505801 0.019966220138870436 0.018982509658578589 0.037806481093259868 0.019265362328378242 -0.014702483533382452 0.018160104904612704 0.002767001804792087 0.025454682048419382 -0.010247726562130214 -0.029419617947796579 -0.0019343802747133006 -0.01115358398706754
leaf_weight=3965.7086471254006 137.77175718802027 17.074294055812061 55.692061541369185 61.863129608333111 111.35858062561601 108.87887143809348 60.418153484351933 666.45881262957118 330.56567673676182 174.87004231079482 2197.057377314195 107.06104625435546 74.351805771235377 427.10828539263457 15.126327034551649 87.347591966856271 1150.3829821432009 24.890286793466657 826.85078918049112 384.23280630633235 210.4969035491813 162.14820671756752 84.613014501985162 336.29233318241313 180.9388948106207 56.247720014769584 81.073839690769091 224.41816835501231 165.37559955567122 133.8222097416874 173.19523050903808 13.810022282879798 21.606902327388525 865.50328948860988 525.46787819260499 60.634314586641267 295.32950658607297 36.690870483871549 568.03529754607007 326.40506612928584 85.010655778460205 40.968910685041919 230.07672396209091 60.676876272074878 89.627303287852556 300.8489036867395 11.399013394257052 209.52956179296598 204.32367761642672 239.57945654646028 13.093127909116445 276.1195617854828 501.23747693561018 178.02673791837879 206.07406050246209 2411.7542617453728 62.769129065563902 446.60083278780803 127.1948378123343 154.01028338400647 973.90884304663632 12.940200696233658 28.177370596094988 193.66079247067682 8.2246769489720446 236.24946087086573 23.500592674012296 873.58692521136254 1437.9092118078843 52.448354826541618 153.60102054197341 38.136080018244684 16.578674582764506 2455.0386991510168 59.716098352801055 277.54246305720881 259.71691479627043 2036.132511231117 185.11285372404382 18.943786880234256 64.143314409069717 20.510024962946773 435.70670868572779 14.42037772759795 84.063956297468394 245.06363424484152 26.354219844273757 218.77345288032666 172.0590013989713 785.97715302312281 554.1921520808246 24.653904814273119 136.34469583723694 175.11434811109211 29.019106573425233 347.36532121803612 279.9516297406517 285.9665222952608 204.73113361792639 68.254182463046163 130.69597032060847 448.9738170952769 96.013566888752393 7.0983550315722814 12.908664205111561 7.9985177917405954 72.927071345970035 278.18807858531363 55.329571617767215 299.39188252273016 65.615942524280399 210.73893802566454 790.99984727520496 118.95180130796507 61.408705158275552 203.80995980137959 12.528516579419373 113.20955065882299 73.801486929180101 60.05341595550999 100.98409409495071 205.64305148506537 15.269806289579718 171.14860921725631 106.7180464931298 19.738399660447612
leaf_count=52349 1554 152 639 881 1980 2511 1363 2597 4973 3908 32266 1516 1832 1947 159 1544 4449 554 3599 5138 2669 1308 1140 4104 887 927 745 2411 2488 2470 2874 169 266 3834 9937 1425 4447 597 2806 2870 883 1152 1693 1116 2059 4362 137 3988 1130 3509 80 5180 2711 3435 3492 40005 1085 6544 1532 1200 16454 318 415 1705 215 2184 202 11181 12345 1139 2069 210 144 49342 412 2145 1754 12668 2735 530 746 81 4470 60 1532 4659 884 2460 2531 13597 6198 312 968 3944 170 4438 2496 5231 2492 683 1516 7284 2153 171 288 139 289 4835 268 2521 891 1606 9301 1212 1470 2704 53 1867 466 819 1024 5718 350 1085 1191 384
internal_value=-3.77556e-06 -0.00445571 0.010263 -0.00597928 -0.0280954 -0.00995468 -0.0042973 -0.0202724 -0.0123372 -0.00785753 0.00262508 -0.00773083 -0.0260055 -0.0342833 0.0163893 -0.011623 -0.0359873 0.00692719 -0.0151197 0.0214091 -0.0184723 0.00796 -0.0217971 0.000270493 -0.0141602 0.0233953 0.0123998 0.00864139 0.00325946 -0.00773281 0.00682044 -9.50701e-05 -0.0194359 -0.0250291 -0.0168291 -0.000567113 -0.0247043 -0.0416103 -0.0242541 -8.76757e-05 -0.00614387 0.00664894 -0.00417242 -0.00193147 0.0118967 0.0119135 -0.00425899 -0.00760081 -0.0175015 8.93823e-06 -0.00602625 -0.0234615 -0.017218 0.0152433 0.0162927 0.0129338 0.0137505 0.00928046 0.00792919 -0.028387 0.0156279 0.016462 -0.0214998 0.0102162 0.026806 -0.0184658 -0.0209588 0.0160772 -0.00954779 -0.0117399 0.00325466 -0.00355316 -0.0286217 0.0274051 -0.0369486 -0.00779442 -0.00173894 -0.0289887 0.0236722 -0.00137324 0.0146032 0.00490931 -0.000453401 0.00685364 0.00987584 0.0134992 0.00687757 -0.00521553 0.0252688 0.0199873 -0.00738301 0.0276213 0.00879665 0.0138255 0.0186585 0.00891021 -0.0129591 0.0106705 0.00369028 0.010529 0.00375905 0.00902412 0.00979907 0.0225076 0.0103394 -0.00207091 -0.00950268 0.00354155 -0.000191769 -0.024793 -0.0137956 -0.0163833 0.00638112 -0.000741108 0.00553855 0.0166268 0.00169783 0.010745 0.000876001 0.00429682 0.00955983 0.0166477 0.0229518 -0.0385614 -0.0115633 0.0167759
internal_weight=38610 26932.1 11677.9 3198.37 1451.37 18159.5 5382.13 1626.55 12777.4 7386.42 3755.59 1276.75 561.878 487.526 8479.54 5517.52 1212.25 8772.58 4054.2 3995.14 5390.99 2478.83 1842.83 729.222 289.818 3610.9 1747.01 7607.08 1868.9 557.029 6035.88 1400.91 5180.49 1644.18 3536.31 1154.14 2382.18 987.205 628.67 656.971 121.702 714.877 337.138 1463.32 239.122 4484.41 1165.5 953.601 413.853 539.748 1094.79 1758.22 777.357 1066.74 377.739 4164.61 3929.92 1485.48 1311.87 980.861 1571.19 2444.43 344.644 368.531 2544.17 271.149 259.75 1051.61 2211.37 1709.57 206.049 127.763 2074.32 2487.92 897.324 1034.11 476.62 2057.74 247.882 319.793 212.386 879.955 456.217 148.243 1184.68 746.314 501.251 302.837 198.413 867.051 778.741 2479.69 597.286 372.868 268.599 4634.97 557.494 423.738 438.361 233.63 171.665 622.169 439.404 103.112 2209.97 501.791 215.604 286.187 142.677 316.466 1503.53 224.549 1237.6 234.697 197.753 216.903 307.858 211.901 98.6918 179.005 4287.61 321.897 220.913 837.607 268.866 2431.49
internal_count=485302 311402 173900 35257 9579 189938 63484 13920 126454 78882 49564 14511 5142 3310 138643 53257 5330 121464 37349 70709 47572 35053 13830 9826 3398 65571 25678 107257 25625 6364 82010 18131 44903 13157 31746 14168 17578 5314 4231 7843 1480 9369 3209 15908 4249 67934 14207 11320 5118 6202 10295 12690 7891 14775 6160 63042 60372 19665 19261 4799 25247 40707 3088 5613 50796 2523 2386 14616 23519 16444 3208 2269 13078 49869 4094 9179 4538 12934 3820 4892 3276 11336 4551 2530 17729 12066 7407 3992 3415 14342 7973 49654 8793 6382 3679 63879 4641 6785 5663 3171 2668 10158 6428 2324 32554 7075 2101 4974 1812 2673 13236 1775 15845 2670 2438 2784 4500 2887 1020 2031 59441 7092 6068 3682 2499 40389
is_linear=0
shrinkage=0.05


Tree=7
num_leaves=127
num_cat=0
split_feature=5 7 7 9 6 6 9 4 9 9 6 5 6 5 5 7 7 9 7 9 4 7 9 9 6 6 6 9 6 6 6 2 6 9 4 9 7 2 9 0 0 7 4 3 6 0 0 4 4 1 6 7 5 7 5 3 6 3 1 6 7 1 1 1 0 4 4 0 4 5 4 7 0 9 1 4 0 5 1 7 3 3 9 4 1 0 4 0 3 7 9 7 7 4 4 4 0 4 3 1 4 6 2 0 4 9 9 7 7 9 3 2 7 9 9 3 2 6 4 0 4 1 4 0 3 2
split_gain=658.772 298.096 376.408 214.589 490.607 226.498 132.947 155.933 88.9194 65.587 108.498 119.834 51.3023 145.812 97.1007 132.991 88.1461 80.6666 62.149 53.58 43.239 52.779 42.3511 42.0675 70.9865 38.7036 35.2489 27.2052 84.1908 30.5201 81.7316 26.2576 28.729 31.6087 30.2409 22.8314 22.4364 21.8622 20.3969 18.2291 15.6308 14.1319 13.6074 12.6785 11.3617 10.7838 10.388 10.1291 9.85358 12.2486 12.7041 64.8772 123.39 29.836 41.8139 9.67528 9.62617 9.56869 9.40445 9.74024 9.26091 9.2258 9.15801 8.88258 8.87822 8.85414 8.52442 8.35531 8.11178 7.96631 12.5224 8.206 7.3633 7.21361 7.20968 6.83639 6.94224 6.60139 6.59386 6.46736 6.79145 6.28633 6.14563 6.07634 5.94113 6.05545 5.90998 6.2337 5.86712 5.75836 11.4982 138.586 131.691 11.8637 10.4456 8.53636 5.56659 5.5434 5.5157 5.50302 6.1505 5.34843 5.2959 5.2307 5.07922 20.4163 5.52771 17.076 8.12253 5.00819 5.00056 4.94929 4.80778 7.84947 4.77356 10.0635 4.72422 4.70889 4.81519 4.6344 4.61322 4.60015 6.96127 6.0359 4.51824 5.10723
threshold=1.5000000000000002 1.5000000000000002 1.0000000180025095e-35 1.5000000000000002 1.0000000180025095e-35 1.5000000000000002 1.0000000180025095e-35 3.5000000000000004 1.0000000180025095e-35 1.0000000180025095e-35 1.5000000000000002 1.0000000180025095e-35 1.0000000180025095e-35 1.0000000180025095e-35 1.0000000180025095e-35 1.5000000000000002 1.5000000000000002 1.5000000000000002 1.0000000180025095e-35 1.5000000000000002 3.5000000000000004 1.0000000180025095e-35 1.0000000180025095e-35 1.5000000000000002 1.5000000000000002 1.5000000000000002 1.5000000000000002 1.5000000000000002 1.0000000180025095e-35 1.5000000000000002 1.0000000180025095e-35 2.5000000000000004 1.5000000000000002 1.0000000180025095e-35 3.5000000000000004 2.5000000000000004 1.0000000180025095e-35 3.5000000000000004 1.5000000000000002 2.5000000000000004 2.5000000000000004 1.5000000000000002 3.5000000000000004 2.5000000000000004 1.0000000180025095e-35 2.5000000000000004 2.5000000000000004 3.5000000000000004 3.5000000000000004 3.5000000000000004 1.0000000180025095e-35 1.5000000000000002 1.0000000180025095e-35 1.0000000180025095e-35 1.0000000180025095e-35 2.5000000000000004 1.5000000000000002 3.5000000000000004 3.5000000000000004 1.0000000180025095e-35 1.0000000180025095e-35 2.5000000000000004 2.5000000000000004 2.5000000000000004 2.5000000000000004 3.5000000000000004 3.5000000000000004 2.5000000000000004 3.5000000000000004 1.0000000180025095e-35 3.5000000000000004 1.0000000180025095e-35 3.5000000000000004 1.0000000180025095e-35 3.5000000000000004 3.5000000000000004 2.5000000000000004 1.0000000180025095e-35 3.5000000000000004 1.5000000000000002 2.5000000000000004 3.5000000000000004 1.5000000000000002 3.5000000000000004 3.5000000000000004 3.5000000000000004 2.5000000000000004 3.5000000000000004 3.5000000000000004 1.0000000180025095e-35 1.5000000000000002 1.5000000000000002 1.5000000000000002 3.5000000000000004 3.5000000000000004 3.5000000000000004 2.5000000000000004 3.5000000000000004 2.5000000000000004 2.5000000000000004 3.5000000000000004 1.0000000180025095e-35 2.5000000000000004 2.5000000000000004 3.5000000000000004 1.5000000000000002 1.5000000000000002 1.5000000000000002 1.0000000180025095e-35 2.5000000000000004 2.5000000000000004 2.5000000000000004 1.5000000000000002 1.5000000000000002 1.5000000000000002 2.5000000000000004 2.5000000000000004 1.0000000180025095e-35 3.5000000000000004 3.5000000000000004 3.5000000000000004 2.5000000000000004 3.5000000000000004 2.5000000000000004 2.5000000000000004 2.5000000000000004
decision_type=2 2 2 2 2 2 2 2 2 2 2 2 2 2 2 2 2 2 2 2 2 2 2 2 2 2 2 2 2 2 2 2 2 2 2 2 2 2 2 2 2 2 2 2 2 2 2 2 2 2 2 2 2 2 2 2 2 2 2 2 2 2 2 2 2 2 2 2 2 2 2 2 2 2 2 2 2 2 2 2 2 2 2 2 2 2 2 2 2 2 2 2 2 2 2 2 2 2 2 2 2 2 2 2 2 2 2 2 2 2 2 2 2 2 2 2 2 2 2 2 2 2 2 2 2 2
left_child=9 2 8 5 68 22 -7 -8 44 26 12 43 14 16 18 17 47 119 42 -18 21 38 63 31 58 -6 39 29 -29 30 65 -4 33 75 55 88 66 40 116 61 -23 69 45 -12 -2 -11 -38 60 49 50 53 124 -53 54 57 -34 -46 -41 59 -25 78 -1 -45 -3 -13 -10 111 -43 -5 -28 -71 -72 83 -36 -57 76 -33 -55 -14 80 -42 104 -39 -17 85 89 -82 102 110 114 91 95 -92 -93 -94 -91 -30 -69 -47 -20 112 -78 -88 -26 106 -106 107 -64 -108 -98 -27 -19 -101 -114 115 -66 -15 118 -24 121 -119 122 -16 -123 -52 -126
right_child=1 3 23 4 25 6 7 -9 27 10 11 64 13 20 15 72 19 36 99 -21 -22 37 117 24 103 35 41 28 96 -31 -32 32 34 -35 73 -37 46 82 -40 48 79 67 -44 62 56 98 -48 -49 -50 -51 51 52 -54 77 -56 74 -58 -59 -60 -61 -62 -63 81 -65 84 -67 -68 97 -70 70 71 -73 -74 -75 -76 -77 101 -79 -80 -81 86 -83 -84 -85 -86 -87 87 -89 -90 90 92 93 94 -95 -96 -97 109 -99 -100 100 -102 -103 -104 -105 105 -107 108 -109 -110 -111 -112 -113 113 -115 -116 -117 -118 120 -120 -121 -122 123 -124 -125 125 -127
leaf_value=0.020472789729822482 0.02858827813551237 -0.017170670808050664 -0.0090838873502335563 -0.037523384877053881 -0.0033740885962426173 -0.011710103438495646 -0.031703912413017614 0.015261746653678028 -0.028542484020192268 -0.027899961694639732 -0.014844334170383888 0.0051459597374690176 0.017953452359482782 -0.013680121641216243 -0.015928149094485693 0.02521203685578044 -0.020703305938406382 0.028295250327438234 0.018947685338232191 0.012811775642069423 0.00054771805659333721 0.0012371046710883112 -0.0055808878142836931 0.02703377525652409 0.021527071489272617 -0.0040333928128236749 0.0043627838058418944 -0.024304529435283252 -0.022685570782423531 -0.030822963033655892 0.025429550089147157 -0.018700175320978223 -0.0030641889085015464 0.0067569387842022939 -0.031037526602111246 -0.018390833804226882 -0.024612072148716461 -0.004574000273171259 0.00068826881952284424 0.0091595217507777493 -0.0018636571111196381 -0.0069132261727725686 0.00063703702642074159 -0.03412677918218214 -0.0013544509517355845 -0.010595731001505666 0.01603804568024287 -0.00536308823189634 0.00082190212222007586 -0.024012826666940407 -0.0049350987250495462 -0.033538151573101992 0.027804804272018209 0.028675553275276124 -0.011653582985176027 0.030331305014798804 0.020123292030220039 -0.043842893443548914 -0.035776122902556037 0.012210507093161863 0.0061015060661639905 -0.019378675203724167 -0.0019831049021942814 0.022127312549371701 0.033795308957307001 -0.00089267498827444675 -0.02923289325308653 0.028990017483071531 -0.0076377313046036887 0.019237951339514489 0.021587905070233358 -0.037922213203529134 -0.030151121607674872 0.0038965510997300452 -0.0010915263804647812 0.0014843978540674348 0.017456277713069613 0.014803639424556859 -0.0025550214107238943 0.029013987426671353 -0.0086310891516870273 -0.015253037048608246 -0.063893277358355344 0.0016838933388724508 0.01390929639109263 0.016425214593835263 0.0020091840201574263 0.00092940721449123048 -0.02403653241806325 -0.019073750384159135 0.010209177096061423 0.013556101084884406 -0.018586966333669991 -0.0091635008204102048 0.012573597444755806 0.008612659700119386 0.0098512239053332173 0.011734517170583072 0.012703916727071541 -0.0016670447359039553 0.012670357907196781 0.029058080241488121 0.024350307078170583 -0.0094327154514470424 0.017182755656301337 -0.027259115488856012 0.02912146657481416 0.017408220914002834 0.014499384181950493 -0.022386796917608462 0.011688954546529419 -0.0020778327289649344 0.0061838765131283059 -0.012893434621680184 -0.0041846544842761837 -0.013482121929826479 0.017247446371011652 -0.0025465857114276122 -0.021270552394696426 0.0079301128839236214 0.010959406545613708 -0.00032445615960910874 0.039200386790715747 -0.017855769857986186 -0.010886273997612909 0.021196133078306423
leaf_weight=16.67096554255113 63.863293302245438 14.63687096396461 104.1896934164688 831.02305106911808 719.07620503776707 1618.7166214644676 3216.4374938914552 186.43600966711529 292.80241773591843 15.684684546664355 43.657891472335905 183.76390420133248 299.09438492264599 12.040361617691813 13.869126003468409 366.60053399781464 571.1002275198698 12.729091210290788 26.821634182240814 149.92133218911476 358.29907343490049 75.408607446006499 378.99561353237368 135.75719761569053 13.051830177195368 51.480424047447741 167.71085369528737 551.84780456125736 13.884377778507767 658.47506471653469 101.32682057050988 8.6019155026879144 23.668145213276148 900.62497539399192 18.62918005976826 67.133287208620459 15.747191481757907 9.6362124928273278 429.41725794272497 1003.7423704942921 27.634464473696426 18.789909296669066 271.23837175779045 9.607288667932151 174.62005745247006 24.901588767068461 288.76731168408878 155.09725572774187 340.63248003763147 25.666766176000237 17.038603563793004 177.4728247532621 150.64389318577014 121.35035144817084 334.40229550027288 602.89660124172224 73.327569463523105 7.6156010106205931 8.3383346479386073 612.65741428860929 1367.8433778627077 83.757843618746847 184.08240760257468 225.95565585815348 10.55418026819825 32.191715504974127 27.811723438091576 376.99044336960651 23.937111906707287 413.84666031319648 8.0895292605273426 15.625151281012222 5.6954411314800373 59.085789684206247 18.752925764769316 36.105187451932579 160.5738440520945 307.34674253733829 44.815187656786293 570.68586453644093 14.060873971320687 19.052582163363695 7.2465902483090749 29.815895836567506 36.036626962013543 28.374794459436089 27.247632536105812 30.234724405221641 10.931555598042904 710.54213694948703 637.7859472897253 758.03620433993638 1175.8795147056226 61.482916455250233 26.86801223619841 28.431710852077231 314.50562300928868 55.236590657848865 3128.353779128287 538.0781819105614 53.613928741775453 290.56628247827757 1353.4876031597378 583.63308483874425 80.850101755931973 36.776945993769914 115.17570993467234 294.43475999601651 562.87708355486393 11.60283175203949 1924.3283052189508 584.27641964051872 66.153475560131483 278.71935615106486 240.78147101431387 573.76894548628479 395.00248167605605 403.53771936299745 55.435508937109262 18.714117082767189 73.938812567153946 51.153937770985067 8.3387179244309664 1242.4287466035457 12.000881142448632 941.48602339753415
leaf_count=231 997 331 1227 4956 9625 13865 16373 2538 2238 195 463 2231 5000 197 248 6572 4873 106 302 2659 4007 1323 3794 2574 114 649 1859 3695 167 4051 2185 125 233 11527 244 668 167 183 5456 14096 473 546 3276 291 1892 782 5783 1819 3690 574 347 618 2339 2701 2638 11675 824 88 128 9039 19918 996 2253 4086 124 293 264 6379 239 6739 232 294 105 543 96 547 2782 4965 505 11363 93 187 191 357 350 440 330 297 215 5980 8700 10722 8448 774 551 879 5301 684 42611 6840 951 5816 25680 5279 1065 398 2368 5286 8085 99 28541 7805 1677 2504 2627 5663 6892 6138 425 278 797 638 34 10785 315 16517
internal_value=9.32657e-06 -0.00792402 0.000991562 -0.0132587 -0.00360626 -0.018929 -0.0235161 -0.029127 -0.0148405 0.00532517 0.00401499 -0.00165728 0.00656014 0.0100029 0.00368675 -0.00384354 0.00111041 -0.00855183 0.00824547 -0.0137265 0.0169521 0.0189422 0.00106059 0.0111213 0.00416694 0.00660574 0.0106785 -0.0187541 -0.0122624 -0.0240748 -0.0136042 0.0153503 0.0165552 0.0123513 0.0246463 0.0100997 0.00275733 0.0231454 0.00829637 0.00828245 0.0236056 0.0186928 0.0113881 0.0114143 0.00994907 0.0123078 0.0138622 0.00684504 0.00889648 0.00978353 0.0100735 0.0138325 -0.00537566 0.00731626 0.00365068 0.0281902 0.00505266 0.0087175 0.0143266 0.0149318 0.00795367 -0.0126268 0.0123049 0.0196754 -0.00559452 -0.0258148 -0.00266833 0.0253996 -0.0366965 0.0136615 0.0172075 -0.0175701 0.022619 -0.00476547 0.0293832 0.0224785 0.0241204 0.0187879 0.0152813 0.0244382 0.0226219 0.0126759 -0.0321846 0.0234511 -0.00605584 -0.00622826 0.0230977 0.0234197 0.0110712 -0.00638428 -0.00547173 -0.00230927 -0.00814687 0.0118425 -0.017881 -0.0179983 0.00729728 0.026817 0.0125166 -0.00297682 -0.00362424 0.0249764 0.0239112 -0.00872062 0.0131052 0.00317503 0.0141115 0.00995993 0.0170224 0.00863927 0.0112775 -0.001384 -0.00462689 -0.00922673 -0.0101324 -0.0125719 0.0163013 -0.0038668 -0.00762722 -0.0164235 -0.000436605 -0.0167757 0.00556897 -0.0171633 0.0203253 0.0207814
internal_weight=39050.3 15667.6 5865.58 9802 3627.91 6174.09 5021.59 3402.87 2288.45 23382.7 18786.6 5818.82 12967.8 5898.27 7069.51 2665.95 2587.87 2263.84 4403.57 721.022 3310.4 2952.1 1152.5 3577.13 1353.44 2772.95 4596.12 1976.64 891.841 1084.8 426.321 2223.69 2119.5 1396.47 723.033 2053.87 929.332 2115.64 836.46 3539.83 2098.76 1056.29 3440.18 1346.51 311.811 3168.94 304.515 1866.85 3439.4 3098.77 3073.1 1298.64 328.117 1774.46 1345.76 645.318 247.948 1011.36 756.753 748.415 1711.75 100.429 1302.86 240.593 4472.31 324.994 624.817 451.017 854.96 605.272 437.561 23.7147 402.112 77.715 621.65 495.847 459.742 428.697 343.91 2023.35 1452.67 1293.25 16.8828 396.416 4288.54 4252.51 1425.03 1410.97 1986.74 4224.13 3399.03 1558.49 1840.53 819.519 1202.75 738.974 339.993 432.227 3153.26 963.387 936.565 451.14 1380.74 596.685 1274.2 117.627 1156.57 478.517 678.053 326.108 1975.81 597.006 882.951 344.873 825.105 584.323 407.043 911.908 434.431 1334.5 477.477 1315.79 22.2078 1293.58 970.526 953.487
internal_count=485203 166931 73691 93240 44893 48347 32776 18911 21742 318272 251424 67885 183539 91259 92280 33142 34774 26108 59138 7532 56485 52478 15571 51949 17134 39698 66848 18029 9262 8767 4716 34815 33588 20797 12791 30073 14125 39933 12545 50115 39559 16733 46864 20396 3713 43588 5950 27242 48888 45198 44624 20136 2957 24488 16822 12004 2716 14184 11741 11613 25423 1227 19933 4417 47489 2531 8175 7609 5195 9124 7265 526 7034 787 11771 9270 8723 7666 5505 38236 26873 19642 374 6929 45258 44908 26400 26307 29405 44468 36054 18355 17699 11496 8999 6859 5567 7063 43393 12274 11972 8598 26010 5393 19455 1463 17992 7539 10453 5400 29190 7911 11021 4181 8414 5787 7089 11154 4219 11983 6935 11705 282 11423 17179 16832
is_linear=0
shrinkage=0.05


Tree=8
num_leaves=127
num_cat=0
split_feature=9 6 6 8 7 8 6 7 9 7 9 7 4 4 8 4 7 7 8 6 7 7 6 8 6 7 7 8 2 7 8 2 0 9 4 7 9 0 1 2 4 1 8 7 8 9 9 7 7 4 7 7 8 7 8 6 6 7 6 3 6 6 8 8 4 6 9 8 6 6 0 6 3 2 9 9 7 3 3 0 3 2 7 3 2 0 0 9 8 1 4 2 0 6 0 2 3 4 2 2 7 3 4 7 1 8 0 1 7 0 3 4 1 2 3 3 0 1 2 3 1 9 1 2 2 2
split_gain=555.769 144.942 44.2154 88.478 101.78 50.8333 238.316 283.658 115.501 99.749 89.7491 73.5643 88.4101 50.1114 48.4237 43.4764 38.0624 37.3038 34.5149 101.523 47.0946 34.1704 130.973 90.105 79.9607 50.2796 33.5171 31.4976 39.3538 30.2629 26.7192 26.3418 25.5621 25.4603 23.4556 25.2443 92.1755 21.3861 20.6739 20.1649 20.0555 18.753 18.6867 34.2649 18.628 110.718 103.517 84.1249 38.4691 32.5228 18.1127 17.9833 103.531 134.836 97.0984 58.0598 46.5745 44.4687 52.6004 17.5547 17.4426 17.2424 16.9191 15.81 15.0391 13.7053 13.3121 13.1523 12.744 12.2322 12.1278 11.6681 11.1999 11.0531 10.9131 18.0556 10.8075 14.2362 10.722 10.6659 12.642 10.3979 10.2583 10.2556 10.2542 9.49069 8.7427 8.08284 7.96129 17.294 7.9207 7.90891 7.53402 7.51674 7.47487 7.35712 7.16952 7.01833 6.80083 6.45214 6.43383 6.42017 6.32527 6.22748 6.17708 6.1661 5.95623 5.8867 5.79175 5.72857 5.58635 5.46843 5.46732 6.10184 5.05533 5.0089 4.88247 4.83326 4.75498 4.63625 4.21732 4.21156 4.19124 4.12122 4.09822 3.88407
threshold=1.0000000180025095e-35 1.0000000180025095e-35 1.5000000000000002 1.5000000000000002 1.0000000180025095e-35 1.5000000000000002 1.0000000180025095e-35 1.5000000000000002 1.5000000000000002 1.5000000000000002 1.5000000000000002 1.0000000180025095e-35 3.5000000000000004 3.5000000000000004 1.0000000180025095e-35 3.5000000000000004 1.0000000180025095e-35 1.5000000000000002 1.0000000180025095e-35 1.5000000000000002 1.5000000000000002 1.5000000000000002 1.0000000180025095e-35 1.0000000180025095e-35 1.0000000180025095e-35 1.0000000180025095e-35 1.0000000180025095e-35 1.0000000180025095e-35 2.5000000000000004 1.0000000180025095e-35 1.0000000180025095e-35 2.5000000000000004 2.5000000000000004 1.5000000000000002 3.5000000000000004 1.0000000180025095e-35 1.5000000000000002 3.5000000000000004 2.5000000000000004 2.5000000000000004 3.5000000000000004 2.5000000000000004 1.0000000180025095e-35 1.0000000180025095e-35 1.0000000180025095e-35 1.5000000000000002 1.5000000000000002 1.5000000000000002 1.5000000000000002 3.5000000000000004 1.5000000000000002 1.0000000180025095e-35 1.5000000000000002 1.5000000000000002 1.5000000000000002 1.5000000000000002 1.5000000000000002 1.5000000000000002 1.5000000000000002 2.5000000000000004 1.0000000180025095e-35 1.5000000000000002 1.0000000180025095e-35 1.0000000180025095e-35 3.5000000000000004 1.5000000000000002 1.5000000000000002 1.5000000000000002 1.5000000000000002 1.0000000180025095e-35 3.5000000000000004 1.0000000180025095e-35 2.5000000000000004 2.5000000000000004 1.5000000000000002 2.5000000000000004 1.0000000180025095e-35 2.5000000000000004 2.5000000000000004 2.5000000000000004 3.5000000000000004 2.5000000000000004 1.5000000000000002 2.5000000000000004 2.5000000000000004 2.5000000000000004 3.5000000000000004 2.5000000000000004 1.0000000180025095e-35 3.5000000000000004 3.5000000000000004 2.5000000000000004 2.5000000000000004 1.0000000180025095e-35 2.5000000000000004 2.5000000000000004 2.5000000000000004 3.5000000000000004 3.5000000000000004 3.5000000000000004 1.5000000000000002 2.5000000000000004 3.5000000000000004 1.5000000000000002 2.5000000000000004 1.0000000180025095e-35 3.5000000000000004 2.5000000000000004 1.5000000000000002 2.5000000000000004 2.5000000000000004 3.5000000000000004 3.5000000000000004 3.5000000000000004 2.5000000000000004 2.5000000000000004 2.5000000000000004 2.5000000000000004 3.5000000000000004 2.5000000000000004 2.5000000000000004 1.5000000000000002 3.5000000000000004 2.5000000000000004 2.5000000000000004 2.5000000000000004
decision_type=2 2 2 2 2 2 2 2 2 2 2 2 2 2 2 2 2 2 2 2 2 2 2 2 2 2 2 2 2 2 2 2 2 2 2 2 2 2 2 2 2 2 2 2 2 2 2 2 2 2 2 2 2 2 2 2 2 2 2 2 2 2 2 2 2 2 2 2 2 2 2 2 2 2 2 2 2 2 2 2 2 2 2 2 2 2 2 2 2 2 2 2 2 2 2 2 2 2 2 2 2 2 2 2 2 2 2 2 2 2 2 2 2 2 2 2 2 2 2 2 2 2 2 2 2 2
left_child=1 16 5 4 66 8 9 34 11 40 90 14 41 26 60 18 -1 30 19 20 29 24 62 -24 25 63 33 28 -27 -3 83 -20 108 -5 35 36 116 39 -37 -25 85 -13 43 -26 45 49 47 64 110 94 -14 54 57 55 56 106 -33 58 -53 -48 -2 -59 -23 -10 114 -56 123 -32 117 79 82 105 93 -45 103 -76 77 -44 -78 -43 81 -81 98 -18 -65 -7 112 -80 101 -90 -11 -61 -74 -16 -6 -68 -83 -9 119 -17 -93 -71 115 -15 -41 -52 -54 -29 -28 -102 -47 -49 113 121 -46 -86 -8 -55 -40 -34 -19 -87 -106 -4 -38 -94
right_child=2 15 3 13 44 6 7 97 21 10 -12 12 50 74 72 99 17 120 31 -21 -22 22 23 37 42 27 32 107 -30 -31 67 51 70 -35 -36 38 124 -39 118 104 -42 69 76 73 46 48 59 111 -50 -51 71 52 53 68 65 -57 -58 61 -60 91 -62 -63 -64 84 -66 -67 95 -69 -70 88 -72 -73 92 -75 75 -77 78 -79 87 80 -82 96 -84 -85 102 86 -88 -89 89 -91 -92 100 125 -95 -96 -97 -98 -99 -100 -101 109 -103 -104 -105 122 -107 -108 -109 -110 -111 -112 -113 -114 -115 -116 -117 -118 -119 -120 -121 -122 -123 -124 -125 -126 -127
leaf_value=0.0054371280480166317 -0.0012512143772201584 0.0077261353014487083 -0.010341778391499442 0.014596908666771314 -0.025995886135806626 -0.01468319959837616 0.0085030563029436877 0.020820785932900248 -0.0022359029393280278 -0.015741799907230118 0.024912739990561775 -0.0082956126104971762 0.00057097618970093698 -0.019982561195817018 0.0015789211149222961 0.0012565524130974978 -0.032735112209439837 -0.022841730180875833 0.0082511337157239739 0.0099934274060695209 0.019313521256691044 0.040158618949043608 0.0098839078996914506 0.0279668238262776 -0.0012555756332419865 0.020206855977879159 0.01034453079015637 0.019541918951704727 -0.031868413314592205 -0.029992906643658081 -0.0094776361636508856 0.019017900852897229 -0.0078148510180277124 -0.006767519016400156 0.0033635289640834929 0.01287457116520406 -0.013572454718117542 0.034346743517633609 -0.017105344875812781 0.0053496457085320604 0.0034194487650077072 -0.0067577927955115892 -0.043907447723143228 -0.01616566571220255 0.0096134358333240764 0.040790565684123536 -0.012841326439844841 0.0057680760190381118 -0.013832228650838796 -0.0083830018489208825 -0.058113693320825714 -0.019378844953902366 -0.0037378599751018843 0.040712213872726048 -0.025939500882184476 -0.026241206834539191 -0.014802141317199058 -0.032923494604180023 0.0062828133256718688 -0.017802460050856877 0.013464418727239594 -0.02214414798553567 0.013304017799885666 -0.03810876102328048 0.0038847055740015876 -0.039341603297975258 -0.034282956503938547 -0.022996002656532472 0.026696442616873074 -0.017556380157857245 -0.029548857415106274 -0.014465730474437173 -0.01167625779838611 0.026128423006604132 0.019112728892614762 -0.060806976457240862 0.023915460216850037 0.018531569728537294 0.002311729711517242 -0.0053659355654859762 -0.039163576625731056 -0.011223140754967442 0.020699998193312651 0.019947242299591522 -0.0047174612926187739 0.029912294208363849 -0.017788173093733657 -0.035098210649459338 0.013811402417321967 -0.043319771584771904 0.011269403069771873 0.017581532403441607 -0.0073100000666829314 -0.055306011511086488 0.020177619326964311 0.015670707700901572 0.027116411496497725 0.0057541924159465567 -0.025358447960892223 0.042976552067748273 -0.0048169874462942741 0.020442734919751994 -0.011329840561862717 -0.0026144661226747447 -0.029577006394472163 -0.010061263242595476 0.036559112011237183 -0.0067734728973772307 -0.014948982862704921 0.011823087007414915 0.0037661002907900484 -0.0043069293199046585 -0.01415086221759302 -0.012293103659308798 -0.018622295479131547 0.018995565970868086 -0.017353760706560147 0.0076198466553149885 0.0046867639131229237 0.014968580525286546 0.0098491966688710741 0.02322204265468706 -0.0010606154492446775 0.029964478501227371 0.024269058129436045 0.019774799985767977
leaf_weight=1425.4694590433501 2237.135208862368 59.701044821646065 6.0190555946901432 264.55889349943027 8.0918330708518607 14.818831821670754 18.328820375725627 724.79228095943108 1672.613485164009 441.32702294783667 213.71828496700618 70.385540868155658 191.11558602098376 127.83096563816071 20.710978422081102 390.43941683135927 9.5654658442363125 9.3086235085502249 107.64712242921814 501.5386062724283 64.821567190112546 84.075669122161344 230.28420255775563 15.483271112665532 189.42893348238431 40.077351815998554 31.830826307181269 21.831270938739181 329.12106168002356 460.0783514068462 412.81090143322945 173.53032905375585 22.350417092442513 292.76584258046933 200.41161303443369 58.774156889878213 6.8216165974736205 13.614355368539689 2825.2214444504352 13.023918944876639 129.72397801280022 27.979737671092153 8.6392520675435645 15.445133590139447 15.594513932242988 9.521514159627257 68.218056275043637 978.52532457513735 1283.3273406219669 128.96281030680984 27.667313575278968 691.44692855025642 569.90719673177227 10.795352698303757 865.83707206044346 509.34166584897321 243.28059512609616 524.13902270141989 280.04775395593606 19.904400965198874 220.27815656829625 1328.5286380994366 194.63534806133248 9.0927348863333446 85.711874313419685 251.317370722536 6.6418897844851008 321.42975041735917 236.75347347930074 10.574416138231753 12.499330497113986 117.38605128414929 20.081685630138963 390.34252097853459 60.031433296040632 7.0123306205496183 56.853450016584247 197.10675089154392 861.02732195198769 26.448616681154817 6.8630245761014512 11.917319049593059 1538.5669534372864 77.062779219355434 24.884604949969798 422.43783503840677 11.253302527591584 13.686837095301597 1215.1685690090526 12.446488446323199 28.223229272756726 570.83337058662437 13.115732350386677 7.0417482824996105 542.72396386659238 303.30480455595534 654.49862360709812 87.544103990774602 10.028281005099414 8.4951107339002174 53.942643445450813 708.21132522996049 22.471237316261977 86.673725910717621 675.39225453184918 9.3263761913403851 8.3257195251062495 313.88041773415171 72.702405294403434 1028.0475893616676 338.72296619066037 155.40794067387469 8.1309858770109695 9.9747355026192945 809.79357008601073 185.71279999637045 540.88906719931401 192.30309246468823 24.868484189733863 849.83106340549421 273.96353261778131 611.15888056915719 13.21277716103941 309.42713650176302 193.96883725363296 503.58892411144916
leaf_count=19521 25345 627 105 3773 231 503 121 13220 19345 4629 4113 1108 2572 1175 578 5261 59 100 1097 6528 1000 2373 3755 117 2826 251 340 131 2849 3290 3857 3006 198 2777 2804 455 166 66 24360 249 1712 293 120 258 196 86 792 13134 11122 1208 184 6515 6951 84 4838 3035 1937 3102 4384 427 3477 10735 3281 78 924 840 127 2883 4881 218 279 937 199 7334 979 313 439 3209 11923 374 122 244 26727 1740 505 8441 169 220 18883 296 479 8275 204 196 9723 4902 10711 874 140 62 372 11512 151 1240 6676 237 61 3873 710 14875 4788 1626 199 218 6755 3926 5277 2185 223 13054 3655 12009 126 7029 3601 9011
internal_value=-0.000174981 -0.0103052 0.00339812 0.00605308 0.00273555 0.00193075 -0.00158797 -0.00763847 0.00390668 0.0133895 -0.00187715 0.00865715 0.0140807 0.0126553 0.00310866 -0.0138045 4.08325e-05 -0.00692452 -0.0147094 -0.00650033 -0.0206435 -0.00128617 -0.00860589 -0.0173561 0.000800342 -0.00471061 0.0144922 -0.0161169 -0.0261762 -0.025654 -0.0123198 -0.0161957 0.0169298 0.00338203 -0.0132779 -0.0141876 -0.00606289 -0.0259424 -0.0163075 -0.0271333 0.0220226 0.0170811 0.00913113 0.0163032 0.00076368 -0.00277262 0.00292276 -0.00470477 -0.0098351 0.0141679 -0.00973377 -0.0166442 -0.0149953 -0.00450443 -0.021309 -0.0139494 -0.000710071 -0.0206656 -0.0119826 0.0118801 7.28091e-05 -0.0252099 0.0215196 -0.000505267 -0.0160097 -0.028987 0.0219285 -0.0154188 0.0188279 0.0177519 0.0179699 -0.0224122 0.0163001 0.0244828 -0.00751843 0.00998286 0.0053666 0.0157101 0.00306775 0.0232998 0.0245096 0.0251959 0.0182274 0.0138229 0.0114083 0.0242564 0.0248126 0.00168696 0.0156668 0.0131974 -0.0140977 0.0128954 0.0179045 -0.0142761 0.0194534 0.0144934 0.026415 0.0192062 0.0138966 0.0022502 0.0132756 0.0198601 0.0134947 -0.0130094 -0.0283873 -0.046583 -0.00309553 -0.00500923 -0.00722196 0.0109898 0.0048923 0.0043847 0.0252849 0.0256054 -0.0180778 0.0161845 -0.0164926 0.00956967 -0.0169136 0.0143765 0.00869837 0.0259827 -0.0290322 0.0291651 0.0229225 0.0190745
internal_weight=38383.6 10007.9 28375.7 10099.4 6722.72 18276.3 6572.39 4681.62 11703.9 1890.77 683.269 6111.94 3089.99 3376.68 3021.95 7478.28 2529.61 1104.14 7079.34 1086.14 584.601 5591.94 1239.72 961.011 4352.22 2619.68 3095.13 704.91 369.198 519.779 820.869 5993.2 2537.81 557.325 3869.28 3668.87 760.008 730.727 2908.86 717.112 1207.5 2744.49 1732.53 595.217 6097.33 2311.35 3785.98 2045.03 1631.57 679.779 345.495 5885.55 4351.59 1527.43 1533.97 1087.57 416.811 2824.16 971.495 1740.95 2457.41 1852.67 278.711 1914.77 911.1 1117.15 625.393 734.241 439.852 2674.11 2433.28 154.38 564.539 405.788 281.548 67.0438 1137.31 205.746 931.568 727.707 699.728 692.865 2420.78 86.6282 242.161 1077.77 1062.96 874.714 1946.4 1227.62 469.55 1672.73 536.786 27.7527 550.816 309.947 666.416 812.336 882.21 398.935 1652.82 718.786 233.069 214.505 701.629 36.9937 578.233 335.712 104.533 1081.99 348.244 1133.93 1051.7 1043.57 825.388 210.597 559.218 203.098 2850.09 872.181 283.272 1033.6 688.605 315.446 200.79 516.705
internal_count=484991 102234 382757 138402 86697 244355 83573 51101 160782 32472 9221 86701 47691 51705 39010 70419 31815 12294 65096 11445 4917 74081 16643 10989 57438 31109 47998 7104 3100 3917 8539 53651 41448 6550 37007 34203 9165 7234 25038 7168 23251 43761 26329 10418 74534 27158 47376 22635 15996 11162 3930 52554 41933 17197 10621 10047 4943 24736 10899 24741 28822 13837 5654 24005 7875 5678 12163 6740 7150 42653 40398 1358 10188 7592 3707 1292 15911 3329 12582 11744 11451 11329 40119 1799 4660 21539 21036 12143 30909 19179 5108 23949 9414 774 9954 5029 10955 14094 13392 5323 23522 11730 4582 2415 7051 421 7012 4004 1050 15247 4874 14760 20867 20668 6951 4431 5398 2269 24583 13252 3755 20450 6802 7134 3767 9215
is_linear=0
shrinkage=0.05


Tree=9
num_leaves=127
num_cat=0
split_feature=9 9 7 5 8 8 7 8 6 5 6 7 8 7 8 5 8 5 6 7 8 6 7 6 6 5 7 8 6 6 6 6 8 8 6 6 5 5 8 7 5 6 7 5 3 0 5 8 8 7 6 0 5 8 6 5 6 6 7 8 6 5 7 6 7 6 0 6 6 7 8 7 8 2 5 7 6 0 5 7 5 6 6 5 5 8 3 5 1 7 1 6 5 6 1 5 5 0 3 5 6 6 5 0 6 0 6 1 7 7 6 5 6 3 5 3 1 3 5 0 6 1 8 6 3 2
split_gain=430.431 220.941 268.092 321.511 263.74 247.416 177.75 260.353 148.965 145.806 209.772 131.392 107.312 102.574 95.5779 76.22 71.9128 163.985 126.537 63.8152 68.1493 61.02 59.9707 177.043 84.6294 57.4408 74.8606 53.5316 56.0917 48.1166 48.0722 46.8439 190.278 151.618 189.227 64.9137 214.035 54.2743 42.397 41.9518 40.0078 36.2378 102.019 71.0778 35.5493 32.3171 31.8892 30.8675 46.8319 29.4952 29.0757 26.4419 25.442 28.1388 25.1556 47.4658 24.5608 23.6292 43.6317 22.1179 21.8948 56.9258 42.9545 31.9662 26.6328 21.1104 20.7104 20.3723 17.0558 16.7806 16.3311 22.7168 16.2917 15.7154 15.3446 19.3683 16.0196 14.2818 14.1826 13.7478 34.9931 13.6918 13.242 12.5747 11.7773 11.6061 11.4965 11.4063 11.0164 10.9414 10.8377 10.6818 10.3549 10.152 10.112 9.87906 9.59075 9.08739 8.81248 10.2757 54.3479 13.7193 8.31212 9.54361 8.15511 8.10531 8.09824 7.7125 7.39516 6.88278 14.6858 6.85598 6.77181 9.87949 6.63392 6.44549 6.26478 5.97707 5.83672 5.82283 5.74007 5.65488 5.43846 5.33692 5.3243 5.16877
threshold=1.0000000180025095e-35 1.5000000000000002 1.0000000180025095e-35 1.5000000000000002 1.0000000180025095e-35 1.0000000180025095e-35 1.5000000000000002 1.5000000000000002 1.5000000000000002 1.0000000180025095e-35 1.5000000000000002 1.0000000180025095e-35 1.0000000180025095e-35 1.0000000180025095e-35 1.5000000000000002 1.5000000000000002 1.0000000180025095e-35 1.0000000180025095e-35 1.0000000180025095e-35 1.5000000000000002 1.5000000000000002 1.5000000000000002 1.5000000000000002 1.0000000180025095e-35 1.5000000000000002 1.5000000000000002 1.5000000000000002 1.5000000000000002 1.0000000180025095e-35 1.0000000180025095e-35 1.5000000000000002 1.0000000180025095e-35 1.5000000000000002 1.5000000000000002 1.5000000000000002 1.5000000000000002 1.0000000180025095e-35 1.0000000180025095e-35 1.5000000000000002 1.5000000000000002 1.0000000180025095e-35 1.0000000180025095e-35 1.5000000000000002 1.5000000000000002 2.5000000000000004 2.5000000000000004 1.0000000180025095e-35 1.5000000000000002 1.0000000180025095e-35 1.0000000180025095e-35 1.5000000000000002 2.5000000000000004 1.0000000180025095e-35 1.0000000180025095e-35 1.5000000000000002 1.5000000000000002 1.0000000180025095e-35 1.0000000180025095e-35 1.5000000000000002 1.5000000000000002 1.0000000180025095e-35 1.5000000000000002 1.5000000000000002 1.5000000000000002 1.5000000000000002 1.0000000180025095e-35 2.5000000000000004 1.5000000000000002 1.0000000180025095e-35 1.5000000000000002 1.5000000000000002 1.5000000000000002 1.5000000000000002 2.5000000000000004 1.0000000180025095e-35 1.0000000180025095e-35 1.0000000180025095e-35 2.5000000000000004 1.0000000180025095e-35 1.5000000000000002 1.5000000000000002 1.5000000000000002 1.0000000180025095e-35 1.5000000000000002 1.5000000000000002 1.0000000180025095e-35 2.5000000000000004 1.0000000180025095e-35 2.5000000000000004 1.0000000180025095e-35 2.5000000000000004 1.5000000000000002 1.0000000180025095e-35 1.0000000180025095e-35 2.5000000000000004 1.5000000000000002 1.0000000180025095e-35 3.5000000000000004 3.5000000000000004 1.0000000180025095e-35 1.0000000180025095e-35 1.0000000180025095e-35 1.5000000000000002 2.5000000000000004 1.5000000000000002 2.5000000000000004 1.0000000180025095e-35 2.5000000000000004 1.0000000180025095e-35 1.0000000180025095e-35 1.5000000000000002 1.5000000000000002 1.0000000180025095e-35 2.5000000000000004 2.5000000000000004 3.5000000000000004 2.5000000000000004 2.5000000000000004 1.5000000000000002 2.5000000000000004 1.0000000180025095e-35 3.5000000000000004 1.0000000180025095e-35 1.0000000180025095e-35 2.5000000000000004 2.5000000000000004
decision_type=2 2 2 2 2 2 2 2 2 2 2 2 2 2 2 2 2 2 2 2 2 2 2 2 2 2 2 2 2 2 2 2 2 2 2 2 2 2 2 2 2 2 2 2 2 2 2 2 2 2 2 2 2 2 2 2 2 2 2 2 2 2 2 2 2 2 2 2 2 2 2 2 2 2 2 2 2 2 2 2 2 2 2 2 2 2 2 2 2 2 2 2 2 2 2 2 2 2 2 2 2 2 2 2 2 2 2 2 2 2 2 2 2 2 2 2 2 2 2 2 2 2 2 2 2 2
left_child=25 2 12 6 57 22 7 8 16 10 11 68 90 72 49 27 40 18 -18 121 106 29 24 -24 -5 26 38 91 46 -22 -28 32 37 35 96 36 122 -8 77 116 -4 79 83 104 -27 -36 -29 48 -32 54 -45 -15 53 -37 -11 -56 89 95 -59 112 61 62 -51 69 105 -42 -58 -60 -6 84 -53 -72 -12 -9 75 -40 -76 -1 -10 -16 -81 -17 -19 109 -62 108 -71 -49 -87 -46 -2 94 -79 -94 -14 -3 -35 115 99 101 -101 -96 103 -69 -44 -65 -21 -85 -68 -43 125 -107 -41 -114 -83 -90 -13 -108 -88 -38 -77 -7 -33 -61 -80 -111
right_child=1 4 3 5 9 19 31 73 78 14 13 39 15 51 41 81 17 82 -20 20 21 -23 23 -25 -26 44 30 28 -30 -31 47 33 -34 34 45 52 119 -39 74 59 65 42 43 50 56 -47 -48 87 -50 60 -52 70 -54 -55 55 -57 66 58 67 123 63 -63 -64 64 -66 -67 85 102 -70 86 71 -73 -74 -75 76 120 -78 92 124 80 -82 114 -84 107 -86 88 118 -89 97 -91 -92 -93 93 -95 98 -97 -98 -99 -100 100 -102 -103 -104 -105 -106 111 117 -109 -110 110 -112 -113 113 -115 -116 -117 -118 -119 -120 -121 -122 -123 -124 -125 -126 -127
leaf_value=-0.013564833672570019 -0.011371744016579963 0.017414726794232793 -0.0045727828454742471 0.014928207307825906 -0.022927200804185643 0.0024972687110665394 0.001926072606574816 -0.018623438449315948 0.00061015194384584194 0.0069923423040618715 -0.00015630188713522286 -0.0076486722543318598 0.024147543917697384 0.022968956462343738 -0.012510832465340689 0.0096640029068385536 -0.040916402984836397 0.01373330037370811 0.01218386057103428 0.010732863224523754 0.025427770424340041 0.018436043108655927 -0.031855828787711933 0.019056789566105885 -0.038364120410393096 -0.021028922550097175 0.010128704580769764 -0.023514357991665166 0.012489316451612151 -0.02690380846119891 -0.018202057803357943 0.044956195196887261 0.015027374933421614 0.02345419243136122 0.015487586337308816 -0.021567698892543053 -0.0097653350897527417 -0.047627177987789364 0.027124674857367106 0.028237561847349376 0.018231273565375079 0.001714237311678652 0.0040112128280008061 0.0026955974207289045 -0.0044673127995033205 -0.037790618922453265 0.0024167915718646248 -0.032358481869588306 0.016309502973954133 0.011315719081212403 -0.015621890636934846 -0.025946696612760219 0.0069478611173119488 0.010184885358488112 0.014285166342254824 -0.029965476932048454 -0.026439621302655827 0.0044966316719779161 0.0074072384712665683 0.0013753124627628136 0.024478301409118369 0.037565580849541251 -0.027659330518951888 0.029652662204996329 0.012828424026176097 -0.031613795117948609 -0.019137121480732665 0.0005183161076646643 0.0051009393115613528 -0.016087864663163167 -0.040445726071027116 0.012307374982805968 0.031220621759745777 0.016408587648607764 0.012046286728865867 0.013834999009041643 0.032286300101523127 0.0071969862659249139 -0.019225554318213146 -0.019411026746001148 0.016430745122378104 0.025833116472384701 -0.00034972950632873497 -0.029846467184143816 0.0097539168547279408 -0.0052698229332262146 0.026479218721975385 -0.013321380056980062 0.027427449829301294 0.014335019313345449 0.013264322557565118 -0.0057136505396053376 0.023505230844483228 0.011213340170881266 -0.034809756518311676 0.031665820495501179 0.00173378915953223 -0.02412477533762088 0.0042064543438801007 0.013851601224850484 -0.024626942476392376 -0.0045552815610533162 0.021338055707987122 0.041816036994236271 0.017042013418436558 -0.0073391183351616002 0.01170197578727691 0.020185546745805732 0.017261039623790917 -0.012365194362141991 0.0027682406243212197 0.0055533275640317868 0.051358777839517047 -0.010906151152862836 0.076861860979989705 -0.016128254813521217 0.022280226508864784 0.033318871605158243 0.043199401287407901 -0.036413508084153473 -0.0072228305730899778 0.024071907832413877 0.023023480884408296 -0.013787296675270556 0.024002891810573582 0.020407013054658685
leaf_weight=64.79422502964735 44.958794340491295 1346.7053975262679 168.69607716053724 88.707684376044199 404.36099973379169 1449.994448620826 60.019041401334107 32.405732371844351 103.83587637892924 364.17116805142723 111.09258194314316 17.577177414204925 13.389790273737161 23.329722564667463 1044.9522334670182 283.5935531873256 528.10851263953373 230.62672300683334 141.88645713077858 50.199779477552511 57.960476643405855 409.85253563534934 351.94191198656335 329.8623495263746 449.22186101251282 53.559109894558787 569.77309838868678 247.57095967046916 531.07065141107887 172.29237110167742 172.89918569847941 36.844548490829766 169.1611577947624 63.521430973429233 28.500577444210649 206.15119987772778 22.248154901433736 684.54430531198159 123.57429849263281 67.244769026292488 21.044076701626182 285.83379118540324 291.32386703044176 262.23203485272825 118.61545502929948 1519.9369834768586 226.35515468753874 104.18772708019242 225.12397536146455 123.2082267026417 1237.7516516165342 871.62318081059493 556.60564757965039 104.47681269352324 96.166204396169633 160.68699345830828 20.419845033437014 1237.5196668439312 251.06035768589936 89.98648350359872 229.95728209405206 75.632844234351069 163.49967986997217 18.872228158637881 962.82267940789461 1124.0488784029149 13.674864197615532 16.176017356105149 62.293396260822192 11.428588243899865 417.50333823775873 21.023409212939441 64.907322697807103 891.68950610188767 129.83203014964238 48.492257111473009 416.32079624664038 1306.1448655950371 6.6401334935799232 124.12105057574809 148.42892702040263 143.67398001428228 597.30415109917521 7.0238670557737342 335.45319452369586 27.305694501847029 124.23148010310251 325.8113058488816 1086.7309350376017 219.4552500990103 1960.9452459884342 246.31890570744872 219.06734592234716 732.63904722384177 179.74412635085173 134.75736828893423 240.26790622575209 8.0041224882006627 40.492598699172959 118.9595611912664 392.48035324318334 47.686671925708652 455.79065646114759 103.70280199428089 204.26172886847053 302.70285171689466 35.537492380477488 358.4510485988576 392.70355640770867 11.939810654148458 266.47360118106008 155.25315232248977 6.9875327907502642 30.491362654836848 5.9992992635816327 7.953642218373715 572.46698171400931 524.1182002912974 101.4437151690363 519.84223470976576 92.496164291165769 30.041050957515836 140.57315879059024 161.58103180490434 232.73768955795094 278.44037760817446
leaf_count=914 381 22000 2245 1199 3380 18032 875 442 1513 5885 1603 172 136 212 10869 4328 2042 2745 2790 1152 1530 7971 1510 6065 1863 733 6477 959 8377 1731 821 895 3564 1394 240 2163 219 2583 2447 1372 280 3103 2972 3559 994 6571 2908 685 3694 1949 11244 5212 7446 1563 1045 1189 322 16523 3764 633 3937 1681 993 162 14342 5946 121 320 992 207 2737 167 867 15161 2814 1240 8505 19114 101 961 2487 3213 7309 207 3924 401 2099 2357 21874 3604 30581 3179 3969 12228 1361 2859 2939 140 296 2398 2796 674 8397 2406 3551 3080 352 7154 7130 121 2418 1848 53 976 17 151 12255 9679 3870 2976 1367 227 2597 1502 5391 4930
internal_value=-4.84831e-05 -0.00249255 -0.00636277 -0.010156 0.00209922 0.001616 -0.01567 -0.00816775 -0.0150036 -0.00182722 -0.0113416 0.00250453 0.00411296 -0.0242958 0.00176311 -0.00284778 -0.0187995 -0.0112991 -0.0296698 0.00998012 0.0182939 0.00688109 -0.0170973 -0.00723206 -0.0295645 0.0116732 0.00858291 -0.00688653 0.00134164 -0.0136776 -0.00103908 -0.022697 -0.0327705 -0.0200118 -0.0297258 -0.00866086 -0.0197525 -0.0436355 0.0128742 0.0132079 -0.0273361 -0.0029277 -5.63306e-05 -0.00699772 0.0188517 -0.0368006 -0.0111502 -0.00872672 0.00130982 0.0083371 -0.0124199 -0.0290289 0.000553608 -0.0108896 -0.00145266 -0.0134068 0.0199895 0.0139113 0.0104445 -0.000343059 0.010671 -0.000731237 -0.0109293 0.0125132 0.00804664 -0.0306827 0.0226419 0.0193315 -0.0191828 0.0205059 -0.0299716 -0.0378944 0.0115263 0.0151613 0.0227151 0.0127595 0.0275056 0.009431 0.0160582 -0.0099046 9.68765e-05 0.0161782 0.00358505 0.0114053 0.0157751 0.0233111 0.0316735 -0.0179984 0.0259266 0.00774432 0.0127068 -0.0148385 0.0100966 0.0140644 -0.0176629 0.0187315 0.00633751 0.0267032 -0.0184113 -0.0196548 -0.0156674 -0.0285138 0.02451 0.0362939 0.00940552 -0.00161548 0.0302419 0.0191452 0.0159923 0.00802984 0.0112628 -0.00296583 0.018859 0.00173551 0.028375 0.0270966 0.0213772 0.0319695 0.0341526 -0.0353398 6.6332e-05 0.00295114 0.0278047 -0.00837961 0.0227288 0.0190217
internal_weight=37559.2 31079.6 16864.7 12381.4 14214.9 3949.73 8431.72 4079.02 3154.93 10669.2 2922.47 1412.99 4483.24 1509.48 7746.76 2477.34 2811.71 1497.93 669.995 2730 1249.96 640.105 1219.73 681.804 537.93 6479.58 4531.16 2044.07 1005 230.253 1397.8 4352.69 913.725 3438.97 1852.23 1586.74 719.508 744.563 3133.36 946.335 1313.79 4521.23 3203.73 1995.57 1948.42 1548.44 473.926 828.022 398.023 3225.53 1499.98 1333.48 867.234 310.628 621.024 256.853 1894.86 3545.71 2064.25 356.291 2604.51 362.341 286.708 2242.17 1439.65 1145.09 1556.79 826.73 466.654 802.514 1310.15 438.527 176 924.095 810.716 264.563 546.153 2322.65 343.214 1317.5 272.55 433.267 827.931 1208.16 565.41 1536.37 237.104 429.999 1129.99 338.071 2005.9 1039.07 2257.85 951.706 792.753 1481.46 303.789 1102.69 779.363 738.871 511.44 227.431 575.669 119.879 495.586 476.828 609.855 365.475 406.378 842.688 556.854 457.956 104.724 37.4789 149.673 1094.68 590.044 559.656 225.675 542.09 140.988 1480.04 177.418 251.568 239.378 290.38
internal_count=485196 383094 194905 133301 188189 51311 81990 45965 30362 131920 32133 21335 61604 10798 99787 30642 23357 14886 4832 40674 22415 11232 10637 7575 3062 102102 66632 23084 12244 3261 14034 36025 7022 29003 11144 17859 6687 3458 52598 16963 8471 53576 39259 21326 35470 6811 3867 7557 4515 46211 14803 8328 11172 3726 8119 2234 34737 56269 31410 4536 38092 4623 2942 33469 19432 6226 30139 14887 4372 14037 8116 2904 2470 15603 16373 5054 11319 36225 7005 14317 3448 7558 10054 17933 7861 29817 6176 3042 22566 4598 30962 10840 35311 16197 7661 24859 4333 22165 7525 7229 5194 2035 11123 2726 6523 5090 11183 7361 7251 10572 7469 4928 2401 1029 3230 22025 12427 10031 5969 3195 2607 18259 3492 2135 5492 5051
is_linear=0
shrinkage=0.05


Tree=10
num_leaves=127
num_cat=0
split_feature=7 8 9 5 5 8 9 8 7 9 8 8 8 5 4 9 5 5 8 5 8 9 5 9 8 5 5 8 9 5 8 4 8 8 5 3 8 5 9 4 4 9 5 5 4 8 4 2 0 9 8 4 1 4 5 4 1 3 4 0 3 9 5 4 1 0 0 2 9 8 9 5 5 9 0 1 5 5 2 5 2 3 8 2 1 2 1 5 0 9 4 9 8 4 2 0 2 1 0 8 3 5 1 1 9 3 0 8 4 4 0 5 1 3 8 0 2 9 8 4 0 2 1 3 2 9
split_gain=589.415 314.457 274.985 243.816 234.687 192.411 79.8399 64.9888 48.22 72.5895 175.676 100.927 80.0832 71.4828 63.4381 79.8554 93.917 57.8427 77.4647 53.8052 76.5764 84.3995 127.961 76.2111 101.941 53.6562 51.737 129.601 46.3341 43.9499 70.3553 40.8784 37.4565 35.0274 32.9819 30.8044 27.442 26.8782 25.6257 24.4289 23.8519 20.8212 36.1656 23.4511 23.3801 18.5131 17.8951 17.6189 17.1789 16.9802 15.4341 14.2512 15.5169 14.2296 14.1617 13.6425 12.7515 12.3257 11.7542 11.4828 11.0935 10.9526 27.9573 10.9514 10.8643 11.7707 10.1991 18.8694 10.1217 40.7044 9.93944 27.6501 24.5308 44.0723 14.3457 8.95657 8.66002 8.65085 8.50097 8.302 8.19607 7.78981 7.33613 7.04003 6.67086 6.30216 6.27908 6.19749 6.16254 5.98349 5.95655 5.57341 9.37348 8.90804 5.52481 5.17505 5.10538 4.86206 4.83624 5.34894 4.79797 5.32611 5.7861 4.79356 4.77531 4.72691 4.62867 4.51997 7.82265 4.45414 4.2624 3.87459 3.80497 3.8039 3.78109 3.78009 3.71808 3.70408 3.64699 3.41346 3.32297 3.2555 5.4655 3.2395 3.1923 3.13603
threshold=1.0000000180025095e-35 1.5000000000000002 1.5000000000000002 1.0000000180025095e-35 1.0000000180025095e-35 1.0000000180025095e-35 1.0000000180025095e-35 1.0000000180025095e-35 1.5000000000000002 1.0000000180025095e-35 1.5000000000000002 1.5000000000000002 1.0000000180025095e-35 1.0000000180025095e-35 3.5000000000000004 1.5000000000000002 1.5000000000000002 1.5000000000000002 1.0000000180025095e-35 1.0000000180025095e-35 1.5000000000000002 1.5000000000000002 1.5000000000000002 1.5000000000000002 1.5000000000000002 1.5000000000000002 1.0000000180025095e-35 1.0000000180025095e-35 1.0000000180025095e-35 1.5000000000000002 1.0000000180025095e-35 3.5000000000000004 1.0000000180025095e-35 1.0000000180025095e-35 1.5000000000000002 2.5000000000000004 1.0000000180025095e-35 1.5000000000000002 1.0000000180025095e-35 3.5000000000000004 3.5000000000000004 1.5000000000000002 1.5000000000000002 1.5000000000000002 3.5000000000000004 1.0000000180025095e-35 3.5000000000000004 2.5000000000000004 2.5000000000000004 1.0000000180025095e-35 1.0000000180025095e-35 3.5000000000000004 2.5000000000000004 3.5000000000000004 1.5000000000000002 3.5000000000000004 2.5000000000000004 3.5000000000000004 3.5000000000000004 2.5000000000000004 2.5000000000000004 1.5000000000000002 1.5000000000000002 3.5000000000000004 2.5000000000000004 2.5000000000000004 2.5000000000000004 3.5000000000000004 1.0000000180025095e-35 1.0000000180025095e-35 1.0000000180025095e-35 1.0000000180025095e-35 1.0000000180025095e-35 1.5000000000000002 2.5000000000000004 3.5000000000000004 1.0000000180025095e-35 1.5000000000000002 2.5000000000000004 1.0000000180025095e-35 2.5000000000000004 2.5000000000000004 1.0000000180025095e-35 3.5000000000000004 3.5000000000000004 3.5000000000000004 3.5000000000000004 1.0000000180025095e-35 2.5000000000000004 2.5000000000000004 3.5000000000000004 1.0000000180025095e-35 1.0000000180025095e-35 3.5000000000000004 2.5000000000000004 2.5000000000000004 3.5000000000000004 2.5000000000000004 2.5000000000000004 1.0000000180025095e-35 2.5000000000000004 1.5000000000000002 2.5000000000000004 3.5000000000000004 1.5000000000000002 2.5000000000000004 2.5000000000000004 1.0000000180025095e-35 3.5000000000000004 3.5000000000000004 3.5000000000000004 1.5000000000000002 2.5000000000000004 2.5000000000000004 1.0000000180025095e-35 3.5000000000000004 2.5000000000000004 1.5000000000000002 1.0000000180025095e-35 3.5000000000000004 2.5000000000000004 2.5000000000000004 2.5000000000000004 2.5000000000000004 2.5000000000000004 2.5000000000000004
decision_type=2 2 2 2 2 2 2 2 2 2 2 2 2 2 2 2 2 2 2 2 2 2 2 2 2 2 2 2 2 2 2 2 2 2 2 2 2 2 2 2 2 2 2 2 2 2 2 2 2 2 2 2 2 2 2 2 2 2 2 2 2 2 2 2 2 2 2 2 2 2 2 2 2 2 2 2 2 2 2 2 2 2 2 2 2 2 2 2 2 2 2 2 2 2 2 2 2 2 2 2 2 2 2 2 2 2 2 2 2 2 2 2 2 2 2 2 2 2 2 2 2 2 2 2 2 2
left_child=1 2 4 5 38 31 7 -6 19 10 12 14 56 -12 15 16 32 26 -19 23 41 49 -23 24 45 40 27 -17 -26 30 95 -4 -11 111 36 -25 88 70 -1 64 -15 43 57 44 68 60 94 -37 82 63 -40 52 -30 61 -35 59 -10 107 -58 -49 -2 66 -63 78 -14 -66 -13 100 69 -21 71 90 73 -72 -74 80 -67 -9 -22 -55 -18 -64 -28 -54 114 98 -80 -34 -5 -56 -3 92 -45 103 -24 -8 -51 -32 -44 -100 -68 102 -102 -93 -39 -38 -82 108 121 -107 -20 -16 -109 -108 -61 -46 -71 -81 -95 -47 -89 -43 -123 -118 -122 -113
right_child=8 37 3 34 6 -7 29 77 9 11 13 53 39 25 33 17 75 18 110 20 21 22 46 35 28 -27 48 -29 51 -31 97 -33 87 54 -36 47 105 104 50 -41 -42 42 85 91 115 119 -48 55 -50 96 -52 -53 83 79 89 -57 58 -59 -60 84 -62 62 81 -65 65 76 67 -69 -70 116 72 -73 74 -75 -76 -77 -78 -79 86 117 106 -83 -84 -85 -86 -87 -88 120 -90 -91 -92 93 -94 118 -96 -97 -98 -99 99 -101 101 -103 -104 -105 -106 109 113 112 -110 -111 -112 125 -114 -115 -116 -117 123 -119 -120 -121 124 122 -124 -125 -126 -127
leaf_value=0.0086260720620508751 -0.057215247058325716 0.019554587046963237 -0.032646774005565905 -0.0079705578517504354 0.013604288624854275 0.019279699748033466 0.0026169009017100557 -0.02512805083147476 0.043678170489266796 0.01965395367721158 0.025616927093720543 -0.0034364565643714411 -0.01889202492647625 -0.027061438221131329 0.019735097086269901 -0.039833589882378624 -0.022484103439234196 0.0085484935771698821 -0.010657781648543529 -0.016096254613404512 -0.013041482240829612 0.011173417602989079 0.0021749191381387517 -0.021659380064176406 0.016856582567667748 0.00022450202828143266 0.016608401827423607 0.020497473693090934 0.025853904688738619 -0.019656969765569948 -0.016306888448367456 0.0015977532650483983 0.0064045444188982129 -0.0026820782587668782 0.016417215729399508 -0.012955336404882263 0.01199042311166724 0.012526117571356885 -0.0014885827031712907 -0.0053136989818053848 0.0077002649189053182 0.022981013223510011 0.014808597078305834 0.0117998940942008 0.0088399605870615513 0.022669036843522311 0.021743549774545966 -0.015371313187312489 0.021810718413034752 0.010091583832568196 0.014276516240408946 0.0077775584352510396 -0.02066682573585531 0.024540038474011337 -0.025976931759725781 0.00090766426961946714 -0.0070232454294951625 -0.029924227703933978 0.01855573043520618 0.016177404162003816 0.0046999626969870083 0.0069452939165810957 -0.033708687224344391 -0.0074642405981792462 -0.024775184616944036 0.013921887000591533 -0.0036190859011206501 -0.064841405660317833 -0.010288550271658484 -0.030466667580096168 0.012291084936442452 -0.0068264199926265333 -0.025093896846186015 -0.013734948128679828 0.01232553376572864 -0.029341945907695472 0.026849514851847792 -0.033898995169621443 0.022023822232857541 0.0057769554132325058 -0.0074047170799752026 0.020283884108607698 -0.015254026472192071 0.016230223150319158 -0.017462286829853468 0.022615480641858764 -0.024010598889725572 0.017911687007530663 0.014107798458591104 0.0035690994659824346 -0.01170554330120914 -0.0037297655758055416 -0.00063018672912483302 -0.0045230077253434692 -0.020450247758768247 -0.016497883048337197 -0.023601794334911195 0.01413154424379006 -0.0011685192728287013 -0.0085425978436428785 -0.016771994076794822 0.018182592111704348 0.025402976397638988 0.025634471546816119 0.022820803379170793 -0.014733820331215845 0.01272367370135976 -0.009671063560977293 -0.019658085224542834 0.00053404332685656568 0.011975821329972512 -0.00011862250191613173 0.011734907822730126 0.026918825022810813 0.024341816238875651 0.044123482163265476 -0.015165248349029421 -0.0074691915139192032 0.019891815502570218 0.0099655964383953393 0.024713437162042832 0.043481273251825395 0.0044384879396819291 0.0079857546305477697 -0.0027670266011027584 0.021411340510148119
leaf_weight=1153.0583315875847 6.5376029424369326 153.00217526592314 3038.9702051966451 38.176368977874517 94.507722137030214 196.36061566695571 38.194193003699183 605.43393786950037 12.889585505239664 339.04637013387401 99.808377375942655 43.532379584852606 14.732700539287178 772.92256583017297 48.471872171387076 149.02648234926164 8.1323436824604851 893.79002507613041 1367.0909232043778 356.52194483531639 17.609174110926688 816.64472575671971 27.963391097262502 47.165839157067239 123.87991063063964 287.53579564183019 27.82248014351353 217.9175826566061 18.314648143015802 586.60106202587485 12.764808386564253 89.625003336463124 325.63443789351732 102.30715822102502 239.35877430438995 40.501224943902344 19.184011440724134 242.58399889501743 2277.4198311443906 85.633871915750206 52.2905829094816 26.623079940211028 27.823755693156272 236.64932068064809 168.38714537024498 394.94934933132026 26.553228409495205 19.675840788520873 626.99102723458782 1259.1271707628621 165.60117575270124 55.805024160537869 589.34238415630534 43.196346126031131 284.99527191114612 83.875546167837456 519.21672150120139 20.535208963789046 48.198991861892864 180.03524663182907 179.78036873158999 750.88450572325382 5.8664650004357091 35.872545652557164 11.70356234279461 167.10456155007705 18.415409253910184 5.4156267903745166 1891.9926957916468 5.6961160711944094 312.86682286253199 499.2722039099317 25.416383803356439 336.66504161700141 953.45771884347778 6.7305340631864956 636.81661973358132 563.43666429654695 686.82013605826069 139.86746044107713 9.968194595538078 929.57263879384845 47.486618501367047 12.520342431962488 9.6297399103641492 19.424078998155892 6.7117005581967524 19.759327615611255 168.17663227708545 17.98714307253249 16.254313696175814 966.99666146398522 418.94138717022724 19.904414821183309 647.18211870046798 444.10670943994774 10.4301232220605 397.82765578606632 378.25251456117257 703.81056048115715 7.5888954373076549 551.81907639908604 671.77485843922477 13.113807359710334 218.69369981915224 394.22974743344821 52.462583267129958 20.749795886687934 29.966551372548565 54.258446903899312 20.336418904364109 108.91810461238492 630.15830554312561 941.61714089731686 864.02318458480295 7.0436889603734008 14.776781197637318 83.405497924657539 60.712752991123125 63.667935868725181 9.7301664594560844 8.1696345577947778 437.37395723746158 419.33835691283457 732.80510453099851 19.020440836437047
leaf_count=16110 132 2392 16453 389 1396 3693 469 4127 118 6841 1438 547 343 4820 678 719 145 11721 14709 3059 195 10724 381 501 2603 3499 349 3900 110 5569 131 1033 4025 1700 4861 408 260 3705 24632 1142 433 219 192 3813 2720 7509 355 317 9849 19699 3065 663 5005 458 1686 995 5074 212 584 3826 3176 9203 120 683 362 2465 214 116 20065 135 4511 4889 275 3135 15099 119 12073 2511 10188 2018 125 16497 418 72 260 163 120 304 3947 361 109 9715 5030 431 5275 4634 228 7617 4473 6251 182 9562 13043 116 4495 4264 416 186 337 308 86 1210 8773 15582 17012 29 157 1160 790 966 115 51 5737 7672 8751 268
internal_value=-7.53373e-05 -0.00858973 -0.0125103 -0.0223683 -0.00591657 -0.028652 -0.0169296 -0.0261575 0.004387 0.00663033 -0.000600344 0.00866425 0.010859 -0.0147384 0.00500813 0.00658814 0.013455 0.00157274 -0.00292531 0.002275 0.000646958 0.00662764 -0.00227565 0.0085782 0.000763445 -0.0183779 0.011163 -0.00404636 -0.0111565 -0.00903726 -0.00204629 -0.0316656 0.00516939 -0.0107202 0.000512646 0.0176399 -0.00515131 0.00644402 0.00248587 0.0200581 -0.0248521 -0.00242508 0.00145275 -0.00437477 -0.00714377 0.0155412 -0.0179215 0.0192042 0.0191042 0.013329 -0.000414535 -0.0163075 -0.0184838 0.0158326 -0.0188009 0.0203399 -0.00367107 0.00759619 -0.00482162 0.0218562 0.00223361 0.0168209 0.0141444 0.0193116 0.0226779 0.023451 0.0202831 0.0211079 -0.00829853 -0.00356352 0.004228 -0.000904502 0.00633437 -0.00119909 0.0113293 0.0250424 0.024183 -0.0293813 0.0206709 0.00474045 0.0254326 0.0199096 -0.00341926 -0.0198736 0.0225652 -0.00493257 0.0215444 0.000641456 0.0100044 -0.0242169 0.0165014 0.00024691 0.00386785 -0.00199258 -0.0195113 -0.0149819 0.00979642 0.0131479 -0.00543461 -0.00596833 0.021532 0.0219108 0.0249079 -0.00331115 0.0174457 -0.0118456 0.0258427 0.00828976 0.00471145 -0.0128896 -0.0103176 0.00784598 0.0110387 0.0261832 0.0229508 0.0104987 0.0066093 0.000817505 0.0138822 0.020931 -0.00182557 0.00629637 0.00525016 0.00716468 -0.00237417 0.00322344
internal_weight=38781.3 13335.5 10577.3 4238.34 6338.95 3324.96 2742.87 1263.38 25445.8 12338.2 2708.85 9629.39 1496.3 1212.56 6378.05 5796.35 2445.89 3350.46 2281.22 13107.6 10417.9 3534.91 1518.34 2689.7 1444.8 1112.75 1069.24 366.944 799.862 1479.49 892.893 3128.6 1426.98 581.7 913.384 1244.91 674.025 2758.21 3596.08 915.991 825.213 6882.96 2302.89 4580.08 2863.76 644.935 701.699 1197.74 702.3 2016.57 2443.02 675.982 620.177 3251.34 405.29 1157.24 580.305 1173.58 567.416 1073.36 186.318 2984.87 1686.32 747.014 830.357 815.625 1298.55 1255.01 2688.33 796.333 2296.93 668.529 1628.41 649.532 978.874 1018.91 803.921 1168.87 711.141 266.469 1012.18 935.439 75.3091 601.863 1053.69 1129.31 693.532 1087.93 206.353 302.982 169.256 1716.32 655.591 1060.73 675.146 482.301 1269.56 410.592 1109.89 1082.06 1249.6 1231.18 679.364 980.11 461.278 467.672 1004.05 1153.04 502.133 448.488 1387.43 176.41 650.908 994.08 1044.06 175.431 439.811 223.273 80.6172 458.617 762.295 472.167 445.544 434.115 742.535 127.939
internal_count=485356 144079 105469 35208 70261 21179 26454 8034 341277 169548 32351 137197 22161 10190 84077 78174 36423 41751 26516 171729 128174 47848 16735 43555 20236 8752 15235 4619 8453 18420 12851 17486 20036 5903 14029 23319 9168 38610 43807 16385 5253 80326 26594 53732 33837 11783 6011 22818 10616 31113 27697 5850 5187 53120 3747 22410 5776 15515 5658 21415 3308 49484 25820 11186 15243 14900 23664 23117 31088 11023 30410 7390 23020 7646 15374 16387 14538 6638 10503 3636 16268 16617 767 5077 21098 11079 10308 13195 4336 2047 2501 19895 8843 11052 5656 5103 19927 7748 10916 10724 23001 22787 13225 9831 8200 4832 16123 15303 6344 4572 14795 2156 8959 15998 20838 2749 7964 3178 1221 8475 9170 6007 5788 7829 8866 1478
is_linear=0
shrinkage=0.05


Tree=11
num_leaves=127
num_cat=0
split_feature=7 8 7 5 6 5 9 9 8 6 9 5 9 7 6 7 5 9 5 9 5 5 7 7 9 9 5 8 5 9 9 6 4 8 5 6 5 6 8 4 9 9 7 9 6 6 7 9 9 6 9 5 6 8 6 4 4 9 5 9 5 6 9 9 9 9 6 5 6 3 8 1 6 8 5 9 6 3 4 5 5 8 1 8 2 3 4 2 4 7 4 6 6 4 9 5 5 9 9 6 3 3 1 4 7 5 6 8 8 4 4 2 3 6 6 9 5 3 7 6 8 1 6 4 2 4
split_gain=645.804 272.339 314.454 198.808 178.507 195.745 225.504 146.978 110.238 96.1806 92.3728 234.332 83.7818 109.099 79.799 159.812 67.9025 59.3852 57.6067 59.1762 191.658 110.43 74.6633 72.2456 54.8642 75.3244 61.1542 50.3952 49.3015 313.748 145.954 95.3867 86.6288 82.8656 68.6281 120.809 56.8912 56.1951 48.8369 47.6581 51.4687 63.935 45.4472 132.48 43.9809 43.2761 37.374 150.173 100.069 36.5895 35.4004 34.265 31.4776 30.9357 30.9097 29.3559 29.2749 27.3996 47.2473 26.9224 53.0819 29.0819 27.3136 26.5374 23.684 23.2855 21.295 20.5901 18.6606 17.1107 16.05 15.6878 15.6697 15.5449 15.1118 14.7153 14.6868 14.6682 14.3838 14.069 13.803 13.603 13.5146 13.2714 11.9576 11.8059 11.624 11.1776 10.9929 10.7612 11.0284 10.547 9.56882 9.38976 9.24635 11.2952 9.17176 24.0635 10.0433 14.8391 9.12747 8.98651 8.95571 8.77558 9.13266 13.9582 8.66464 40.3855 24.8097 8.05591 7.69728 7.67306 7.86335 8.66582 7.63928 7.51502 6.92724 6.84949 6.67517 6.49365 8.43398 6.48891 6.31492 6.27992 8.58234 6.04372
threshold=1.0000000180025095e-35 1.5000000000000002 1.5000000000000002 1.0000000180025095e-35 1.5000000000000002 1.5000000000000002 1.5000000000000002 1.0000000180025095e-35 1.5000000000000002 1.5000000000000002 1.5000000000000002 1.5000000000000002 1.0000000180025095e-35 1.5000000000000002 1.0000000180025095e-35 1.5000000000000002 1.0000000180025095e-35 1.5000000000000002 1.5000000000000002 1.5000000000000002 1.0000000180025095e-35 1.0000000180025095e-35 1.5000000000000002 1.5000000000000002 1.0000000180025095e-35 1.5000000000000002 1.5000000000000002 1.0000000180025095e-35 1.5000000000000002 1.0000000180025095e-35 1.0000000180025095e-35 1.0000000180025095e-35 3.5000000000000004 1.0000000180025095e-35 1.0000000180025095e-35 1.0000000180025095e-35 1.0000000180025095e-35 1.5000000000000002 1.0000000180025095e-35 3.5000000000000004 1.5000000000000002 1.0000000180025095e-35 1.5000000000000002 1.0000000180025095e-35 1.5000000000000002 1.0000000180025095e-35 1.5000000000000002 1.0000000180025095e-35 1.0000000180025095e-35 1.0000000180025095e-35 1.0000000180025095e-35 1.5000000000000002 1.5000000000000002 1.0000000180025095e-35 1.5000000000000002 3.5000000000000004 3.5000000000000004 1.5000000000000002 1.0000000180025095e-35 1.0000000180025095e-35 1.0000000180025095e-35 1.0000000180025095e-35 1.5000000000000002 1.5000000000000002 1.5000000000000002 1.0000000180025095e-35 1.5000000000000002 1.5000000000000002 1.5000000000000002 2.5000000000000004 1.0000000180025095e-35 2.5000000000000004 1.5000000000000002 1.0000000180025095e-35 1.0000000180025095e-35 1.5000000000000002 1.5000000000000002 2.5000000000000004 3.5000000000000004 1.5000000000000002 1.0000000180025095e-35 1.0000000180025095e-35 2.5000000000000004 1.0000000180025095e-35 2.5000000000000004 2.5000000000000004 3.5000000000000004 2.5000000000000004 3.5000000000000004 1.5000000000000002 3.5000000000000004 1.0000000180025095e-35 1.0000000180025095e-35 3.5000000000000004 1.5000000000000002 1.0000000180025095e-35 1.0000000180025095e-35 1.0000000180025095e-35 1.0000000180025095e-35 1.5000000000000002 2.5000000000000004 3.5000000000000004 3.5000000000000004 3.5000000000000004 1.5000000000000002 1.0000000180025095e-35 1.5000000000000002 1.0000000180025095e-35 1.0000000180025095e-35 3.5000000000000004 3.5000000000000004 2.5000000000000004 3.5000000000000004 1.5000000000000002 1.0000000180025095e-35 1.0000000180025095e-35 1.0000000180025095e-35 2.5000000000000004 1.5000000000000002 1.5000000000000002 1.0000000180025095e-35 2.5000000000000004 1.0000000180025095e-35 3.5000000000000004 2.5000000000000004 3.5000000000000004
decision_type=2 2 2 2 2 2 2 2 2 2 2 2 2 2 2 2 2 2 2 2 2 2 2 2 2 2 2 2 2 2 2 2 2 2 2 2 2 2 2 2 2 2 2 2 2 2 2 2 2 2 2 2 2 2 2 2 2 2 2 2 2 2 2 2 2 2 2 2 2 2 2 2 2 2 2 2 2 2 2 2 2 2 2 2 2 2 2 2 2 2 2 2 2 2 2 2 2 2 2 2 2 2 2 2 2 2 2 2 2 2 2 2 2 2 2 2 2 2 2 2 2 2 2 2 2 2
left_child=8 2 3 7 14 17 12 9 56 83 28 16 13 -7 15 94 76 84 19 20 22 23 65 -21 125 26 74 52 30 44 33 38 68 109 35 -32 92 -38 -31 40 41 54 43 -20 81 -29 47 -22 78 64 -24 70 122 114 -5 -46 59 96 -59 60 -1 62 101 121 -10 -16 -47 -27 -33 -70 -42 -65 82 -57 -26 79 -12 -43 -48 111 117 -30 -55 -2 -6 -36 -84 -79 -76 90 -8 -87 -35 -14 116 -96 98 -98 -51 110 -74 -61 123 104 105 -19 108 -108 -9 -4 -100 -63 113 -113 -13 -86 -3 -64 -23 120 -89 -44 -18 124 -45 -17
right_child=1 4 10 39 5 6 89 106 49 -11 11 53 93 -15 18 24 27 103 42 21 46 118 50 -25 25 67 -28 45 29 31 34 32 -34 36 85 -37 37 -39 -40 -41 51 77 63 102 55 66 48 -49 -50 57 -52 -53 -54 72 -56 73 -58 58 -60 61 -62 75 80 71 -66 -67 -68 -69 69 -71 -72 -73 100 -75 88 -77 -78 87 -80 -81 -82 -83 86 -85 115 91 -88 119 -90 -91 -92 -93 -94 -95 95 -97 97 -99 99 -101 -102 -103 -104 -105 -106 -107 107 -109 -110 -111 -112 112 -114 -115 -116 -117 -118 -119 -120 -121 -122 -123 -124 -125 -126 -127
leaf_value=0.005152457114220947 -0.020247803199808945 0.017855650027118686 0.03408378250459073 0.017536257241551095 -0.020447718070589784 -0.041889632375892397 0.029075648943417538 0.010863791763311988 0.0040502492460206489 -0.043593513097453435 -0.00010762432544698694 0.020803501080408016 -0.012045679628950118 0.0085651167677029284 0.00012319693254972102 0.018695480326501961 0.013323581774208918 0.014964878729279618 -0.017908587297253597 -0.027805774703338754 -0.036807745029262352 -0.0021352523197745313 0.018429102390600704 0.017952069967312995 -0.0054145376232477213 0.014740341316042261 0.012184893292745566 0.019284388815755862 0.013842503505963539 0.035214496161043302 -0.04629674819888404 -0.018076799270281226 0.010203422187481362 -0.012923382511202059 -0.022735445271594629 0.0067251417882123812 0.0049471105119021129 -0.037911828089413631 -0.014219756867456523 -0.0014428391146306867 0.011444619642141177 -0.0042303883170339484 -0.036780829003455827 -0.025865409171461781 0.020283818349717944 -0.0328854477140966 0.025723464625681931 -0.00089321429634048452 -0.044447380614858534 -0.0078413560309902718 -0.025663548039971736 0.01802894718006786 0.0099555680958134281 -0.008901083316002853 0.00084015558588290272 -0.038608620474174515 0.0044781509539925613 0.022079025581644637 -0.014235696807779542 0.018206456631675916 0.026562738033743954 -0.028514451581030428 -0.0081414811194644356 0.015485778249650712 0.019386621053488654 0.032923533304747281 -0.0178612240197609 -0.010156912436348729 0.0003949414883661979 -0.029135158119680673 -0.00098287809721631721 -0.024284385035311794 -0.013029465328871011 0.01509387947669677 -0.039324656243395845 0.0073614648359580153 0.021376125774224236 0.0017692587166629186 -0.021150894196306863 0.028983971130014708 0.016798577559510319 -0.010742232004358972 0.043167472959204894 0.026277643444846885 0.031893088634723565 0.032736756754169226 -0.019927030434088222 0.033749022231931013 -0.0056398426456500117 0.0089196175280470934 -0.003643921805259956 0.015923568073918048 0.0067691891478961295 0.0046851214675786282 -0.0012509292158794114 0.028522808321511189 0.020939741448975088 0.0012163667775951601 0.016725085807145473 -0.013345458660192598 0.019333471264372928 -0.010961059803544249 -0.017839112933889911 -0.019409383310313708 0.012165247099379847 -0.0048346968144747015 -0.026724052450980685 0.016365819030415094 -0.0044519937395272159 0.0032777559469547423 -0.01357348205827681 0.020511511993262115 -0.022404169278584546 0.0084888029674888132 0.0069702657696702397 0.020585286679333303 0.0055643443006033119 0.032072815570074097 0.0073762113297553182 0.03394707022788717 0.023392603056249125 0.0052846770194814518 -0.022468096225076818 0.0046519382814743911 0.031966484561880081 -0.003017007189294089
leaf_weight=1127.0937566501088 19.023076995508745 184.42564072296955 68.798173398012295 732.01965398201719 14.912551561836151 562.67702176840976 135.57393991714343 378.2933097963687 541.02118855249137 325.84153599105775 197.03393346734811 111.84770186454989 1261.5686372772325 131.9105781619437 78.518303168006241 104.88460658001713 12.895856613293288 118.801596312318 387.03642858937383 923.55430352967232 916.67192314448766 526.14779193373397 58.304954555351287 94.460579687263817 38.993342175963335 117.6398646007292 74.796676317229867 57.703010181838181 72.776606689207256 106.61531191400718 136.72609465569258 585.49806872173212 177.11915423884057 121.22296184767038 16.929634890053421 487.56602239562199 89.536681736586615 515.02440497500356 92.470570158446208 452.64705167117063 411.20557381282561 36.897825624560937 8.8653679545968753 5.8750695572234681 687.94459116528742 454.9265857830178 60.862049026181921 426.34586915536784 770.89732555858791 269.49673053063452 197.17886488023214 654.00714145158418 238.40301998192444 15.158670663833616 445.96208952076267 33.113475114107132 571.05028357100673 105.1291185648879 575.277976622805 1632.7143111021724 388.88123981503304 9.7108616172336024 10.372684428002684 25.455636928789318 470.91101336991414 173.10846231388859 499.66975336591713 275.88549993839115 50.363029325380921 1849.2343656043522 702.33193655661307 492.76264581503347 22.055561084765941 21.561597468331456 527.5478934426792 668.82997876917943 132.40633100760169 40.906846579629928 21.403305461630225 197.55966958368663 207.1043190053897 236.77463657688349 144.05890159268165 66.492370523861609 207.79474122193642 110.80363046540879 7.132417724817059 275.96279021096416 25.765666643157601 765.42033534799702 31.482712417608127 609.22875746095087 123.64062261220533 89.317775567993522 39.20298697357066 167.06198765395675 228.09770142368507 476.27114499267191 170.19521165196784 72.440216141752899 530.0940956849372 26.223654436413199 10.329018595628439 40.006143206963316 245.35974704218097 345.37870270013809 64.968211930245161 309.83556917856913 872.002314192825 30.822626944398507 23.126786766573787 341.01212012814358 13.368423057720063 270.90783148445189 891.69351682532579 548.83144441759214 304.03763364814222 744.06604477576911 282.79278049524873 387.86770349077415 758.77642039128114 129.24900946603157 135.54407894331962 26.157009480055422 252.12728490761947 45.603109568357468
leaf_count=15049 467 2889 1007 13894 300 1871 2358 6306 7038 1494 3164 1699 11681 2283 1280 2030 80 2697 2563 5503 3778 5058 630 1499 1085 1587 1520 980 890 1523 869 4627 2226 1115 350 7171 1182 2279 1160 5777 6005 752 213 179 10952 2198 1212 5753 2912 2388 1407 10641 2577 223 5458 157 7606 1668 5262 27655 7283 272 347 209 8372 3721 3857 2478 306 8956 8634 3378 454 415 2306 10514 1777 732 168 4197 4940 2335 4527 1247 4354 2543 237 6351 169 11239 174 10315 1615 1134 781 4031 3796 6584 2988 382 9978 243 106 491 3400 2308 695 4870 10862 249 226 5986 126 3909 10572 8919 4825 17462 2963 8621 13500 2148 1545 459 6177 175
internal_value=-7.97434e-05 -0.00374561 0.000428014 0.00855299 -0.00939349 -0.00146641 -0.00891938 -0.00457529 0.0115025 -0.0312352 -0.00539662 0.00116483 -0.0182065 -0.0323091 -0.0139804 -0.00508793 -0.0118369 0.0131211 -0.0168671 -0.0195593 -0.0242583 -0.0125969 0.00344222 -0.0235465 -0.0160491 -0.0200563 -0.0302781 -0.0166435 -0.00903406 -0.0124527 -0.00324025 -0.0210358 -0.0235322 -0.0182813 0.00725186 -0.00494264 -0.0233429 -0.0315666 0.0122972 0.0140105 0.0155838 0.0199542 -0.00774299 0.00130224 0.0108861 -0.0225046 -0.0306532 -0.0254157 -0.0388584 0.00351043 -0.0155684 0.00895388 -0.00128751 0.0142152 0.0112215 0.0174792 0.0152753 -0.000545587 -0.00860057 0.0163679 0.0106586 0.0184647 0.0216463 -0.0171231 0.0111992 0.0227294 -0.0250482 -0.00269567 -0.0259397 -0.0283524 0.00361248 -0.0223048 0.0221313 -0.0175398 -0.0356518 0.0129008 0.00856553 0.0267982 0.0134204 0.0173366 0.028362 -0.00493631 0.0355897 0.0158136 0.0228496 0.0175747 0.0400796 0.0275828 -0.0377691 0.0114505 0.0229245 0.0185527 -0.00299279 -0.0109368 0.0140163 0.0228852 0.003879 0.00762407 -0.00105431 0.0058317 0.0180195 0.0177391 0.0265256 0.00309015 0.00438428 0.000254053 0.00218812 0.00884542 0.000186976 0.0246797 0.0130493 0.013673 0.0143727 0.0152114 0.0085312 0.0237288 0.0102321 0.0315099 0.00119481 0.0283233 0.0261846 0.00233957 -0.0192903 0.0281951 0.0305548 0.0121393
internal_weight=38023.3 28882.4 16609.4 6935.04 12273 4499.04 2977.95 2036.46 9140.86 411.357 9674.39 3450.62 2045.47 694.588 7773.95 1905.84 1728.58 1521.08 5868.1 4530.25 2703.29 1826.96 507.111 1018.01 1211.12 1060.63 667.104 1399.14 6223.77 3913.47 2310.3 2861.3 2662.21 949.045 1361.25 624.292 849.425 604.561 199.086 4898.59 4445.94 2678.39 1337.86 681.525 1052.17 1012.3 2196.18 1343.02 853.163 2931.97 255.484 1767.54 386.843 1722.04 1177.98 742.62 6208.9 1920.03 680.407 5637.84 1515.97 4121.87 2620.48 656.333 1011.93 251.627 954.596 393.525 2485.1 1899.6 1113.54 518.218 718.5 54.6751 592.307 1501.39 329.44 1500.41 82.2654 832.559 961.543 309.551 166.35 85.5154 771.539 736.962 151.191 1463.51 553.314 932.477 167.057 720.032 244.864 1350.89 694.728 206.265 1239.63 704.369 535.259 265.762 552.15 1658.94 294.488 749.546 709.54 464.18 1625.1 374.804 1250.3 99.6208 193.322 634.999 625.288 611.92 1003.54 756.626 488.463 754.439 808.941 1422.61 1034.74 138.114 148.44 284.159 258.002 150.488
internal_count=485110 340817 212416 106306 128401 53209 30740 25941 144293 3208 106110 43868 16969 4154 75192 23876 16178 22469 51316 35884 20861 15023 7038 7002 11350 9145 5080 11237 62242 33547 28695 18798 16115 7447 21248 8040 6191 3461 2683 80365 74588 49308 15432 9484 14749 7035 13823 9531 4292 38704 2037 25280 4202 27690 19352 11524 105589 23294 6930 97983 22332 75651 50647 5948 15410 5001 6055 4065 13889 9262 14639 3587 15419 572 3560 25004 4941 29956 1380 14490 22749 3225 4987 1714 13573 13208 4764 29204 2475 13771 2532 12858 2730 12815 12526 4812 16364 10380 5984 3596 10432 27898 6921 8896 8405 5005 22733 5565 17168 1256 3214 10293 10021 9895 12271 13273 7714 17809 8021 28472 19851 2361 1625 6815 6356 2205
is_linear=0
shrinkage=0.05


Tree=12
num_leaves=127
num_cat=0
split_feature=8 9 5 9 7 9 7 8 7 9 7 5 5 5 7 4 7 8 8 7 7 5 5 8 8 7 8 9 8 4 9 5 4 4 3 4 5 4 7 7 5 5 9 7 9 9 4 0 8 9 4 4 4 3 4 8 7 9 3 7 2 5 4 1 7 1 8 9 4 1 7 8 2 2 1 3 8 4 7 2 5 5 1 5 7 7 3 0 8 1 4 7 2 5 9 1 7 7 3 8 0 2 7 4 8 9 5 7 5 1 1 0 0 1 0 3 7 2 3 1 4 9 5 0 7 1
split_gain=142.615 197.797 288.013 206.325 159.171 127.959 182.016 193.185 104.28 98.8915 88.7593 82.8067 66.3187 58.3873 143.205 85.2945 55.2424 118.194 103.058 50.516 49.3666 46.0186 42.43 324.428 147.506 76.2704 34.4248 32.5774 31.0729 26.5482 24.0793 35.8506 22.7011 19.4402 18.4898 20.569 18.7582 17.2297 16.7718 16.0389 22.8068 15.6971 30.5472 26.7162 139.475 71.8917 15.1451 14.9808 13.0949 11.7715 17.4537 11.6293 11.3414 11.0912 10.2433 9.95779 13.183 9.68853 9.24822 8.97459 14.6094 8.85763 8.52381 8.27447 8.15575 8.09608 7.90741 7.73931 7.48504 7.29262 7.15947 6.44707 6.3539 6.20589 6.19184 6.1387 6.11094 5.99067 5.85629 5.71928 8.05836 5.61479 5.59953 5.45065 6.94504 10.9547 5.40583 5.35827 5.33082 4.9805 4.96646 4.90953 4.84232 4.82463 4.51302 4.43701 4.4221 4.36118 4.15446 7.07501 3.91252 3.80859 3.77395 3.43054 3.38171 3.36811 3.36593 7.74827 3.33395 3.2609 3.12681 3.06929 3.05998 3.02523 2.99804 2.9896 2.96285 2.94143 2.77804 4.46664 2.67456 3.06588 3.62836 2.6168 2.54403 2.3115
threshold=1.5000000000000002 1.5000000000000002 1.5000000000000002 1.0000000180025095e-35 1.0000000180025095e-35 1.0000000180025095e-35 1.5000000000000002 1.0000000180025095e-35 1.0000000180025095e-35 1.5000000000000002 1.0000000180025095e-35 1.5000000000000002 1.0000000180025095e-35 1.0000000180025095e-35 1.5000000000000002 3.5000000000000004 1.0000000180025095e-35 1.0000000180025095e-35 1.0000000180025095e-35 1.5000000000000002 1.5000000000000002 1.0000000180025095e-35 1.0000000180025095e-35 1.0000000180025095e-35 1.0000000180025095e-35 1.0000000180025095e-35 1.0000000180025095e-35 1.0000000180025095e-35 1.0000000180025095e-35 3.5000000000000004 1.0000000180025095e-35 1.0000000180025095e-35 3.5000000000000004 3.5000000000000004 2.5000000000000004 3.5000000000000004 1.5000000000000002 3.5000000000000004 1.0000000180025095e-35 1.5000000000000002 1.5000000000000002 1.5000000000000002 1.5000000000000002 1.5000000000000002 1.5000000000000002 1.5000000000000002 3.5000000000000004 2.5000000000000004 1.0000000180025095e-35 1.5000000000000002 3.5000000000000004 3.5000000000000004 3.5000000000000004 2.5000000000000004 3.5000000000000004 1.0000000180025095e-35 1.5000000000000002 1.5000000000000002 2.5000000000000004 1.0000000180025095e-35 2.5000000000000004 1.0000000180025095e-35 3.5000000000000004 2.5000000000000004 1.0000000180025095e-35 2.5000000000000004 2.5000000000000004 1.0000000180025095e-35 3.5000000000000004 3.5000000000000004 1.5000000000000002 2.5000000000000004 3.5000000000000004 3.5000000000000004 2.5000000000000004 3.5000000000000004 2.5000000000000004 2.5000000000000004 1.0000000180025095e-35 2.5000000000000004 2.5000000000000004 1.5000000000000002 2.5000000000000004 1.0000000180025095e-35 1.5000000000000002 1.0000000180025095e-35 2.5000000000000004 2.5000000000000004 1.0000000180025095e-35 2.5000000000000004 3.5000000000000004 1.0000000180025095e-35 3.5000000000000004 1.0000000180025095e-35 1.0000000180025095e-35 2.5000000000000004 1.5000000000000002 1.5000000000000002 3.5000000000000004 1.0000000180025095e-35 2.5000000000000004 3.5000000000000004 1.5000000000000002 3.5000000000000004 2.5000000000000004 1.5000000000000002 1.5000000000000002 1.5000000000000002 1.0000000180025095e-35 2.5000000000000004 3.5000000000000004 3.5000000000000004 2.5000000000000004 2.5000000000000004 2.5000000000000004 3.5000000000000004 1.5000000000000002 2.5000000000000004 3.5000000000000004 3.5000000000000004 3.5000000000000004 2.5000000000000004 1.5000000000000002 2.5000000000000004 1.5000000000000002 3.5000000000000004
decision_type=2 2 2 2 2 2 2 2 2 2 2 2 2 2 2 2 2 2 2 2 2 2 2 2 2 2 2 2 2 2 2 2 2 2 2 2 2 2 2 2 2 2 2 2 2 2 2 2 2 2 2 2 2 2 2 2 2 2 2 2 2 2 2 2 2 2 2 2 2 2 2 2 2 2 2 2 2 2 2 2 2 2 2 2 2 2 2 2 2 2 2 2 2 2 2 2 2 2 2 2 2 2 2 2 2 2 2 2 2 2 2 2 2 2 2 2 2 2 2 2 2 2 2 2 2 2
left_child=1 2 3 54 9 16 10 -8 12 30 88 61 37 14 15 47 17 -4 20 -20 -18 51 23 38 39 75 87 -16 -12 53 31 -2 86 41 78 36 77 89 62 40 91 43 66 44 94 -45 -22 -6 124 -29 -51 63 76 -30 55 56 59 -17 -27 93 -61 -11 -3 -10 -42 -44 79 -49 -21 95 109 -47 -67 116 -46 -25 -32 -36 -26 -43 97 -33 -57 -84 85 -85 -9 -14 -7 -5 96 -24 -79 -1 -15 -38 -40 -81 99 110 -86 -90 113 106 105 112 107 -80 -62 -50 -91 125 -35 -60 -101 -97 -56 -69 119 -65 -41 122 -122 -96 -23 -111
right_child=4 22 5 8 13 6 7 32 21 11 28 -13 26 33 27 57 18 -19 19 68 46 48 24 25 34 58 -28 49 29 -31 52 81 -34 104 35 -37 69 -39 90 120 64 42 65 45 74 71 -48 67 70 50 -52 -53 -54 -55 73 82 -58 -59 102 60 108 -63 -64 118 -66 72 -68 117 -70 -71 -72 -73 -74 -75 -76 -77 -78 92 103 80 -82 -83 83 84 100 -87 -88 -89 101 98 -92 -93 -94 -95 123 115 -98 -99 -100 114 -102 -103 -104 -105 -106 -107 -108 -109 -110 111 -112 -113 -114 -115 -116 -117 -118 -119 -120 -121 121 -123 -124 -125 -126 -127
leaf_value=0.0098218557392505124 0.017321944359946956 0.021943008745166841 -0.031542031417231144 0.0069540215022785906 -0.043639820873393596 -0.0032262137703575424 -0.01063901051251466 0.012830778876503624 -0.029249207262528023 -0.012670033785913826 -0.0073825426556590433 0.0093761545017193668 0.0014479421925314745 -0.0022407801475541763 -0.027325628913779328 -0.023370428748031222 -0.018406412270573925 0.02832424466545393 -0.014440376053179733 -0.03227604169283755 0.010776763589927879 -0.0045321846619111672 0.0060148772833788283 -0.031069648181071025 -0.022091761480701723 0.016245254044591099 -0.0043808741470089613 -0.0004422984001514089 0.012373417901236493 0.003052135477206563 0.0097161576899086437 -0.0083815974519453537 0.0073934874548916181 0.021086189181468644 0.061112629901110382 -0.00018765482869244406 -0.0053844562444828308 0.0037132556598753422 0.007611879967505189 0.0023826007727841443 -2.5381862468687478e-05 -0.0080960714214649999 -0.014421638338846274 0.023006726408204572 -7.243332308775039e-05 -4.2133977751187094e-05 -0.025252715793625813 0.0091966032552688697 0.019740165417606707 -0.019583602941459201 0.014800821873381302 -0.0046457119439348785 -0.0073131483217903862 -0.027859588954449011 -0.0017524785475586059 -0.005028190974939676 -0.0052903093983505314 0.011780171624010087 0.019485878949583511 -0.036012572673722237 -0.0019354479584698669 -0.022503627822044309 0.0062626887916384143 0.013461965598657685 -0.015424528508115237 0.0091702503095540851 -0.034514622118767664 -0.0082963172834555985 -0.0054451724676160933 -0.018885612715347964 0.0046204073719131097 0.03256767745009017 -0.032462725766896412 0.042433725957666479 0.023554240343481227 0.00058222985737511684 -0.032655570604749128 0.020967929385621892 -0.026051563485134349 0.02188291344307404 -0.030625779752180112 -0.024645746462406068 0.011160535001572656 0.024941908480717302 -0.010033374131969582 0.01125222235751816 0.032808778241264602 0.02003089012147162 0.008758396586712484 -0.013989102451052235 -0.0089848028681869217 -0.0025244544368528705 -0.019159688990757359 -0.011416208427421689 -0.023859819062857425 0.013498464164376998 0.028559041381664287 0.01633853629172323 0.0061351155352804415 0.0035923930465019288 0.02873143613843783 0.045716406748010446 -0.012601559136917512 0.029556465073690769 0.030798925017102977 0.0073519255506508986 0.0064812771555990941 0.019460647192667442 0.027571436508710048 -0.0025857514279991056 0.0059626079085816179 0.02294242756149106 -0.002498246943653182 -0.007071680491058871 -0.02458019413752284 -0.010601200884056297 0.010110318070118347 0.02233654267089237 -0.015485726576530943 -0.021852588006326737 -0.0047417822615103723 0.0033527023431566502 -0.037564729378647264 -0.007919388478867263 -0.0098031573189681018 0.020032972524043999
leaf_weight=928.49250165768899 150.15127451228909 958.87126679334324 160.08418229408562 27.086699743755162 8.4760878211818618 112.45340414810926 711.18412767047994 38.195759891532362 10.905872903764246 310.70327281672508 300.43031630513724 295.99626778834499 47.105545083060861 478.63986896118149 314.86950639588758 153.3935697353445 390.54392220033333 167.88580828951672 548.4919971912168 1724.6972008423181 315.91490670340136 648.80181493691634 234.7932444041362 536.02139219501987 31.306865281658247 37.466281387023628 652.06641589454375 299.33240025886334 16.865944636054337 76.883206448052078 966.90556295379065 492.48611215921119 121.54106196947396 13.24420954659581 8.5244630547240359 207.58759727905272 32.020103017799556 140.43349705124274 251.68243024102412 1397.4299779463327 103.44894491368905 19.190597396809608 37.285175743047148 840.46220870607067 28.970454995520413 623.49781791423447 31.175831933971494 143.53892984241247 16.375207511242479 249.46299459552392 42.530042699538171 112.72882938606199 113.29826051462442 1131.5008981062565 213.07041150261648 31.537053721491247 137.43611194682308 21.834428419591859 9.9303103988058847 9.3882676535285992 10.114579499815589 924.13827543519437 96.342529411427677 896.52871749334736 508.35038881341461 1446.0957141717663 6.1432682583108535 7.4513140168273813 26.845602744724602 17.44370341533795 709.55840975814499 14.534293862059711 8.2692033639177662 8.4185802862048131 643.59933161735535 15.73081625625491 7.6343301811721167 1104.9267286870163 28.264575432986021 778.44063932221616 7.2779665687121442 58.948681791080162 379.34147865907289 224.82048161060084 6.3011491564102462 424.30511818092782 495.41744318290148 223.18266081006732 240.75741069961805 2754.0013903542422 39.679138097213581 587.19698055251502 6.8392195366322985 26.732353016501293 26.080084750428796 1446.3849151299801 27.252463382901624 691.75992948381463 23.998116087168455 9.6473670452833158 170.0097652352415 6.2532384078949681 411.52873651892878 9.2909199460409564 8.3890550024807435 135.48422047600616 63.675990462768823 12.882827193476258 143.94534353981726 1112.2801206351724 19.266849346458912 11.12339170812629 402.4796233351808 823.72512599371839 205.11796442652121 12.293392545543609 68.813561036251485 709.20378408033866 7.7741665709763756 8.184818302979691 21.636927748098969 32.035079723224044 13.150628443807362 672.38214272807818 355.95792854228057 10.4221497583203
leaf_count=13144 2481 16506 692 291 342 1217 7600 341 341 3120 3036 4410 477 6105 1448 751 3789 2510 5019 9500 4213 7819 4376 3551 357 359 7784 4537 257 808 13651 4866 1429 99 47 2270 429 2339 4271 15821 1565 458 461 14255 196 7009 333 2463 235 2135 199 1424 1572 6934 2852 427 983 459 98 293 419 7678 1045 14571 4621 21589 165 139 601 231 9698 49 179 38 10055 157 116 18761 250 13406 190 516 6521 3810 286 7822 9433 4646 4350 22452 375 6386 160 456 334 22415 733 12749 226 111 2705 39 3960 96 81 2012 747 241 2976 13454 204 138 5324 9400 2159 278 784 13362 142 164 119 321 199 8187 3543 172
internal_value=-0.000178501 -0.00223585 -0.00535795 -0.000319304 0.00430592 -0.0135692 -0.00649219 0.00740039 -0.00439741 -0.00502596 -0.01656 -0.0143511 -0.00996226 0.00781415 0.000176828 0.0127954 -0.0204021 -0.00090391 -0.0225063 -0.0277202 -0.0062333 0.00145563 0.00374269 -0.000882235 0.00626608 -0.0146388 0.00184028 -0.0143573 -0.0218235 -0.0253555 0.00295519 -0.00426346 0.0269689 0.00997786 0.0140722 0.0149636 0.0161599 -0.0133856 0.0174835 -0.00176679 -0.00552398 0.0107683 0.0133965 0.00840033 0.00439149 0.0134092 0.00747733 0.0192132 -0.00181118 -0.00741742 -0.0145419 0.0104803 0.00761039 -0.0272584 0.0114059 0.0124409 0.00929204 -0.0189485 -0.00794049 0.0110867 0.0218958 -0.0200416 0.0205187 0.0123299 -0.012825 0.00831889 0.0184276 0.0198825 -0.0318682 0.0125041 0.000674108 0.000750515 0.00891139 0.00250718 0.0225379 -0.0301678 0.00935109 0.0210658 -0.00329589 0.0186678 0.0190206 -0.0101617 0.0156301 0.0161746 0.0184625 0.0160246 0.0314054 0.0168095 0.00577859 -0.0141766 0.00739879 -8.09354e-05 0.0207041 0.00921618 -0.00598731 0.0128838 0.00975317 0.019287 -0.0143689 -0.0145356 0.0272973 0.00987457 -0.00868067 0.0020078 0.00104346 0.000535643 -0.00069017 -0.0116785 0.0256342 -0.00176226 -0.0138484 -0.00208993 -0.00169809 -0.00673237 -0.0233039 0.0132882 0.00116897 0.0220069 0.0128583 0.0131187 0.00191349 -0.00778718 -0.0178527 -0.00854785 -0.00640743 -0.00235814
internal_weight=38642.7 26490.1 17402.4 10785.3 12152.6 6617.12 3251.48 1366.34 8002.55 3320.26 1885.14 1530.84 4101.91 8832.32 1950.09 1043.9 3365.64 327.97 3037.67 2300.03 737.635 3900.64 9087.71 3208.23 5879.48 1834.4 922.355 906.195 1525.68 1225.25 1789.42 701.586 655.154 6882.23 2981.44 2836.02 2628.43 3179.55 1373.83 2898.04 1433.79 6322.63 2994.46 3328.17 1849.67 1478.49 347.091 868.67 2864.52 591.325 291.993 1036.12 1087.84 1148.37 2782.73 2492.42 1256.11 175.228 1282.65 1118.67 163.448 1234.84 1055.21 923.394 611.799 1491.65 1502.81 860.194 1751.54 1508.14 1859.76 638.032 1454.36 290.303 672.57 551.752 974.54 1120.29 145.421 1496.67 1477.48 551.435 1236.32 1204.78 825.437 649.126 533.613 270.288 359.464 3039.12 318.614 821.99 1111.77 955.225 1177.1 1490.7 278.935 1470.2 3012.03 2988.03 176.311 247.011 1245.18 114.114 559.597 551.208 104.823 41.1474 154.06 1150.2 2773.27 1133.83 415.724 833.655 214.765 1458.68 281.884 716.655 912.488 904.714 1464.25 66.8226 34.7876 698.462 1004.76 1122.7
internal_count=485300 318152 198007 135906 167148 62101 35444 18803 92390 38410 16641 15208 40689 128738 25835 17516 26657 3202 23455 15120 8335 51701 120145 40455 79690 17525 12907 8319 11035 7999 23202 7863 11203 102903 46282 44591 42321 27782 22930 33408 16948 95387 49197 46190 24877 21313 4546 16306 35059 6871 2334 16642 15339 7191 43516 39842 18271 1210 13817 17288 3688 10798 17551 15218 6186 22229 26968 15964 10101 23353 23697 7058 21768 3674 10251 3708 13767 18968 1691 26803 26345 5382 21571 21144 14623 11632 9774 5123 5606 25443 5379 10762 18921 13600 14626 23122 5004 26155 25152 24926 2991 4389 13458 1334 7516 7435 1238 491 3395 13999 22656 13764 5423 9498 2270 22693 3636 13501 14877 14735 16460 639 318 8521 11362 13626
is_linear=0
shrinkage=0.05


Tree=13
num_leaves=127
num_cat=0
split_feature=8 7 5 6 8 5 7 6 7 8 7 5 5 5 8 7 7 6 8 7 7 8 6 4 6 8 5 6 5 6 0 7 8 7 7 4 2 7 5 0 0 2 4 1 0 5 0 7 4 1 3 1 4 8 5 5 3 2 6 0 8 6 1 1 4 7 6 4 4 4 0 3 3 0 3 1 3 5 7 7 2 5 7 7 4 6 2 6 3 7 2 3 3 1 5 6 7 6 4 7 0 3 4 3 0 0 1 5 4 5 2 3 1 5 1 6 1 6 5 0 4 4 2 0 0 3
split_gain=146.405 163.87 159.729 104.379 179.534 277.656 142.703 73.9607 124.775 73.7188 33.7289 30.5225 29.2399 26.9744 44.3469 34.6243 23.9869 34.1802 161.553 66.9557 43.3312 88.8754 36.2718 27.0455 24.6519 36.0848 21.7338 17.4038 28.5159 31.171 17.2217 15.2364 14.5247 85.139 77.6574 14.1076 13.9877 13.5849 13.2328 14.2628 14.0155 12.7112 12.2161 11.6966 11.0067 10.8582 10.8545 10.7789 9.88965 8.87201 8.52912 8.28412 8.1784 7.53619 24.7415 10.909 7.26453 8.49258 7.25164 9.17 7.73006 7.89469 7.50809 7.23115 6.99264 6.99203 9.39239 6.92614 6.68611 6.34421 6.21668 6.1106 6.08806 6.02829 5.94399 5.22908 5.20986 5.94181 5.75936 20.5709 7.93855 7.43611 5.68923 7.28015 5.06468 4.94704 4.88292 4.6385 18.1111 8.29833 7.91483 6.70626 6.78684 5.19724 4.97435 22.9654 20.3879 9.67326 11.372 8.38703 4.38485 4.28113 4.14445 4.11375 4.29437 3.9912 3.98496 3.96809 5.27049 3.90444 3.76397 3.72493 3.38915 3.21749 3.20657 3.17023 3.11889 3.08278 3.19261 6.30459 3.00719 2.97219 2.96378 2.93304 2.88323 2.85252
threshold=1.0000000180025095e-35 1.0000000180025095e-35 1.0000000180025095e-35 1.5000000000000002 1.5000000000000002 1.5000000000000002 1.0000000180025095e-35 1.0000000180025095e-35 1.5000000000000002 1.5000000000000002 1.0000000180025095e-35 1.5000000000000002 1.5000000000000002 1.5000000000000002 1.5000000000000002 1.5000000000000002 1.0000000180025095e-35 1.0000000180025095e-35 1.5000000000000002 1.5000000000000002 1.5000000000000002 1.5000000000000002 1.5000000000000002 3.5000000000000004 1.5000000000000002 1.5000000000000002 1.5000000000000002 1.0000000180025095e-35 1.0000000180025095e-35 1.5000000000000002 2.5000000000000004 1.5000000000000002 1.5000000000000002 1.5000000000000002 1.5000000000000002 3.5000000000000004 2.5000000000000004 1.5000000000000002 1.5000000000000002 2.5000000000000004 3.5000000000000004 2.5000000000000004 3.5000000000000004 2.5000000000000004 2.5000000000000004 1.0000000180025095e-35 2.5000000000000004 1.5000000000000002 3.5000000000000004 3.5000000000000004 2.5000000000000004 2.5000000000000004 3.5000000000000004 1.5000000000000002 1.5000000000000002 1.5000000000000002 2.5000000000000004 2.5000000000000004 1.0000000180025095e-35 2.5000000000000004 1.5000000000000002 1.5000000000000002 3.5000000000000004 2.5000000000000004 3.5000000000000004 1.5000000000000002 1.5000000000000002 3.5000000000000004 2.5000000000000004 3.5000000000000004 2.5000000000000004 2.5000000000000004 2.5000000000000004 3.5000000000000004 3.5000000000000004 3.5000000000000004 2.5000000000000004 1.5000000000000002 1.5000000000000002 1.0000000180025095e-35 2.5000000000000004 2.5000000000000004 1.5000000000000002 1.0000000180025095e-35 3.5000000000000004 1.0000000180025095e-35 2.5000000000000004 1.5000000000000002 2.5000000000000004 1.5000000000000002 3.5000000000000004 2.5000000000000004 3.5000000000000004 3.5000000000000004 1.0000000180025095e-35 1.0000000180025095e-35 1.5000000000000002 1.0000000180025095e-35 3.5000000000000004 1.5000000000000002 2.5000000000000004 2.5000000000000004 3.5000000000000004 2.5000000000000004 2.5000000000000004 2.5000000000000004 3.5000000000000004 1.5000000000000002 3.5000000000000004 1.5000000000000002 3.5000000000000004 3.5000000000000004 3.5000000000000004 1.5000000000000002 3.5000000000000004 1.5000000000000002 2.5000000000000004 1.0000000180025095e-35 1.0000000180025095e-35 2.5000000000000004 3.5000000000000004 3.5000000000000004 2.5000000000000004 3.5000000000000004 2.5000000000000004 2.5000000000000004
decision_type=2 2 2 2 2 2 2 2 2 2 2 2 2 2 2 2 2 2 2 2 2 2 2 2 2 2 2 2 2 2 2 2 2 2 2 2 2 2 2 2 2 2 2 2 2 2 2 2 2 2 2 2 2 2 2 2 2 2 2 2 2 2 2 2 2 2 2 2 2 2 2 2 2 2 2 2 2 2 2 2 2 2 2 2 2 2 2 2 2 2 2 2 2 2 2 2 2 2 2 2 2 2 2 2 2 2 2 2 2 2 2 2 2 2 2 2 2 2 2 2 2 2 2 2 2 2
left_child=1 11 16 7 52 6 -6 10 12 26 53 27 68 14 15 -12 50 18 103 23 24 22 71 51 49 42 56 45 -29 -30 -8 70 33 114 -34 47 109 63 40 -40 87 -14 -26 -41 -24 -1 -47 -32 100 64 -2 -20 76 54 -4 -55 -10 -58 59 -52 62 -62 -60 -16 124 66 85 86 -9 125 -7 -22 -70 -48 -61 -59 113 82 79 -79 -81 -80 83 -78 -27 -45 -13 88 -38 91 94 -89 -93 -92 97 99 -97 98 -90 -96 -23 -11 -28 -18 -105 -91 -84 116 -109 117 111 123 -112 -5 -15 -67 -103 -3 -119 -120 -21 -46 -85 -74 -19 -43
right_child=2 36 3 4 5 31 30 8 9 101 13 67 41 32 37 -17 17 20 19 120 21 48 44 -25 25 84 102 28 29 -31 35 -33 34 -35 -36 -37 38 -39 39 43 -42 69 -44 65 121 46 73 -49 -50 -51 58 -53 -54 55 -56 -57 57 75 60 74 61 -63 -64 -65 -66 115 -68 -69 72 -71 -72 -73 110 -75 -76 -77 77 78 81 80 -82 -83 106 122 -86 -87 -88 89 90 105 93 92 -94 -95 95 96 -98 -99 -100 -101 -102 107 -104 104 -106 -107 -108 108 -110 -111 112 -113 -114 -115 -116 -117 -118 118 119 -121 -122 -123 -124 -125 -126 -127
leaf_value=-0.0010844704341833077 -0.0049283016035699331 0.0081051633146387875 -0.0057944703020655101 -0.014813914687865973 0.01970932491048864 0.03932578234383164 -0.0019470498474322461 0.021979068033737798 0.021817893175624985 0.034696054784815952 -0.00028023932856937315 -0.010493900365543065 0.0036560320259015748 0.022830169877083476 -0.039714856462229352 -0.019818160654228395 -0.0085264428571056525 -0.0025583597355294183 0.0034279715819854704 0.022441125797843672 0.0071616228304703811 -0.0066801839779318433 -0.031398606650024564 0.022426728442918684 0.018496799011162898 -0.011204142284426281 -0.0026325976535218816 0.010626177749008236 -0.020127082978903192 0.0071399202065243446 -0.018341117154315016 0.0023201878201130201 -0.032758004603717285 -0.023449124925492573 0.0008728405685254439 0.0045872939365770079 -0.029989397747594283 0.016347308176261826 -0.021451402740044544 -0.010534791942700619 -0.024827681011370568 -0.0038675134426973236 -0.006052809439306737 0.0255076437714041 0.0045537753825987673 -0.0039582580874253752 0.024255690997794985 -0.026203609118957683 0.0024223953627327218 -0.038161185376877203 -0.027307030049098929 -0.031356829114813752 -0.00010594046233859249 0.012530874960237422 0.019157156322257396 0.0009482420502454433 0.016844089868181658 -0.018930503544765748 0.022013822109933461 0.023260089383541321 0.011137738397958924 -0.0020232344790283717 -0.023114744212088614 0.0037560379492554176 0.0024854767399363799 0.010928994379430047 0.030555200191487154 -0.016307947636302219 0.0059016801795428071 -0.0058231011525176693 0.0097931270092386294 -0.020591346919605825 -0.010489342389813401 -0.0060407274917889742 0.0023464688427501899 0.010771587355732729 0.014912390994489655 0.00066294752629626362 0.0050835911054603715 -0.011387202841519055 0.023295066517119874 0.033376641396981009 0.013387679249472414 -0.021549850068787398 0.011249630990342213 0.013020987937814267 0.021602417600623994 0.030541618897515995 0.029037466973743875 -0.0065352737277079107 -0.023266325601824532 0.0027079933623312766 -0.04109450081783135 0.020793173288252958 -0.006352068286341871 0.02535171659334251 0.0055540576339863619 0.005667103979406906 -0.033669543041896198 0.015317220492061074 0.024239578065643322 -0.01198452917064312 0.011953183690273435 -0.0090350869403840114 0.025689785665248033 0.013221418195060161 0.045598642985242889 0.018030838139808724 0.0004721613804665165 -0.014727833238188815 -0.045748232719509965 0.008267190056212112 -0.00033959311177998052 0.0030191676936852162 -0.010388402366821738 0.015628812214600676 0.0092554710587908554 -0.025680374251030865 -0.034080988036929605 0.0118534374803278 0.002290924576996479 -0.0099806347055716102 0.0053714129326894672 0.0053852497132271309 0.017818409805021924 -0.018015759049487958
leaf_weight=4444.0808194637066 68.356225111987442 83.92544212564826 400.63920186995529 34.250651979353279 222.56136391148902 17.312453916762024 100.23955492349342 15.40058520529419 11.862221563234923 19.002565245144069 596.47521393140778 12.049506401643155 74.115654244786128 182.77257992478553 8.7822748296894115 364.86594843119383 9.1271653496660274 17.418175539234653 17.590493682771921 74.455867705401033 20.328505177982152 11.513931921217589 23.498524474911392 25.193368695676327 301.80847382126376 267.95700496225618 622.45806841703597 149.18431326374412 450.27041300828569 135.95627454319037 644.56944875768386 1636.7016905045602 324.57029427681118 233.01446887734346 362.97154449787922 44.493046705843881 24.546541580930352 315.56827539659571 25.972757096868008 42.549577109981328 28.438722688704729 36.769307418726385 60.353867593687028 109.34195568831638 357.85498403431848 77.971340490970761 107.18083231407218 1431.7854878522921 71.015904746484011 6.5976861910894504 9.3941863528452796 454.29829872236587 328.55589989759028 514.93753491342068 131.00271472486202 335.75649272161536 17.557866698130965 423.31639375700615 169.68841469578911 286.97876191441901 444.65418368438259 152.71750978846103 8.9531988641247136 441.37771662231535 84.402597415726632 554.63360620732419 165.69533916201908 13.579362193588166 57.891189693240449 116.5831193823833 889.11619357019663 427.4919007794233 3746.5554744600668 18.942514526192099 38.79009323567152 14.744032060727475 259.83241761336103 232.49824228137732 1791.4164416203275 17.090844642836601 247.98461667448282 22.566395183093846 769.09148008842021 9.4340591691434366 26.900716867530718 304.14160212595016 192.07081130915321 20.372063332237303 82.845290404511616 26.505631166044623 23.9270333009772 511.98142652818933 8.000390022993086 8.2775762807577831 136.65882428898476 478.00699445325881 179.4214071779279 394.81749939918518 7.0831432619597754 65.09534273785539 305.19583556405269 17.008782401680946 51.841213439358398 8.7020565853454155 309.94353459216654 454.36322876263876 8.9115362949669343 290.20070485922042 50.152421687263995 44.521583558060229 12.854205579496922 26.316428437829018 5.8632513443008056 88.70299879508093 7.0187988225370637 1086.4944006212754 558.74304753250908 15.272458191961048 8.8686078991740924 29.73767567705363 24.861117128748447 38.053319226484746 602.60857761115767 28.758162541780621 1029.9704550398747 2512.8145433972823
leaf_count=54553 1372 832 5169 567 3866 132 907 149 171 134 6601 105 789 3635 219 2886 152 403 150 1699 123 204 227 248 5638 3114 8357 1703 3657 2429 4806 21451 2143 2246 4636 1143 521 4923 326 582 411 344 473 2060 4116 967 2739 9374 440 194 215 3264 4356 8981 2729 3864 106 4859 3501 5719 6280 1259 124 6500 1306 8109 3731 248 1004 1786 12098 3692 41582 375 427 148 4259 3444 22835 419 4410 152 10840 249 278 4735 3114 133 2085 585 514 6417 95 132 1373 9449 2693 5191 183 950 5778 186 617 153 6020 6529 51 5449 459 737 261 340 125 1038 71 15673 7008 305 222 306 156 331 8949 372 17236 22215
internal_value=-0.000119759 0.00489521 -0.00203992 -0.00387118 0.000138282 -0.00636152 -0.018394 -0.00678559 -0.00941729 0.00127736 -0.00135204 -0.000953634 -0.0127652 -0.00447173 -0.000561379 -0.00770852 0.0058933 0.00403322 -0.00438721 -0.0198745 0.00658496 -0.000543346 -0.00943915 -0.027356 0.011565 0.00384497 -0.00724498 -0.00169718 -0.00883883 -0.013802 -0.0222192 0.00520294 -0.010548 -0.00324483 -0.0150279 -0.023176 0.0115508 0.00840992 0.0120735 0.0148101 0.00951238 -0.0167237 0.0144002 0.0152356 0.00113021 -0.000565609 0.0106826 -0.0237728 0.019327 0.0160134 0.0121523 -0.0300557 0.00748306 0.0050501 0.000378322 0.00796586 -0.0155177 -0.0165354 0.0132065 0.0193595 0.0105275 0.00777539 0.019636 0.00282181 0.0163626 0.015734 0.0204785 0.0173576 -0.00997561 -0.0172914 0.0103999 -0.0193184 -0.0101081 0.0196937 0.0207847 -0.0179085 0.00809341 0.00840798 0.00676627 0.0115307 0.0210245 0.00545376 0.0107026 0.00791295 -0.00912452 0.0163765 0.0196658 0.00992569 0.0117974 0.00734949 0.012564 0.00308859 0.00195647 -0.0116565 0.0131526 0.0154429 0.0199653 0.00906984 0.0237824 0.000680522 0.023098 0.0116799 -0.00149518 0.0237674 0.0247162 0.0121211 0.0138147 0.0111651 0.0154525 -0.002029 -0.0103522 -0.0102359 -0.0322626 -0.00202795 0.0215537 0.0140481 0.00860831 0.00215027 -0.00710416 0.000707343 0.0174702 0.00313515 0.00492197 -0.010367 0.0174774 -0.0178133
internal_weight=38007.1 10522.8 27484.4 22330.3 9399.72 4986.78 2443.65 12930.6 8710.81 2076.89 4219.75 5601.29 6633.92 2837.42 1727.07 961.341 5154.07 3974.53 924.172 596.399 3050.36 1254.95 867.227 497.082 1795.41 657.02 1141.78 5383.59 735.411 586.227 2221.09 2543.13 1110.35 422.806 687.542 2120.85 4921.5 765.728 4739.17 2288.83 2450.34 2740.28 362.162 2262.86 419.407 4648.18 204.095 2076.35 387.726 1138.39 1179.53 471.889 4412.94 1382.34 531.642 850.694 467.481 455.618 1111.18 335.163 776.013 597.372 178.642 450.16 1131.79 2220.31 579.179 217.7 3893.64 2666.17 906.429 447.82 3878.24 126.123 325.769 438.06 4084.39 3961.43 2311.56 497.574 265.075 1813.98 1649.88 871.875 294.858 413.484 204.12 2421.9 1400.68 1021.22 1376.13 540.354 519.982 32.2046 1343.93 859.183 657.428 484.746 89.9284 201.754 316.71 935.108 674.299 327.773 318.646 480.869 778.003 916.105 340.353 182.326 3820.35 3801.63 18.7175 122.954 189.791 1641.13 575.752 137.804 53.8787 38.6063 99.317 395.908 612.043 3775.31 1047.39 2549.58
internal_count=485471 144769 340702 266410 115346 53777 20096 151064 96461 27494 54603 69890 68967 33860 21129 9487 74292 55395 11842 5517 43553 14911 8489 3662 28642 9503 14258 66423 7789 6086 16230 33681 12731 5952 6779 15323 74879 11642 72477 35216 37261 25134 6111 34890 4674 58634 4081 14180 6422 19139 18897 3414 61569 20743 7898 12845 5284 5113 17525 6361 11164 7539 3625 6719 18945 34308 10526 3467 43833 24345 12230 3815 43684 3114 6146 5007 57213 55608 31260 8273 4829 22987 24348 13457 3392 6795 3219 36850 23091 13759 22570 6645 6512 646 21924 14465 12142 7459 2268 2323 5982 13236 8974 6325 6173 7114 10891 13102 5908 2402 42680 42294 386 1605 3706 23782 7194 1665 833 528 1855 4447 9198 41954 17639 22559
is_linear=0
shrinkage=0.05


Tree=14
num_leaves=127
num_cat=0
split_feature=6 9 7 5 6 6 5 9 7 5 7 9 5 7 5 9 9 9 5 7 7 7 4 5 7 7 4 6 5 5 7 7 7 4 4 7 9 5 9 5 4 7 3 4 4 1 6 5 4 4 5 7 7 2 2 9 7 1 4 2 3 0 7 7 5 4 1 5 4 4 4 2 0 3 1 5 2 0 1 2 7 3 1 2 0 0 7 3 1 0 7 5 2 7 4 5 7 1 4 3 7 7 2 0 5 1 9 2 0 0 2 0 2 3 2 1 3 0 4 1 1 5 0 4 2 7
split_gain=247.131 87.4511 324.991 94.9048 124.335 57.6274 332.866 259.657 221.894 83.7402 64.5303 46.2019 122.248 92.409 45.9422 297.914 297.834 44.2661 119.502 42.0153 70.3089 41.6086 35.1483 32.4206 118.775 101.905 29.3797 29.0859 49.1299 27.5572 63.3052 64.2876 51.3695 27.3796 24.5456 23.2765 110.498 40.9161 42.9142 34.7631 23.2319 32.401 21.5133 21.1821 21.1761 19.6541 17.3188 36.9231 18.3282 15.594 14.6419 38.8311 38.1346 13.1068 12.9492 12.3134 11.6823 11.5317 11.5281 11.3598 10.5181 10.0513 9.91947 15.1206 8.77878 8.77166 8.56905 7.86567 7.6785 7.63474 7.4863 7.25763 7.08124 6.98473 8.45087 6.83394 7.1891 6.64247 6.35247 10.9241 5.62281 5.45612 5.45079 5.3753 5.32635 5.57012 5.27944 5.27531 5.18424 4.66936 4.66473 4.53871 4.53265 4.46823 4.46249 4.43509 4.41169 4.42857 4.33845 4.32938 3.91932 6.77358 3.86951 3.86133 3.79744 3.71767 3.85252 3.65939 3.62638 3.61451 3.51739 3.48455 3.39581 3.382 3.38122 3.34966 3.2269 3.21004 2.89847 2.73294 2.72985 2.70899 2.52426 2.5123 2.49669 2.59581
threshold=1.5000000000000002 1.0000000180025095e-35 1.5000000000000002 1.0000000180025095e-35 1.0000000180025095e-35 1.0000000180025095e-35 1.0000000180025095e-35 1.5000000000000002 1.5000000000000002 1.0000000180025095e-35 1.0000000180025095e-35 1.0000000180025095e-35 1.5000000000000002 1.5000000000000002 1.5000000000000002 1.5000000000000002 1.5000000000000002 1.5000000000000002 1.5000000000000002 1.0000000180025095e-35 1.5000000000000002 1.5000000000000002 3.5000000000000004 1.5000000000000002 1.0000000180025095e-35 1.0000000180025095e-35 3.5000000000000004 1.0000000180025095e-35 1.0000000180025095e-35 1.0000000180025095e-35 1.0000000180025095e-35 1.5000000000000002 1.5000000000000002 3.5000000000000004 3.5000000000000004 1.0000000180025095e-35 1.5000000000000002 1.5000000000000002 1.5000000000000002 1.5000000000000002 3.5000000000000004 1.5000000000000002 2.5000000000000004 3.5000000000000004 3.5000000000000004 2.5000000000000004 1.0000000180025095e-35 1.5000000000000002 3.5000000000000004 3.5000000000000004 1.0000000180025095e-35 1.0000000180025095e-35 1.5000000000000002 2.5000000000000004 3.5000000000000004 1.5000000000000002 1.5000000000000002 2.5000000000000004 3.5000000000000004 2.5000000000000004 2.5000000000000004 2.5000000000000004 1.0000000180025095e-35 1.5000000000000002 1.5000000000000002 3.5000000000000004 3.5000000000000004 1.5000000000000002 3.5000000000000004 3.5000000000000004 3.5000000000000004 3.5000000000000004 2.5000000000000004 2.5000000000000004 2.5000000000000004 1.5000000000000002 2.5000000000000004 3.5000000000000004 2.5000000000000004 2.5000000000000004 1.5000000000000002 3.5000000000000004 2.5000000000000004 3.5000000000000004 2.5000000000000004 3.5000000000000004 1.5000000000000002 2.5000000000000004 2.5000000000000004 2.5000000000000004 1.0000000180025095e-35 1.5000000000000002 2.5000000000000004 2.5000000000000004 3.5000000000000004 1.5000000000000002 1.0000000180025095e-35 3.5000000000000004 3.5000000000000004 3.5000000000000004 1.0000000180025095e-35 1.5000000000000002 2.5000000000000004 2.5000000000000004 1.0000000180025095e-35 2.5000000000000004 2.5000000000000004 2.5000000000000004 2.5000000000000004 2.5000000000000004 2.5000000000000004 2.5000000000000004 3.5000000000000004 2.5000000000000004 2.5000000000000004 3.5000000000000004 2.5000000000000004 2.5000000000000004 3.5000000000000004 2.5000000000000004 2.5000000000000004 2.5000000000000004 3.5000000000000004 3.5000000000000004 2.5000000000000004 1.5000000000000002
decision_type=2 2 2 2 2 2 2 2 2 2 2 2 2 2 2 2 2 2 2 2 2 2 2 2 2 2 2 2 2 2 2 2 2 2 2 2 2 2 2 2 2 2 2 2 2 2 2 2 2 2 2 2 2 2 2 2 2 2 2 2 2 2 2 2 2 2 2 2 2 2 2 2 2 2 2 2 2 2 2 2 2 2 2 2 2 2 2 2 2 2 2 2 2 2 2 2 2 2 2 2 2 2 2 2 2 2 2 2 2 2 2 2 2 2 2 2 2 2 2 2 2 2 2 2 2 2
left_child=1 2 3 4 102 9 7 8 10 33 98 12 68 -14 15 22 40 18 58 -18 53 23 29 25 107 118 27 67 -29 32 87 114 -13 55 54 36 39 38 44 43 41 121 -43 89 83 -30 47 77 66 116 62 -52 111 -21 -12 -3 72 -26 61 -9 -47 -8 -17 -64 -62 -55 75 104 120 -41 82 73 -20 -63 -75 76 -48 88 79 -23 -42 -22 -40 92 -38 -86 -84 -31 -5 -11 -35 -68 -37 -80 -65 -28 -74 -98 -7 115 -57 -102 -1 -94 -4 -27 -107 -25 -77 -54 -39 -53 -112 -59 -32 124 -15 -115 119 -19 -2 -16 -78 -104 -76 -126
right_child=11 5 26 46 -6 6 17 59 -10 35 34 14 13 49 16 50 19 21 56 20 81 78 -24 24 57 105 95 28 45 30 31 -33 -34 90 -36 37 84 110 70 69 80 42 -44 -45 -46 60 48 -49 -50 -51 51 52 109 65 -56 100 -58 113 -60 -61 64 71 63 94 -66 -67 91 -69 -70 -71 -72 -73 96 74 99 108 122 -79 93 -81 -82 -83 86 -85 85 -87 -88 -89 -90 -91 -92 -93 103 -95 -96 -97 97 -99 -100 -101 101 -103 123 -105 -106 106 -108 -109 -110 -111 112 -113 -114 117 -116 -117 -118 -119 -120 -121 -122 -123 -124 -125 125 -127
leaf_value=-0.021980996878288125 -0.0043925362934911722 0.018048099574878081 -0.039527752809101459 -0.018987245214213206 -0.020110703256453311 -0.013342569888034018 -0.00062531707302594696 -0.037317657134452405 0.018310110583540599 -0.0037855545215167972 -0.035830559487473171 -0.0037940979878172986 0.016619840508667143 0.001746029249884329 0.0056555292786486877 0.022278558121814767 0.01494712851477027 0.0025262305167109891 -0.020158374317774091 0.00052773434698488665 -0.0090727959738491053 0.039070578478050823 0.0012648023083961304 0.0072401073926126602 -0.0088296940573410806 0.0064589524775701332 0.0071879748009033287 0.029943357412986555 0.020741496623246425 -0.0031639183836216899 -0.022317169617358516 -0.016656615461943462 -0.031171439467491149 0.0033138943755384852 0.0020787844636815226 -0.0046624887280617023 -0.0022988003497947367 -0.027255184393855783 -0.021113074436959825 0.014358778980200904 0.011262769824701776 -0.012234710203127361 0.01987085486317243 0.0055782317979962658 -0.005422765402392722 0.015153719016913226 -0.024258254992724947 -0.0041263403681769117 -0.0028466939673436808 0.014678208407364047 -0.015415539093630637 -0.0012422528613310051 0.0089357302422587194 -0.027897802151598289 0.007677129348333759 0.013280368964385321 -0.0031837399243246274 0.0080810405861843123 0.0099688157843446021 0.0088861129385111211 -0.028417941144739858 -0.0014032543865779581 0.0030427601033343982 0.025752402028083706 -0.016584073811599789 -0.005938843593324937 -0.053287214523352583 -0.015698635709521295 -0.0006325187251443893 -0.013019606705296245 -0.019049846129767775 -0.018081316800647684 -0.0005536909187007019 -0.0094650701556509634 0.0091075892773631231 -0.014311533728971268 0.017595789594398163 -0.032347387229180201 0.015467243301481465 -0.0098797516377987712 -0.0046916057915383155 0.022284602548057111 0.0030079061618480678 -0.018863157893734262 0.015083526321208207 -0.01812950956560026 0.014970692588995006 -0.029227201330134258 0.019651593418241454 -0.022813615575213733 -0.010575276352768032 0.0060196235773443641 -0.0010891873291356607 -0.022353280518511293 0.0024922874568962233 -0.011186639266118962 0.0083959169287690944 0.032476595780204856 0.0072464746569975398 -0.00096740717835801292 0.00049002548846434736 0.014092064024751969 0.0082258410070984427 0.027247903081118366 -0.030489531183831537 -0.010103080448889816 0.017561677985799797 -0.018065526027039067 0.025670560935407222 -0.003000841927879454 -0.00028364578914968642 0.014926953235516167 0.021683078821858895 0.0018066186944856258 0.0067333768543230282 0.0032790975949313706 -0.015077781080604544 0.027403476837061399 0.011730644734477715 0.028890892926302581 0.015132827385472206 0.030281322717953963 -0.013215325407817256 -0.00063239860993948558 0.025931378836613395 0.032073444317847297
leaf_weight=10.257751452736555 17.811886733397841 1714.340278130956 232.73986182268709 8.1281936052255315 645.13113676384091 441.90457719983533 39.223595489747822 12.492412665393202 301.80187460745219 34.630212471820414 1214.943807781674 212.19409652496688 311.92239161231555 28.977425462566316 997.19561608624645 130.26622110931203 143.10344709944911 10.520877907052634 23.250866291578859 47.076938817277551 2974.2360426371451 13.137026360258458 218.30771520384587 14.594693516381083 25.016824834048748 35.65172675345093 84.27512572798878 49.703406388871372 26.319247771054506 20.217664819210768 9.3127280676271749 1229.9798666494898 895.57528040418401 254.05023858812638 45.623515424318612 11.583818986546246 51.130666904849932 10.915251661790533 18.788766115438193 113.58139468857553 67.912577115523163 54.223535901866853 1064.6085232067853 79.968985171057284 61.880721965339035 17.244487405288965 9.7574360994622094 355.3139196948614 101.80083312175702 46.11996837425977 284.42059753183275 35.125949147157371 67.852475666441023 768.87492122035474 17.020177921280265 1317.7363670077175 528.38243945850991 26.905703821219504 156.82169386942405 1148.8638607502216 399.14416510844603 23.953467274550349 496.40815074415877 114.87126298900694 267.61771520646289 48.990447883261368 5.0515107661485654 64.628137218765914 87.257490480551496 31.890593638643622 34.320181624032557 9.0408532898873073 143.24325292813592 16.347490310668945 21.003489139955491 5.1617063856683663 621.93510065576993 5.5776001131162039 878.62053547543474 57.821205819491297 277.26603280939162 13.01894755894318 423.21538056014106 6.1185107193887225 627.57701202097815 12.078750390559433 117.21031102351844 719.15819120965898 385.27708542882465 571.77219364966732 78.232176381861791 6.5239216578193009 12.232501790858803 7.0424232953228048 25.362028332659975 52.408356308238581 581.85245219431818 18.895251446403563 26.547221595421433 14.437889940571038 180.50078262202442 184.83748864149675 1058.1369568122318 512.91379453171976 295.94160653930157 1115.3603621225338 11.856015460565684 261.57584498962387 383.54467156133614 807.73229492921382 1166.6136285867542 598.28144264162984 16.862702957354486 12.745412657968698 408.32006021705456 15.662285615690051 1228.3303449039813 444.04728692979552 35.24944331496954 209.96113232173957 1030.3063391824253 10.353561614640055 6.0401886869221917 86.436869648750871 1081.6012582266703 231.4850424133474
leaf_count=227 186 29969 1183 156 5607 4212 729 309 4888 451 7288 2412 4837 299 12537 2497 2643 178 281 585 29995 48 3342 115 344 264 638 686 392 119 254 11346 5512 3297 684 208 584 258 225 2218 878 366 15940 807 766 103 279 3906 1684 815 2767 305 919 4475 120 19316 6914 180 2665 16905 2336 511 6893 1799 2959 343 169 645 1359 296 418 257 2133 361 359 128 12226 140 15521 726 2535 222 5596 142 11172 205 1750 5492 6824 5548 954 89 221 93 186 489 8930 146 339 251 3041 2529 15627 8971 1505 10707 137 2788 7607 9102 14069 8845 195 107 6136 389 12780 8450 351 5315 15131 104 94 1090 22653 4829
internal_value=1.15826e-05 0.00340527 -0.0022761 0.00567526 -0.00254564 0.00514606 0.00249632 -0.0105239 -0.0212306 0.00835984 -0.0280718 -0.00483067 0.00104562 -0.0077897 -0.00609939 -0.00914763 -0.00314138 0.00938603 0.0138404 -0.0115799 -0.0125689 0.00528788 -0.0181936 0.00150548 0.00965255 -0.00300577 -0.0219798 -0.0242095 -0.0176928 -0.0194092 -0.0163708 -0.0109049 -0.0259354 0.0137205 -0.0338911 0.00325108 -0.00158108 0.00632553 0.0128494 -0.013848 0.0104987 0.012451 0.0183053 -0.0185492 0.0222124 -0.0210634 0.0134848 0.00759251 0.017374 -0.0136394 0.00397319 0.00149855 0.00469469 -0.0251164 -0.0352237 0.0150599 0.00253394 0.0239672 0.0229343 0.00835743 -0.0226999 0.024326 0.00975063 0.00715631 -0.0237001 -0.0265913 0.0193579 -0.0325135 0.0136118 0.00830894 0.00328836 0.0250184 0.0064706 0.0253085 0.0257726 0.0198458 0.0166064 0.018013 0.0139896 -0.000400192 -0.00152918 -0.00892872 0.00469086 0.0253668 0.0131893 0.014429 0.00562532 -0.0285198 0.0188072 -0.021735 2.19255e-05 -0.0220411 0.0259052 0.0151416 0.0215931 0.000112544 0.00732874 0.00920604 -0.0121628 0.0262015 0.0120072 0.00739146 0.00727575 0.026587 -0.0345355 -0.0092933 -0.0097968 -0.0167069 0.0251043 -0.00206669 -0.000224715 0.0140297 4.73878e-05 0.0256782 0.00603382 0.0264926 -0.014689 0.0266948 0.0255099 0.0276499 0.0147971 0.00593836 0.0172789 0.00755691 0.0267625 0.0270378
internal_weight=37594.6 22103.6 5184.1 3694.07 1799.96 16919.5 9274.51 3209.2 2047.84 7644.98 1746.04 15491 2750.73 1615.35 12740.2 6273.39 6466.86 6065.31 2905.2 3995.3 3852.2 3160.11 3713.07 2203.49 784.886 1418.6 1490.02 1353.34 760.029 3494.76 2386.99 1647.61 1107.77 3729.7 1277.59 3915.29 1522.63 2392.66 1198.26 831.843 2471.56 2126.38 1118.83 686.371 604.729 710.326 1894.11 754.297 1139.82 1303.43 2560.32 1793.41 1508.99 864.942 1231.96 3397.41 1295.62 508.715 1609.58 1161.36 684.006 1452.76 766.908 636.641 666.762 817.865 1038.01 593.31 1135.38 145.472 593.535 1413.53 767.242 1404.49 1380.54 1026.44 637.733 398.983 956.621 70.9582 345.179 2987.25 559.214 542.849 690.786 639.656 540.426 739.376 393.405 606.402 332.282 11.5754 536.73 885.663 140.233 136.683 743.991 600.748 468.452 1364.19 1683.07 365.338 1154.83 525.146 528.681 1162.87 1127.22 276.171 388.706 875.585 1194.39 633.407 1183.48 483.698 417.633 1349.75 1257.31 456.793 255.731 220.482 1048.12 1007.55 627.975 1144.57 1334.09 1313.09
internal_count=485428 311472 66789 55853 22551 244683 131477 34745 17531 113206 12643 173956 35407 18731 138549 67926 70623 96732 51408 38263 35620 45324 34613 28936 11984 16952 10936 9809 6476 31271 23347 17736 7924 59106 8092 54100 21281 32819 18297 9320 32360 28947 16306 6806 10308 5790 33302 11026 22276 13894 33313 21938 19171 5403 7408 54855 18404 9081 33004 17214 5398 30339 11375 8878 5295 4818 20592 3333 16676 2514 7989 29610 11490 29353 28842 20334 12599 7120 16388 774 3413 30217 7571 9542 11961 11377 7346 5611 6980 5999 4251 258 9400 15614 1985 1127 11209 9076 4551 28481 24886 5570 16944 9192 2688 11108 10844 2903 7735 10021 14522 9150 14264 8737 6390 28230 13079 8557 5844 5493 15317 12641 12320 16717 27841 27482
is_linear=0
shrinkage=0.05


Tree=15
num_leaves=127
num_cat=0
split_feature=8 7 6 5 7 8 6 6 7 5 7 6 5 4 5 7 6 6 7 4 5 6 6 4 7 5 5 7 4 5 6 7 8 6 6 6 5 6 8 6 8 8 5 4 5 6 6 4 4 1 1 0 0 7 6 2 0 1 1 5 5 1 4 4 4 2 3 5 2 5 6 6 5 8 4 4 4 7 3 1 2 4 3 8 1 2 4 1 0 5 4 3 3 0 2 0 2 4 6 3 1 2 7 3 4 4 3 0 2 4 2 1 6 7 1 6 4 2 2 2 1 3 6 4 0 1
split_gain=225.566 195.015 136.536 84.0531 160.11 93.017 162.51 183.124 108.34 82.7365 77.2012 68.9384 64.1832 52.1868 48.2713 163.973 53.2669 137.634 78.4066 47.2904 34.7281 30.0129 37.5395 29.9565 29.7409 37.2172 46.7833 29.6544 29.5639 27.4415 28.49 25.7766 23.0882 52.2327 49.1583 37.3319 22.9762 19.6893 101.785 17.8563 174.019 138.405 101.011 42.7476 36.8666 165.85 40.8852 17.3462 17.2283 16.7645 16.31 13.0528 12.2312 11.9481 11.3524 10.5802 10.5041 10.3523 9.5655 9.31622 10.5094 9.18467 8.95734 8.85441 8.09748 8.06194 7.90038 7.7525 7.51998 10.3674 9.96279 6.7625 19.1003 6.7437 6.48353 6.46612 6.4501 6.43081 20.3614 6.2244 11.055 6.19184 5.94458 5.81082 7.89899 8.02474 5.66214 5.50738 5.48016 5.47195 5.29164 5.27918 5.20221 5.14115 5.13106 5.07324 5.04718 5.02388 4.89449 4.72993 4.53249 4.38409 3.99323 3.88207 3.85981 3.85803 3.77872 3.673 3.66039 3.64651 3.5561 3.5525 3.47235 3.82624 3.42504 3.42389 3.41793 3.25188 3.11696 3.10191 3.03262 2.99109 6.76748 2.9881 2.92643 2.87344
threshold=1.5000000000000002 1.5000000000000002 1.5000000000000002 1.0000000180025095e-35 1.5000000000000002 1.0000000180025095e-35 1.5000000000000002 1.0000000180025095e-35 1.0000000180025095e-35 1.5000000000000002 1.5000000000000002 1.0000000180025095e-35 1.5000000000000002 3.5000000000000004 1.5000000000000002 1.0000000180025095e-35 1.5000000000000002 1.0000000180025095e-35 1.0000000180025095e-35 3.5000000000000004 1.0000000180025095e-35 1.0000000180025095e-35 1.5000000000000002 3.5000000000000004 1.0000000180025095e-35 1.0000000180025095e-35 1.5000000000000002 1.0000000180025095e-35 3.5000000000000004 1.5000000000000002 1.5000000000000002 1.0000000180025095e-35 1.0000000180025095e-35 1.5000000000000002 1.5000000000000002 1.0000000180025095e-35 1.0000000180025095e-35 1.0000000180025095e-35 1.0000000180025095e-35 1.5000000000000002 1.0000000180025095e-35 1.0000000180025095e-35 1.5000000000000002 3.5000000000000004 1.5000000000000002 1.0000000180025095e-35 1.0000000180025095e-35 3.5000000000000004 3.5000000000000004 3.5000000000000004 2.5000000000000004 2.5000000000000004 2.5000000000000004 1.0000000180025095e-35 1.0000000180025095e-35 2.5000000000000004 2.5000000000000004 3.5000000000000004 2.5000000000000004 1.5000000000000002 1.0000000180025095e-35 2.5000000000000004 3.5000000000000004 3.5000000000000004 3.5000000000000004 2.5000000000000004 2.5000000000000004 2.5000000000000004 2.5000000000000004 2.5000000000000004 1.5000000000000002 1.0000000180025095e-35 1.0000000180025095e-35 2.5000000000000004 3.5000000000000004 3.5000000000000004 3.5000000000000004 1.0000000180025095e-35 2.5000000000000004 2.5000000000000004 2.5000000000000004 3.5000000000000004 2.5000000000000004 1.0000000180025095e-35 2.5000000000000004 2.5000000000000004 3.5000000000000004 2.5000000000000004 2.5000000000000004 1.5000000000000002 3.5000000000000004 2.5000000000000004 2.5000000000000004 2.5000000000000004 3.5000000000000004 2.5000000000000004 2.5000000000000004 3.5000000000000004 1.0000000180025095e-35 2.5000000000000004 2.5000000000000004 3.5000000000000004 1.0000000180025095e-35 2.5000000000000004 2.5000000000000004 3.5000000000000004 2.5000000000000004 3.5000000000000004 3.5000000000000004 3.5000000000000004 2.5000000000000004 3.5000000000000004 1.5000000000000002 1.0000000180025095e-35 3.5000000000000004 1.0000000180025095e-35 2.5000000000000004 2.5000000000000004 2.5000000000000004 2.5000000000000004 3.5000000000000004 2.5000000000000004 1.5000000000000002 2.5000000000000004 3.5000000000000004 2.5000000000000004
decision_type=2 2 2 2 2 2 2 2 2 2 2 2 2 2 2 2 2 2 2 2 2 2 2 2 2 2 2 2 2 2 2 2 2 2 2 2 2 2 2 2 2 2 2 2 2 2 2 2 2 2 2 2 2 2 2 2 2 2 2 2 2 2 2 2 2 2 2 2 2 2 2 2 2 2 2 2 2 2 2 2 2 2 2 2 2 2 2 2 2 2 2 2 2 2 2 2 2 2 2 2 2 2 2 2 2 2 2 2 2 2 2 2 2 2 2 2 2 2 2 2 2 2 2 2 2 2
left_child=3 11 9 10 5 6 7 76 -9 28 37 24 20 50 16 21 17 18 -7 29 -4 -16 55 68 25 -2 86 -19 71 36 65 -18 34 -34 35 -12 53 38 74 40 44 43 99 88 45 -6 -46 67 52 56 118 -22 89 110 81 -23 -38 79 -58 60 125 -20 93 83 95 -31 -29 91 -17 70 98 72 -3 101 104 -63 92 78 -8 119 -81 -11 -79 106 -85 -86 -27 117 -41 -42 -80 -44 -5 -35 103 -33 -56 -53 -70 -43 -40 121 -32 -90 -1 -28 -39 120 114 -48 -13 -89 -65 -114 -87 -25 -82 -68 -10 -54 -101 122 -60 -123 -105 -26
right_child=1 2 12 4 39 14 77 8 13 54 32 19 -14 -15 15 23 31 27 61 -21 51 22 -24 115 59 26 105 66 -30 30 102 64 33 62 -36 -37 49 63 100 41 48 42 47 -45 46 -47 109 -49 -50 -51 -52 97 57 -55 96 -57 58 -59 73 -61 -62 75 -64 112 -66 -67 87 -69 69 -71 -72 -73 -74 -75 -76 -77 -78 82 90 80 116 -83 -84 84 85 108 -88 111 94 -91 -92 -93 -94 -95 -96 -97 -98 -99 -100 107 -102 -103 -104 124 -106 -107 -108 -109 -110 -111 -112 -113 113 -115 -116 -117 -118 -119 -120 -121 -122 123 -124 -125 -126 -127
leaf_value=-0.023811544361701922 -0.016768795877449144 -0.0033130308121841119 0.0038166902881496042 -0.017200568008346837 -0.046070928371743085 0.0051190838220371059 -0.043728520160223133 0.00092452006401172308 -0.0061608701380166222 0.017443556475335912 -0.0016865401317697087 -0.012028827019562446 0.0018226704894413752 0.0073050760710133104 0.0048163753969471014 -0.00047441596879701858 -0.0036371606858534942 -0.0015210439736768437 0.0084026036720325475 -0.0017869830651331478 0.0065560945412162829 0.0092445466072423182 -0.0038408624010986938 0.0074437758494812559 -0.0022916760782611088 0.015346845148556771 -0.010169359816892111 -0.013203809808942903 0.0065826801163090592 -0.026361656800469216 -0.00080866177494055478 -0.0024516734528538891 0.0098166675504527678 0.0074838252843201711 0.012760726549740043 -0.03661566230885166 0.0027386667555780262 -0.020606714542869362 0.015834357687372964 -0.0079306922788210648 0.0014932061534348516 -0.024289752162894779 0.0042482402814616946 -0.0093765252082471627 0.014642152660204489 0.014284353855947982 -0.01111286696126264 0.0071629673516105125 -0.0015155318337251155 -0.03131600815856888 -0.030540877956432212 0.032040861262934948 0.030542298466443137 0.010707221266505928 0.028329947610223335 -0.027812725187514049 -0.0046564794273585139 -0.0090281481793221992 0.028396374092997709 0.02676264593474156 0.0051858294600871137 -0.02400024241915345 0.014048845642068822 -0.0086121042159770719 0.0058857568334005081 0.020058097873146333 0.006550951263606249 0.014483081227193087 0.0080173176478118991 -0.038315446979964203 0.025513818427827784 -0.013516031212982544 -0.023826884117272379 -0.016528892976478582 -0.0012942067320546626 -0.0062911121029490666 -0.012048926663347757 0.024566912773561999 0.019723010136685263 -0.013939236282666537 0.05580283262977509 -0.0048581133835539055 0.0011004045114257177 -0.022321255515092148 -0.040134969314780611 0.013543113994879501 0.00032507671088655718 0.014677908258276522 0.0029855633934570296 -0.05263224146340334 -0.010407058270794189 -0.0122444930110642 0.00835799030504367 -0.016744466158514108 -0.024626830613997737 -0.020575479080121764 -3.0491398529992193e-05 0.0076595118672063631 0.01688347494148236 0.0089341699271775019 -0.013439050803902085 -0.0052705396693909145 0.006946150615564934 0.018002276688087442 0.0063565664801897032 0.01551951612843357 0.0059298068669697062 0.034585757931772196 -0.0095321764094519739 0.0087825873313833232 0.021377773543310975 -0.019763962165421086 -0.014085372294148241 0.014571027951190127 -0.017099324345313298 -0.012347478740837454 0.026155216877684413 -0.047704256570016125 0.02894511243781285 -0.0012458803730494468 0.036109312246007927 -0.0023208186201067234 -0.025432023571743498 0.025936323926917984 -0.011626372370889372 0.02069489820479558
leaf_weight=9.6750311478972417 288.96648141369224 142.03841763199307 227.09601708804257 19.773287466727197 249.75579480780289 355.94233093596995 14.057390900328754 358.82791299151722 12.669409577734768 216.10412192600779 108.33992309530731 7.5133330589160314 1526.1574515763205 96.877126220846549 174.37189264898188 65.74590485682711 356.79722986393608 580.67923163459636 23.406243366189301 393.94928194535896 65.10163110611029 19.60825171880424 293.69383686722722 26.328857874497771 14.467688775621353 466.30930007610004 385.94021259667352 26.955736614763737 158.1387871587649 8.6891728886403126 222.35359466262162 40.442761050537229 383.68923901149537 22.363329833373427 101.83268608769868 260.08664314402267 58.221964452881366 12.892828971613197 12.631594194099305 21.980380294611678 18.255434198770676 9.4088791380636376 49.104170456528664 182.92761120456271 272.99855436128564 207.75282438797876 410.77796739130281 129.37812496628612 78.351959435502067 13.185815496137364 2236.7384282643907 398.07868843583856 8.9143118895590288 859.24316162400646 15.280077930539845 482.67526871548034 27.460711295716465 22.816294325515628 13.493278232868761 88.575423373375088 442.25660760095343 908.59855087427422 25.879189957398921 93.758681104984134 30.980796959251165 565.57217610813677 4.9157595969736576 27.375463190488517 217.19243647658732 7.5214068854693314 278.30981392948888 1160.8585914848372 570.29420273262076 9.0916859214194101 304.66169968689792 55.537028491962701 45.245003037154675 26.951878723688424 156.76890431088395 16.613334901630878 9.6675486903404799 35.88785214163363 786.88796821283177 15.646274551283566 6.2439736132509998 1003.1410469469265 72.507465451024473 823.84041531116236 46.528210386633873 5.2506231758743516 15.439351615030317 2308.8221758663421 531.42004165949766 495.74723236751743 6.53939758054912 1012.5184067822993 431.18935080408119 23.083298267214559 575.96039814653341 813.19744840695057 863.47585186816286 11.372252205386756 651.82042290922254 1132.6311052859528 3887.9711661498295 14.327941133640705 422.99098196509294 13.760945435613392 17.238129985518754 23.678884753026068 441.79166637430899 6.7326809796504667 15.06541548296809 42.134538171580061 8.3937163013033551 112.87530959991273 783.41703530517407 4.7384810419753176 11.078837715089321 33.649643584620208 9.5172214768826944 9.2584493579342944 8.823488799855113 1438.4272492838209 7.7614489197731009 184.41242658451665
leaf_count=170 2544 1721 2930 268 1006 5213 128 5455 262 4204 1259 176 21464 1060 2707 822 4683 6842 171 5428 607 107 3722 266 148 8256 3579 479 1208 286 2649 260 6608 218 2405 1027 858 193 117 539 380 321 771 1440 3287 2941 4906 1868 1265 360 13622 9396 54 12915 98 3623 407 294 163 2141 6705 6023 340 1135 708 9936 97 165 3381 142 4532 10022 4598 187 3901 424 644 166 2949 196 71 391 9858 277 203 16098 715 14308 497 147 304 22823 7809 4121 90 9143 5868 723 9212 11580 8420 205 8743 17973 52611 263 6640 95 208 447 6929 222 269 550 223 1169 16414 111 102 616 56 94 93 26862 97 3523
internal_value=0.000200976 0.00597021 -0.00153463 -0.00240674 -0.0043384 -0.00813959 -0.0138298 -0.0191615 -0.0246686 -0.00903998 0.0018071 0.0115375 0.00761375 -0.0285631 -0.00435466 0.00155494 -0.00750212 -0.00346975 -0.0149901 0.0147969 0.0199833 -0.0139487 -0.0180604 0.0132737 0.00364197 -0.00110965 0.00372154 0.00722306 -0.0141425 0.0163002 0.0106682 -0.0153068 -0.00887886 -0.00429528 -0.0178926 -0.0263767 0.0191105 0.0040324 0.00249415 0.00161039 0.00540038 -9.61777e-05 -0.00559658 0.013117 -0.00764862 -0.0186925 -0.000490307 -0.0106233 0.0209528 0.0231554 -0.0301028 0.0275101 0.0229114 0.0141838 0.0057986 -0.0263506 0.0236306 0.0238689 0.0244296 0.0116292 0.0095 -0.022236 -0.0142485 0.00879855 -0.0191411 0.0193111 0.0130733 -0.0115906 0.0159361 0.0169356 0.0173588 -0.0158947 -0.0197468 0.0249683 0.00572661 -0.0229877 0.00591768 0.00383161 0.0121867 0.0247591 0.0257388 0.0142608 0.00190674 0.00996965 0.0119833 0.0125229 0.0133297 0.013931 0.0165072 -0.0122513 0.0169772 -0.0118994 0.00741162 -0.0156863 0.0169636 -0.0198824 0.00100127 0.0307259 0.0144688 0.00934205 -0.0129994 0.0252339 0.00497498 0.0172132 0.00627559 -0.00921342 0.00509952 0.0097489 0.0128812 -0.0100108 0.0207937 0.0143753 -0.0027234 0.00691113 0.0132722 -0.0085778 0.0265864 -0.0220566 0.0107243 0.00595989 0.00929199 0.0254734 0.00693601 0.0257541 0.0177906 0.0190196
internal_weight=37481.1 11667.3 4969.31 25813.8 17699.9 10799.1 4312.74 3312.63 2716.19 2729.79 8113.86 6698.03 2239.52 2357.36 6486.37 2254.28 4232.09 2791.35 1343.48 4740.27 713.36 970.349 795.977 1283.93 1957.76 1228.05 939.085 1447.86 2031.33 4346.32 1448.44 1440.74 1397.94 927.679 470.259 368.427 2897.88 6715.92 5078.42 6900.83 2141.9 4758.93 3360.56 1398.37 1164.96 457.509 707.455 2514.68 976.936 1589.33 2260.49 486.264 898.584 1308.55 698.461 502.284 1576.15 875.078 1517.93 729.712 641.137 987.542 543.99 1637.51 1083.94 574.261 867.183 2385.3 1144.73 1078.98 1071.46 1873.19 712.333 1490.47 4202.31 964.136 596.438 1000.11 186.266 852.262 809.698 251.992 813.84 1486.55 1050.66 1035.02 538.817 840.227 1215.44 23.5061 172.208 2357.93 551.193 518.111 1193.46 1052.96 446.469 421.162 793.153 845.884 876.107 1481.37 874.174 1186.92 3897.65 400.268 435.884 836.476 1028.77 434.457 449.305 830.573 150.959 57.2 1011.53 139.204 793.085 9.65424 23.7482 42.564 822.715 1470 22.3168 1447.69 1140.39 198.88
internal_count=485721 167395 63230 318326 211333 120994 42627 29222 20501 28110 106993 104165 35120 15046 78367 29683 48684 33890 11831 76291 13656 10159 7452 19524 27874 15357 12813 22059 17549 70863 21614 14794 15978 11287 4691 2286 49249 91015 65219 90339 32024 58315 37679 20636 12587 3947 8640 25627 19437 29229 13986 10726 18172 20020 10561 3730 28869 17645 28011 12517 10376 6618 4679 25796 10111 10222 15217 23759 18089 17267 17125 16341 6319 27604 56682 6447 8721 13405 3381 17351 16681 4595 10024 23842 17009 16732 8971 14738 19196 527 3253 23594 8077 4339 18657 9403 5966 10119 12593 12052 8537 27417 11392 18567 52781 3842 6833 11731 16529 5353 7105 14530 1954 819 16321 1435 16485 208 364 670 11636 27212 256 26956 18070 3671
is_linear=0
shrinkage=0.05


Tree=16
num_leaves=127
num_cat=0
split_feature=9 5 5 8 7 6 5 7 7 6 8 8 5 7 7 7 7 5 7 8 6 5 4 7 6 5 9 8 6 7 8 9 7 7 6 8 8 8 9 6 9 9 6 6 8 8 7 7 8 4 8 8 5 9 6 5 9 6 4 9 2 4 6 4 6 0 4 4 4 6 9 7 4 4 8 8 6 6 6 5 4 4 3 7 5 6 9 4 2 7 6 0 2 7 8 8 3 3 6 3 8 7 6 8 3 6 6 2 2 3 6 9 4 0 8 4 7 6 7 4 4 3 4 4 8 4
split_gain=362.82 297.353 139.53 82.3343 147.239 145.824 151.52 53.6335 48.9273 54.9798 170.241 126.21 99.4967 285.006 112.433 82.5005 70.4875 82.9541 47.5661 136.687 139.23 68.4637 45.8603 42.5957 41.3648 39.8876 102.545 169.113 80.858 85.8037 157.655 139.57 78.5581 61.419 50.6418 47.7314 36.5159 42.6226 38.3494 31.9282 107.633 57.7069 30.4512 29.6258 59.7469 98.7374 86.4998 27.866 27.6084 24.8207 24.526 23.8034 53.8929 45.8946 35.7557 25.7173 22.994 21.4283 20.6724 19.732 18.4898 18.2461 18.1031 17.6865 17.3904 16.9367 16.7491 16.7233 16.6432 16.5585 44.378 46.5984 16.1964 15.679 15.4819 15.4198 68.7464 38.4065 15.304 38.2334 15.0252 14.5809 13.9536 13.7363 20.4549 13.6789 13.1458 13.0774 12.709 12.2053 11.7939 13.1976 11.4947 11.0872 86.4425 41.5833 11.0801 10.6557 10.5825 10.5706 10.3706 41.9694 10.0418 9.71774 9.55539 9.4147 8.96293 8.90786 8.86856 8.52518 8.87094 8.40255 8.27171 8.26723 8.23951 8.20242 7.62496 7.55217 15.005 9.3143 7.54957 7.46771 7.31308 7.23751 7.19886 7.13308
threshold=1.5000000000000002 1.0000000180025095e-35 1.0000000180025095e-35 1.5000000000000002 1.5000000000000002 1.5000000000000002 1.5000000000000002 1.5000000000000002 1.0000000180025095e-35 1.5000000000000002 1.0000000180025095e-35 1.0000000180025095e-35 1.5000000000000002 1.5000000000000002 1.5000000000000002 1.5000000000000002 1.5000000000000002 1.5000000000000002 1.0000000180025095e-35 1.5000000000000002 1.0000000180025095e-35 1.5000000000000002 3.5000000000000004 1.0000000180025095e-35 1.0000000180025095e-35 1.5000000000000002 1.0000000180025095e-35 1.5000000000000002 1.5000000000000002 1.5000000000000002 1.5000000000000002 1.0000000180025095e-35 1.5000000000000002 1.5000000000000002 1.5000000000000002 1.5000000000000002 1.5000000000000002 1.0000000180025095e-35 1.0000000180025095e-35 1.5000000000000002 1.0000000180025095e-35 1.0000000180025095e-35 1.0000000180025095e-35 1.5000000000000002 1.5000000000000002 1.0000000180025095e-35 1.0000000180025095e-35 1.0000000180025095e-35 1.5000000000000002 3.5000000000000004 1.5000000000000002 1.0000000180025095e-35 1.5000000000000002 1.0000000180025095e-35 1.0000000180025095e-35 1.5000000000000002 1.0000000180025095e-35 1.0000000180025095e-35 3.5000000000000004 1.0000000180025095e-35 2.5000000000000004 3.5000000000000004 1.5000000000000002 3.5000000000000004 1.5000000000000002 2.5000000000000004 3.5000000000000004 3.5000000000000004 3.5000000000000004 1.5000000000000002 1.0000000180025095e-35 1.0000000180025095e-35 3.5000000000000004 3.5000000000000004 1.0000000180025095e-35 1.0000000180025095e-35 1.0000000180025095e-35 1.0000000180025095e-35 1.0000000180025095e-35 1.5000000000000002 3.5000000000000004 3.5000000000000004 2.5000000000000004 1.5000000000000002 1.5000000000000002 1.0000000180025095e-35 1.0000000180025095e-35 3.5000000000000004 2.5000000000000004 1.5000000000000002 1.5000000000000002 2.5000000000000004 2.5000000000000004 1.5000000000000002 1.0000000180025095e-35 1.0000000180025095e-35 2.5000000000000004 2.5000000000000004 1.0000000180025095e-35 2.5000000000000004 1.5000000000000002 1.0000000180025095e-35 1.0000000180025095e-35 1.0000000180025095e-35 2.5000000000000004 1.0000000180025095e-35 1.0000000180025095e-35 3.5000000000000004 2.5000000000000004 3.5000000000000004 1.5000000000000002 1.0000000180025095e-35 3.5000000000000004 2.5000000000000004 1.5000000000000002 3.5000000000000004 1.0000000180025095e-35 1.0000000180025095e-35 1.5000000000000002 3.5000000000000004 3.5000000000000004 2.5000000000000004 3.5000000000000004 3.5000000000000004 1.5000000000000002 3.5000000000000004
decision_type=2 2 2 2 2 2 2 2 2 2 2 2 2 2 2 2 2 2 2 2 2 2 2 2 2 2 2 2 2 2 2 2 2 2 2 2 2 2 2 2 2 2 2 2 2 2 2 2 2 2 2 2 2 2 2 2 2 2 2 2 2 2 2 2 2 2 2 2 2 2 2 2 2 2 2 2 2 2 2 2 2 2 2 2 2 2 2 2 2 2 2 2 2 2 2 2 2 2 2 2 2 2 2 2 2 2 2 2 2 2 2 2 2 2 2 2 2 2 2 2 2 2 2 2 2 2
left_child=2 7 22 8 5 78 23 43 98 11 16 15 14 60 125 82 92 -18 19 51 72 39 50 -7 48 26 27 33 29 30 80 68 -30 90 -35 63 37 86 49 40 -22 -41 -17 44 45 47 -46 67 74 121 59 52 106 55 -54 102 -32 96 -26 116 -14 -36 93 75 117 -6 107 105 -31 -52 -71 -72 -21 -64 -9 76 -33 -77 79 -5 111 -48 -10 84 -12 -61 -34 113 -16 -66 -20 -92 -11 95 -95 -59 -28 -47 -3 -62 103 -102 -53 -45 -15 -2 123 -67 -80 110 -24 -27 -40 -55 -112 -44 -1 118 -29 -119 -8 -39 -98 -4 -124 -13
right_child=1 3 18 4 65 6 120 24 9 10 83 12 13 104 88 42 17 -19 25 20 21 -23 109 -25 58 28 57 64 32 31 56 35 36 34 61 -37 -38 38 112 41 -42 -43 115 100 46 97 81 -49 -50 -51 69 53 54 87 -56 -57 -58 62 -60 85 99 -63 73 -65 89 66 -68 -69 -70 70 71 -73 -74 -75 -76 77 -78 -79 108 -81 -82 -83 -84 -85 -86 -87 -88 -89 -90 -91 91 -93 -94 94 -96 -97 122 -99 -100 -101 101 -103 -104 -105 -106 -107 -108 -109 -110 -111 114 -113 -114 -115 -116 -117 -118 119 -120 -121 -122 -123 124 -125 -126 -127
leaf_value=0.0079141830699303427 -0.017649538041663231 0.00080930502297574345 0.0054645116688976101 -0.00330024347939666 -0.010672715973959522 0.034751130411705147 0.017978345540129431 0.0078732284813138233 -0.046192999912529564 -0.028722406435266003 0.018084860338139701 0.020855467339286313 0.0054553487151370187 -0.036972809531590003 0.026461022289753618 -0.018477918208533128 -0.031222302692261891 -0.0059619538153310465 -0.0062360291358564586 0.01863032401507602 -0.005036769085415377 0.011401523822403052 0.00070993549141960236 -0.033011969158814873 0.020469734951009753 0.017669644697518968 -0.041943717151891199 0.0019952140290386902 -0.0038632677890968695 0.028443595505498 -0.019870085046897912 -0.028691181460285448 -0.000165235740565351 0.01107374120123952 -0.031089868518754993 0.001956794997375486 0.0030565182096770828 -0.014411804934396907 0.019241557802133637 -0.028801542949607146 -0.043592411993902944 0.010575315846650496 0.0090593645329585387 0.0096598162001013278 0.020898035268241907 -0.012675759432530435 -0.029456699255278496 -0.00019201809618675882 0.01762950551380349 -0.0048775868253018752 0.0098689170586750558 -0.012905724592462746 0.025121503941523207 -0.019944067605654339 -0.024296392576287681 0.017422412109621057 -0.0037441942716187615 0.026048189264531209 -0.015588455376071243 0.020249640563926308 -0.0065329418278940333 0.0082778669559606249 0.016810858575781823 -0.00055385584181433418 -0.0030593487659099135 0.020821449071144686 -0.0037067460546642709 0.0018860233261862079 -0.0033450774884058601 -0.03161887953160699 -0.019431162220022322 0.029347522201615208 -0.0075436634626612044 -0.0044415287352686994 -0.024992500574876054 0.0053221939491068368 0.027438460705583909 -0.03611464490389598 -0.020748720606324798 0.022273112827907254 -0.0001807456718199482 0.0053119966438120109 0.025121313420216469 0.017848217361660212 -0.0051444291066463851 0.011995817312682811 0.014801323211823919 0.0022809075665507815 -0.022885042077098558 0.016938574777940914 -0.056488046875194223 0.0091176900493703233 0.017091015032481019 -0.024213944546029809 0.018625334295138306 0.0043228753715608657 0.022823160224659411 0.012819158887323712 0.011937259019275366 -0.039793389729341544 -0.028725092174208086 0.00594089483759084 0.0023087205964473999 -0.026800169451757141 0.022865960426115207 0.00829675962683552 0.017731749732123388 -0.03725505958228334 0.013421092000693422 0.035020575224131698 -0.019868586002202645 0.029327689156429245 0.0035804870670406923 0.025998242851717486 0.0060194980169806156 -0.021474647027565286 0.016775539183496849 0.032049794550668365 0.032645901084760592 -0.0051901720079593865 -0.0084705806119588622 0.045958751479947067 0.026895108611174019 -0.032534266738283794 -0.0067080595811290882 -0.0017115783165983379
leaf_weight=1032.6822561644949 2091.3082855101675 371.92395573365502 71.215648913756013 632.99614806985483 48.506347286514938 23.28978609747719 224.40505623328499 42.509819431230426 6.1100326282903543 13.695790231227873 184.49926500476431 301.4829513609875 23.780593539588153 5.9884793367236844 12.721128610894082 280.7178727183491 510.24182452494279 893.94357399316505 633.16391989879776 305.01126462500542 275.4192263125442 146.63888098811731 383.01388804218732 633.3793387603946 225.20883228047751 379.09452694584616 6.1903701929841182 89.920137095730752 1272.9962696891744 182.4817712235963 415.97775053663645 301.33593725692481 341.13966079195961 92.188776893774047 518.16316837538034 195.78570693894289 786.13675715611316 4.8088200413621953 463.27007184620015 228.30288761598058 528.68924036668614 155.87767499964684 210.50568341370672 18.225661152042449 97.092359461938031 44.431502889841795 965.01489090477116 309.69156353082508 61.178960038349032 28.050706091336906 1084.4193970108172 206.2745816744864 42.150306424126029 9.3234644513577205 245.44440410262905 181.4557754258858 471.71373622072861 285.35356094397139 47.44859645050019 1586.379936047364 24.945944528095424 30.805478914408013 1024.3310680853901 69.224104640772566 128.20376888103783 1294.0028810928343 75.081756699248217 120.86822347715497 52.83527504443191 94.178250847849995 80.990002445410937 120.78573786839843 72.666056642308831 94.404777380987071 213.92135266121477 62.255572290625423 65.724121335893869 528.6128223259002 18.64695739466697 188.9564591263188 81.753339174669236 30.835311314091086 353.15908259782009 786.39210936415475 193.05606517824344 742.90917656221427 256.40701263700612 73.909753832733259 370.03440935933031 186.49580493196845 6.9466102682054034 225.07599331461824 222.44154686923139 204.11384227476083 275.48821948340628 956.67220465838909 557.05871443753131 435.78668635687791 501.52850438421592 951.88327823579311 234.20522597339004 138.3833685265854 226.93620752682909 815.25947519741021 248.29538146033883 35.011452306061983 236.65511345095001 5.762625756673514 716.73362692119554 13.814100066199897 119.22746595554054 270.28200978704263 103.65852602478117 440.55265769117977 40.764705730136484 23.593540844973177 318.45415692543611 247.25459550309461 71.024388641351834 17.732293549343012 30.053765942808241 232.66500972665381 23.778391843079589 14.163413075264542 43.869661937700585 39.436164796119556
leaf_count=14992 15942 5138 1590 7855 593 638 3707 611 202 261 3191 5570 184 147 61 1777 2588 8470 8310 5247 2506 2177 5673 2433 4186 6321 187 1293 13534 3940 2867 1348 3656 1550 2669 3288 10253 128 6173 868 2440 2381 3466 429 2266 627 5891 4096 612 426 16452 1309 606 173 1301 2492 5369 5962 426 26574 140 329 17770 738 1332 22961 1164 1051 509 702 302 2302 762 1836 1376 1127 2197 2448 368 3063 1233 410 6352 14345 1889 14036 3691 953 3099 2365 94 3615 4244 1107 4993 13052 9351 7557 8977 4298 853 2764 2794 5324 4827 391 3929 110 10563 81 1031 5544 1106 10991 382 166 5463 4816 1503 348 229 7323 268 233 480 346
internal_value=0.000148321 -0.00545769 0.00443857 -0.000372494 0.0053834 -0.00200244 -0.0178798 -0.014399 -0.00380305 -0.00550374 -0.000531517 -0.0103897 -0.0173773 -0.0258866 -0.00260648 0.00542908 -0.0109065 -0.0151565 0.0020246 -0.00315252 -0.0131881 -0.0207681 0.0112029 -0.0305595 -9.7213e-05 0.00348319 0.00653589 -0.00178611 0.000824141 -0.0050833 0.00284102 -0.0138761 0.00603389 -0.0114027 -0.0231181 -0.0206608 0.0117182 0.0164745 0.0237824 -0.0247441 -0.0304092 -0.0128388 -0.00740105 -0.0159807 -0.0139608 -0.0103472 -0.0239835 -0.0142537 -0.0123432 0.0394468 0.0127012 0.00668135 -0.00129109 0.0109479 -0.0169917 0.00167304 -0.0113147 0.0119217 0.0141608 0.0148332 -0.0378918 -0.0288697 0.0100638 -0.0249696 0.0177617 0.0181847 0.0192099 -0.0161907 0.0213222 0.00701 -0.00346344 0.00976916 0.0135878 0.0150151 -0.0195348 -0.0267316 -0.0185936 -0.0317471 0.00729221 0.00259867 0.02002 -0.0283759 0.0237836 0.0140864 0.00622477 0.0176234 0.00627091 0.0218081 -0.0211803 0.00880784 -0.00270411 0.00691951 0.014324 0.00683953 0.000380919 0.00933117 0.0202573 0.0104388 0.00720522 -0.0389515 -0.0228805 -0.0158683 -0.00494872 -0.0259923 0.0213174 -0.0172186 0.0127396 0.0205355 0.0125277 -0.00241283 -0.00342776 0.0225596 0.0163894 0.025004 -0.0132761 0.00590376 0.0100136 0.0243411 0.0156393 0.0295476 0.0148336 0.0446809 0.0209397 -0.00114272 0.00532323 0.0182476
internal_weight=37711.3 16348.6 21362.8 10422.2 3891.81 2468.46 911.128 5926.38 6530.38 5656.92 2804.27 2852.65 1978.57 1254.89 723.675 874.086 1640.32 1404.19 15745.1 3460.69 1712.61 1334.93 5617.62 656.669 590.268 12284.4 5718.24 2246.97 6566.21 3077.08 1618.82 1458.26 3489.13 1506.34 641.157 1222.94 2216.14 1430 832.453 1188.29 804.108 384.181 514.817 5336.11 4130.04 3037.1 1092.94 2556.88 317.61 265.525 5060.8 1748.08 609.629 1138.45 287.595 614.667 887.691 3471.26 272.657 3680.43 1000.61 548.969 2840.36 1027.15 740.631 1423.35 1374.85 2247.19 235.317 1380.37 295.954 201.776 377.677 1118.74 256.431 957.928 367.06 590.868 1557.33 821.953 731.13 995.85 359.269 1163.95 377.555 2329.29 597.547 523.786 382.756 314.7 865.187 232.023 236.137 1721.63 479.602 1242.03 630.897 480.218 873.452 976.829 1206.07 372.589 433.211 833.485 254.284 2126.32 322.034 1299.77 735.381 556.82 543.006 649.377 566.929 449.876 159.992 234.099 1351.14 425.931 160.945 264.987 254.459 237.474 624.707 85.3791 67.6481 340.919
internal_count=485425 188234 297191 133422 53684 28856 7007 54812 79738 65623 34988 30635 18672 9596 9076 11963 15563 11058 209201 42752 16381 10372 87990 3071 7211 166449 83230 28224 83219 36929 21334 15595 46290 16567 4548 11146 32756 22503 15156 8195 4946 3249 5409 47601 38231 29664 8567 21480 2599 7877 80823 26371 7659 18712 1907 6595 8236 55006 4612 61065 4622 2998 44720 7858 11657 24828 24235 17384 4449 19758 3306 2604 6009 19606 1987 7120 3545 3575 21849 10918 13098 6301 6554 19425 5080 40610 7347 12117 3160 3697 12019 3709 4505 25114 6100 19014 10286 8184 14115 4438 9370 3617 4103 5753 4974 16333 5752 23071 10931 7167 7086 11865 7279 11164 1413 3632 20455 7960 2796 5164 3936 7451 10099 1823 748 5916
is_linear=0
shrinkage=0.05


Tree=17
num_leaves=127
num_cat=0
split_feature=6 5 7 8 7 8 7 8 5 7 6 8 5 5 6 8 8 8 5 5 8 8 5 5 6 6 8 8 4 5 7 6 6 8 5 7 7 3 4 2 3 2 0 3 1 4 6 4 8 4 0 7 7 7 4 5 6 1 0 1 0 2 8 6 8 0 2 8 4 7 5 5 8 8 8 1 4 4 7 3 4 4 2 2 2 2 4 0 2 2 4 1 2 2 1 4 8 3 0 1 4 1 1 0 8 7 1 8 4 8 3 0 3 7 0 8 0 8 1 0 8 8 0 1 4 4
split_gain=126.562 159.628 89.6142 84.7736 293.823 97.779 70.8682 239.248 108.3 106.187 112.025 85.1748 82.6244 59.9463 52.9455 45.8269 45.6003 45.2616 81.2182 74.4865 72.5426 56.8938 44.5761 44.1206 89.3058 69.3639 348.407 119.374 40.4096 37.9516 35.1335 144.354 69.5752 34.3953 22.4402 48.5768 18.0652 18.0468 16.9212 16.6252 15.0095 14.867 14.7707 13.9233 13.3079 13.3476 13.2831 16.2357 12.4549 14.7523 12.3215 11.5857 10.7586 34.848 10.5718 10.0239 8.97016 8.6771 8.05553 8.53552 8.03811 7.99883 9.41185 7.8895 11.2223 9.15414 7.82204 8.55916 7.43362 7.41854 64.8026 55.4864 70.4275 54.1928 48.6999 11.3128 8.397 7.33992 7.113 6.74447 6.6707 6.66199 6.34606 6.12137 5.94046 5.3602 5.28249 5.253 5.21541 5.19445 5.17825 5.12583 4.94056 4.59844 5.60989 4.2405 4.16449 4.12741 4.07307 3.99279 3.95929 5.1818 3.86202 3.75073 3.74615 3.61573 3.58843 3.58487 3.48534 4.54589 6.26392 5.95228 4.29351 3.48242 3.34309 3.19763 3.08027 2.98097 2.97922 2.92543 2.85978 3.37346 2.72149 4.47032 2.60754 2.57
threshold=1.0000000180025095e-35 1.5000000000000002 1.5000000000000002 1.0000000180025095e-35 1.5000000000000002 1.5000000000000002 1.5000000000000002 1.0000000180025095e-35 1.5000000000000002 1.0000000180025095e-35 1.5000000000000002 1.0000000180025095e-35 1.0000000180025095e-35 1.0000000180025095e-35 1.5000000000000002 1.0000000180025095e-35 1.5000000000000002 1.5000000000000002 1.0000000180025095e-35 1.0000000180025095e-35 1.0000000180025095e-35 1.0000000180025095e-35 1.0000000180025095e-35 1.5000000000000002 1.5000000000000002 1.5000000000000002 1.5000000000000002 1.5000000000000002 3.5000000000000004 1.0000000180025095e-35 1.0000000180025095e-35 1.5000000000000002 1.5000000000000002 1.5000000000000002 1.0000000180025095e-35 1.0000000180025095e-35 1.0000000180025095e-35 2.5000000000000004 3.5000000000000004 2.5000000000000004 2.5000000000000004 3.5000000000000004 2.5000000000000004 2.5000000000000004 3.5000000000000004 3.5000000000000004 1.5000000000000002 3.5000000000000004 1.5000000000000002 3.5000000000000004 3.5000000000000004 1.0000000180025095e-35 1.5000000000000002 1.0000000180025095e-35 3.5000000000000004 1.5000000000000002 1.5000000000000002 2.5000000000000004 2.5000000000000004 2.5000000000000004 2.5000000000000004 2.5000000000000004 1.5000000000000002 1.5000000000000002 1.5000000000000002 2.5000000000000004 2.5000000000000004 1.0000000180025095e-35 3.5000000000000004 1.0000000180025095e-35 1.0000000180025095e-35 1.0000000180025095e-35 1.5000000000000002 1.5000000000000002 1.5000000000000002 2.5000000000000004 3.5000000000000004 3.5000000000000004 1.0000000180025095e-35 2.5000000000000004 2.5000000000000004 3.5000000000000004 2.5000000000000004 2.5000000000000004 2.5000000000000004 2.5000000000000004 3.5000000000000004 3.5000000000000004 2.5000000000000004 2.5000000000000004 3.5000000000000004 3.5000000000000004 3.5000000000000004 3.5000000000000004 3.5000000000000004 3.5000000000000004 1.0000000180025095e-35 3.5000000000000004 2.5000000000000004 2.5000000000000004 3.5000000000000004 2.5000000000000004 3.5000000000000004 3.5000000000000004 2.5000000000000004 1.0000000180025095e-35 2.5000000000000004 2.5000000000000004 3.5000000000000004 1.5000000000000002 2.5000000000000004 3.5000000000000004 2.5000000000000004 1.0000000180025095e-35 2.5000000000000004 1.5000000000000002 2.5000000000000004 1.0000000180025095e-35 3.5000000000000004 2.5000000000000004 1.5000000000000002 1.0000000180025095e-35 3.5000000000000004 3.5000000000000004 3.5000000000000004 3.5000000000000004
decision_type=2 2 2 2 2 2 2 2 2 2 2 2 2 2 2 2 2 2 2 2 2 2 2 2 2 2 2 2 2 2 2 2 2 2 2 2 2 2 2 2 2 2 2 2 2 2 2 2 2 2 2 2 2 2 2 2 2 2 2 2 2 2 2 2 2 2 2 2 2 2 2 2 2 2 2 2 2 2 2 2 2 2 2 2 2 2 2 2 2 2 2 2 2 2 2 2 2 2 2 2 2 2 2 2 2 2 2 2 2 2 2 2 2 2 2 2 2 2 2 2 2 2 2 2 2 2
left_child=1 2 16 4 105 43 8 28 11 10 66 13 63 77 69 -12 22 18 21 68 -20 -4 51 24 33 26 54 -27 37 100 32 89 -15 87 35 86 -31 -8 57 -11 -33 60 -36 -5 45 58 47 79 49 -37 61 -1 53 90 -25 -30 -57 -28 -24 -60 -17 -26 98 64 -9 -65 -10 -68 -19 71 74 81 91 -72 119 -75 104 99 102 -41 -39 -13 -62 -82 -77 -44 115 116 -74 -32 -7 -73 -48 94 -69 -50 -46 103 -63 -2 101 -18 -45 -61 106 -3 -76 -35 109 110 -87 -112 -110 -111 -64 -16 -14 -47 -81 -71 121 -49 123 -85 -55 -54
right_child=6 3 17 5 -6 52 7 12 9 39 15 14 23 30 34 41 29 19 20 -21 -22 -23 44 25 50 27 38 -29 55 36 31 40 -34 107 42 48 -38 80 -40 46 -42 -43 85 78 96 117 92 120 95 -51 -52 -53 125 124 -56 56 -58 -59 59 97 82 62 114 65 -66 -67 67 93 -70 70 73 72 88 75 76 84 -78 -79 -80 118 83 -83 -84 122 -86 108 -88 -89 -90 -91 -92 -93 -94 -95 -96 -97 -98 -99 -100 -101 -102 -103 -104 -105 -106 -107 -108 -109 112 113 111 -113 -114 -115 -116 -117 -118 -119 -120 -121 -122 -123 -124 -125 -126 -127
leaf_value=0.0017703695825153469 0.0012683197280135066 -0.035448819086030633 -0.020076860406070974 -0.054219200498738546 0.029906917264707369 -0.018398628096508995 -0.0077487407568179907 -0.0016428758793845173 -0.0049078747723438265 5.252371814802353e-05 0.028783558420329331 -0.012595432728587045 -0.00578942432797587 -0.026588847490369962 0.022215222160731012 0.020845603744213747 0.010129225826183466 -0.026048097342620393 0.023787150283287949 0.013480545967713121 -0.03548648384998792 0.02552156855882777 0.0022834321227803512 0.023596761663421562 0.012236509695847908 -0.0061419342171942061 -0.0077149266323997979 0.012528236053445461 0.010817158712816312 0.0048127529785974392 -0.023806595623944646 0.024807241936385657 0.013612949435765132 -0.0036972201443775162 -0.0086516426607624319 -0.0080359441120292276 -0.0073665293750444427 -0.026980382708695596 -0.0012207823005688304 -0.0051770907106001122 -0.019999254384150053 0.038766987270680231 -0.0081706130778408138 -0.00051312826321002274 -0.0099368848888676618 0.012951004226577226 0.022068350598182407 -0.013373325853661674 0.012261793043844534 0.024708411745764023 0.023591906189180951 -0.0063688519224047672 -0.022209235867747791 0.016996752539394182 -0.00025968406966402925 0.016003003154013512 -0.016803776799500937 -0.032998371361606986 -0.012391150567102733 0.018413961120631178 0.018656121803032204 -0.0053633828676201666 -0.0007445164856112658 -0.011961421447240505 0.013031000620067233 0.014967253451065934 0.010655219982302837 0.031766398911081344 0.00309413306174516 0.023457333360962437 0.0071150847397729554 -0.0048325559936099934 -0.014416522978669142 0.021929962345415468 0.0016391851635401068 0.024128623993576612 0.0046536264446611891 -0.0127830672359563 0.012669137057576963 0.016724334320324309 -0.0071187319270096354 0.0068551769537305539 -0.018080209815292136 0.018959997631713542 -0.0086145880559249152 -0.0082955615268836876 -0.005897726699067323 -0.019099247318076662 0.023654977558707688 0.013235679405016338 0.0085402209796927638 0.027448930367106113 -0.0035094481597113536 -0.010842541166877571 -0.014608532142250084 -0.0056813336974979372 -0.077498636212403715 -0.015066988737160539 -0.018704452273240958 0.014599634111116536 -0.0030307247087603688 -0.018210344973655673 0.032448888110598956 -0.0028172819158529525 -0.010764920442575744 -0.044253377923751676 0.027004772214241825 0.022592961830124922 0.04372065949360307 0.0091262582944166212 0.020846528318271586 -0.02651043653735484 0.0031609942685697119 0.017022902074860125 -0.012682961607652485 0.035832587831567474 0.019025401382495592 -0.0054487020236992202 0.0013736979796251812 0.0023244227486259122 -0.013942404394603654 0.011249874407349252 -0.0024213940167785546 -0.0057213439695447833 -0.0031181191993285458 -0.0059122735179214757
leaf_weight=4808.3083962374367 67.395884069846943 189.40060074301437 134.36080195801333 7.9117549606598905 177.27168407803401 509.12656005518511 70.356786082498729 301.7860872275196 24.508962945546955 144.46033947891556 61.900151876965538 701.50325324689038 12.663087333785368 558.45872661308385 115.74404491018504 13.174588107038288 16.020122036337852 212.47351881372742 56.297468372853473 336.0668129210826 546.97916986746714 137.31904533971101 112.65068758651614 456.79284803417977 25.907149371691048 2232.0404899413697 36.108704342041165 1387.5319850856904 67.893615553155541 646.08801677520387 8.729641290381549 18.321023963391781 132.59441533288918 742.10946882423013 64.940659169107676 481.26687664934434 574.04897854966111 7.3755004066042593 47.280135007342324 36.814639228628948 806.97885387786664 11.373265910893677 22.651179476641119 188.74075495940633 4.7554721850901824 26.419402609579265 1101.2107596264686 20.445540110580623 167.11498360638507 36.074549920624122 19.946740378625691 479.95779507863335 575.07116589904763 90.052721888845554 51.656715312972665 23.679886236321181 138.39677160093561 834.47623248398304 24.02790466370061 765.6413332951488 11.197123572230337 60.790121758589521 61.928317991085351 32.940627077594399 228.03277088934556 503.86526847793721 86.696778833400458 218.800719785213 24.159116140101105 15.873383925296364 1057.3308556885459 594.67664347100072 8.5812001200392825 30.669964057393372 14.510037861764429 13.05119922198355 52.86178386118263 30.295725111849606 394.49695026315749 1393.2609560840065 23.118970539420843 46.355404695495963 675.98491347394884 1719.606094422983 1450.333220085362 19.109456288162619 11.974032569909467 9.1208491362631303 392.63829252601136 627.90853203414008 17.936175112146884 11.573538454249499 18.948805888183415 6.4871066045016041 6.1769164139404884 40.315650533884764 4.0820026770234108 8.9329332467168552 1333.6429601442069 342.21030200459063 53.047799349296838 545.01700731948949 8.3241424346342665 21.128022971563041 6.4335832598153493 517.65926139662042 465.68059420998907 12.212624086067079 6.1046917699277392 262.62473078584298 647.006300615496 5.8926746966317287 82.793392924475484 309.14006232446991 1148.2909549700562 78.456245819106698 278.3090269418899 110.89457096275873 32.532196718268096 577.61975380545482 44.905382452299818 38.679230875335634 15.169108388945459 18.130005420185626 19.234308836050332 26.152971299365163
leaf_count=59571 737 697 1253 294 3239 3576 813 3785 244 2087 958 6912 281 3651 2398 122 189 1691 994 4964 2854 2752 1359 8322 246 25549 380 21488 760 9003 224 76 2390 7149 810 5623 6714 114 474 448 5867 49 471 2602 99 401 17484 327 3110 477 173 5691 4205 1966 611 425 1077 5124 249 13969 114 723 589 352 3529 7228 1763 4740 155 219 15179 6696 218 231 93 204 675 490 5754 21695 256 541 6304 28518 14164 244 352 84 7175 9710 264 132 144 104 149 286 151 178 11097 6103 414 5578 36 479 62 2167 9695 58 50 3503 12724 150 1572 4693 9977 1161 4993 815 291 8351 694 750 186 247 158 388
internal_value=4.66141e-05 -0.00412234 -0.00110531 -0.0148149 -0.0275268 -0.0086839 0.00201258 -0.000839234 0.00438071 0.011429 -0.00163013 0.00170034 -0.00410554 -0.00614774 0.00431271 -0.0121695 0.000919698 -0.0125698 -0.0197161 -0.00163655 -0.0299249 0.00297968 0.00292091 -0.00570711 -0.00984974 -0.00266405 -0.0119986 0.0010166 0.0145445 -0.00602456 -0.00958408 -0.00518632 -0.0188667 0.00245651 0.0105805 0.00454033 -0.000918685 0.016996 -0.0303794 0.0165767 -0.0189758 -0.0157666 0.0145337 0.00788147 0.01218 0.0127018 0.0174648 0.0144727 -0.00156076 -0.0057094 -0.0147445 0.0010306 -0.016708 -0.0121431 0.0211773 -0.00520503 -0.0119419 -0.0319598 0.0148431 0.0165642 -0.0167062 -0.015044 -0.0153199 0.0090271 0.00468538 0.0132956 0.0221302 0.0242218 -0.0230723 0.00160212 0.00287636 -0.0010726 0.0065841 -0.00154325 0.0128216 -0.00767135 0.0236799 0.0106542 0.00880212 0.0158296 0.017976 -0.0113823 -0.0174554 0.0181778 -0.00830629 0.0156502 0.0258917 0.0167442 0.0228069 0.0126912 -0.0174675 -0.0041721 0.0216329 0.0292356 0.0304341 0.00876389 -0.0458491 0.0174531 -0.0181271 0.0124146 -0.0161515 -0.0173845 0.00103601 0.017841 0.0257329 -0.0419483 0.0262433 -0.00324223 0.0160609 0.0167456 0.0195527 0.0203792 0.00640161 0.0134181 -0.0120732 0.027872 0.0179293 -0.00184053 0.0163753 0.00292814 -0.00457434 0.00265428 0.0185153 0.0186994 0.0134604 -0.0215113
internal_weight=38602.6 12370.1 9648.68 2721.38 884.332 1837.05 26232.5 11901.2 14331.4 3947.56 1116.3 10383.8 9817.43 2592.89 7790.9 773.63 8201.02 1447.66 874.956 572.699 603.277 271.68 6366.8 8750.81 3704.92 5045.89 1426.31 3619.57 2083.73 1834.22 2152.99 1461.94 691.053 1054.42 2351.21 930.946 1220.14 1853.76 917.865 2831.26 825.3 711.73 1420.26 599.474 1078.53 1069.69 2686.8 1566.64 724.772 517.341 2650.51 5288.27 1237.57 636.35 508.45 229.97 162.077 870.585 932.381 819.73 700.357 2630.56 2604.65 1066.62 529.819 536.806 342.67 318.162 236.633 5439.69 3684.36 1755.33 1007.47 2551.39 1132.98 1494.05 539.486 439.902 591.562 1462.61 1783.4 747.859 687.182 1776.02 1463.38 1355.32 206.174 300.093 401.219 636.638 527.063 606.25 1120.16 231.465 224.978 207.431 8.83747 795.702 1394.43 409.606 614.085 561.037 197.065 786.769 486.624 707.06 480.191 754.322 1332.67 1243.77 672.008 652.899 88.8981 571.765 1210.22 194.2 290.972 137.314 1425.79 593.493 104.03 59.1248 1752.91 1737.74 109.287 601.224
internal_count=485363 144869 119523 25346 6103 19243 340494 144608 195886 58467 14547 137419 112212 29248 108171 7547 104860 14663 7853 6810 3848 4005 82962 97318 35370 61948 14911 47037 32396 21898 21918 15877 6041 12565 37624 13407 15717 30134 5978 43920 5943 6589 24217 8686 17700 17450 41833 24205 9496 6100 22805 65262 10557 5964 8933 2262 1502 5504 16234 14875 6540 22632 22386 14894 7314 7580 7000 6756 1846 70547 48873 21674 14221 29778 19095 14599 10525 7330 8392 22434 29321 7453 6418 29207 14368 23407 3911 5358 7393 9934 3840 6828 17628 4993 4889 3396 250 14626 11820 6840 6181 5767 2638 14448 9850 2864 9788 7207 22936 21314 13118 12874 1622 8196 10566 3559 5274 1216 21986 8570 1771 1077 28951 28765 2124 4593
is_linear=0
shrinkage=0.05


Tree=18
num_leaves=127
num_cat=0
split_feature=5 6 5 6 7 6 6 6 9 7 9 9 7 7 7 7 9 9 9 7 7 7 4 4 7 6 7 9 9 7 9 4 9 1 0 6 9 7 9 9 7 7 0 7 4 7 7 7 4 4 3 2 2 9 9 9 3 2 4 9 1 2 9 7 7 9 9 0 3 3 0 1 3 5 0 9 7 0 2 0 2 4 2 2 9 3 1 0 0 1 3 1 3 2 2 7 9 0 6 4 3 2 1 1 3 3 1 4 4 3 4 7 9 0 7 1 2 4 9 0 4 9 3 0 2 2
split_gain=629.068 205.543 109.199 202.698 122.122 116.954 98.4741 75.1561 185.294 114.929 67.6792 203.794 157.078 90.369 68.9847 47.7111 62.7741 42.6209 70.8743 41.5422 38.0993 60.9864 34.0395 32.9484 32.3032 32.1679 58.5833 104.294 51.0876 70.1069 50.8899 48.5172 43.2356 30.577 29.1679 28.5014 42.2437 27.3557 26.2128 25.6132 45.8071 23.306 21.6953 16.3774 24.2455 15.079 13.6429 18.6672 13.321 13.1011 12.6738 12.4665 11.2768 10.8519 13.526 10.7618 10.2321 9.32635 9.10584 9.08526 10.3336 8.82023 8.08276 7.99919 7.03086 75.701 25.9074 12.0942 9.37373 7.87877 6.88097 6.80237 6.50839 6.64812 6.47005 6.06245 5.99677 5.98377 5.88338 5.8344 5.65192 5.38948 5.37276 5.2587 5.02811 5.01388 4.98548 4.97323 4.86291 4.76154 4.684 4.60575 4.59899 4.59791 4.49931 6.31402 4.44492 4.2587 3.90774 10.3915 3.74381 3.74201 3.72254 3.69866 3.57161 3.42952 3.40411 3.24299 3.13079 5.22103 3.12362 2.95347 2.92385 2.88492 2.80757 2.80186 3.5755 2.77088 2.74644 2.73414 2.93439 2.59212 3.83523 3.06506 2.56505 2.52329
threshold=1.5000000000000002 1.0000000180025095e-35 1.0000000180025095e-35 1.5000000000000002 1.5000000000000002 1.5000000000000002 1.5000000000000002 1.5000000000000002 1.5000000000000002 1.0000000180025095e-35 1.0000000180025095e-35 1.5000000000000002 1.5000000000000002 1.5000000000000002 1.0000000180025095e-35 1.5000000000000002 1.0000000180025095e-35 1.0000000180025095e-35 1.5000000000000002 1.5000000000000002 1.0000000180025095e-35 1.5000000000000002 3.5000000000000004 3.5000000000000004 1.0000000180025095e-35 1.0000000180025095e-35 1.0000000180025095e-35 1.0000000180025095e-35 1.5000000000000002 1.0000000180025095e-35 1.5000000000000002 3.5000000000000004 1.0000000180025095e-35 2.5000000000000004 2.5000000000000004 1.0000000180025095e-35 1.5000000000000002 1.0000000180025095e-35 1.0000000180025095e-35 1.0000000180025095e-35 1.0000000180025095e-35 1.0000000180025095e-35 2.5000000000000004 1.5000000000000002 3.5000000000000004 1.0000000180025095e-35 1.0000000180025095e-35 1.5000000000000002 3.5000000000000004 3.5000000000000004 3.5000000000000004 3.5000000000000004 2.5000000000000004 1.5000000000000002 1.0000000180025095e-35 1.0000000180025095e-35 2.5000000000000004 2.5000000000000004 3.5000000000000004 1.5000000000000002 3.5000000000000004 2.5000000000000004 1.5000000000000002 1.0000000180025095e-35 1.0000000180025095e-35 1.0000000180025095e-35 1.0000000180025095e-35 2.5000000000000004 2.5000000000000004 3.5000000000000004 2.5000000000000004 3.5000000000000004 2.5000000000000004 2.5000000000000004 2.5000000000000004 1.0000000180025095e-35 1.0000000180025095e-35 2.5000000000000004 3.5000000000000004 2.5000000000000004 3.5000000000000004 2.5000000000000004 2.5000000000000004 2.5000000000000004 1.5000000000000002 2.5000000000000004 2.5000000000000004 2.5000000000000004 3.5000000000000004 3.5000000000000004 2.5000000000000004 2.5000000000000004 2.5000000000000004 2.5000000000000004 3.5000000000000004 1.5000000000000002 2.5000000000000004 2.5000000000000004 1.0000000180025095e-35 3.5000000000000004 2.5000000000000004 2.5000000000000004 2.5000000000000004 3.5000000000000004 3.5000000000000004 2.5000000000000004 2.5000000000000004 3.5000000000000004 3.5000000000000004 2.5000000000000004 3.5000000000000004 1.5000000000000002 1.0000000180025095e-35 2.5000000000000004 1.5000000000000002 3.5000000000000004 3.5000000000000004 3.5000000000000004 2.5000000000000004 3.5000000000000004 3.5000000000000004 1.5000000000000002 2.5000000000000004 2.5000000000000004 3.5000000000000004 2.5000000000000004
decision_type=2 2 2 2 2 2 2 2 2 2 2 2 2 2 2 2 2 2 2 2 2 2 2 2 2 2 2 2 2 2 2 2 2 2 2 2 2 2 2 2 2 2 2 2 2 2 2 2 2 2 2 2 2 2 2 2 2 2 2 2 2 2 2 2 2 2 2 2 2 2 2 2 2 2 2 2 2 2 2 2 2 2 2 2 2 2 2 2 2 2 2 2 2 2 2 2 2 2 2 2 2 2 2 2 2 2 2 2 2 2 2 2 2 2 2 2 2 2 2 2 2 2 2 2 2 2
left_child=2 38 3 23 6 17 25 10 9 108 12 19 14 41 -3 83 -17 92 98 24 107 49 72 35 -12 28 27 -27 29 88 -29 55 -31 -15 -7 36 57 -30 45 40 89 -13 -43 44 61 -2 -10 97 -34 78 75 56 -16 54 58 -28 -38 -1 -36 60 93 -40 -45 -58 65 -8 -66 -68 -69 115 -39 77 -18 -74 -63 -23 -59 125 121 -61 90 -26 -55 -11 -79 -44 -14 -78 -4 91 -25 -37 -6 -41 95 -89 -64 -48 -19 -100 111 -67 -21 -83 106 -103 -102 -5 109 -9 112 -95 -85 -77 -42 116 -70 -20 -32 120 -107 123 -123 -22 -62 -57
right_child=1 7 4 20 5 34 64 8 46 15 11 13 86 33 52 16 22 18 117 102 21 50 -24 80 81 26 31 30 37 32 118 -33 48 -35 53 39 51 70 43 59 114 42 85 62 -46 -47 47 -49 -50 -51 -52 -53 -54 82 -56 71 63 76 -60 79 124 74 96 -65 66 101 67 68 69 -71 -72 -73 73 -75 -76 113 87 84 -80 -81 -82 103 -84 110 -86 -87 -88 94 -90 -91 -92 -93 -94 100 -96 -97 -98 -99 99 -101 104 105 -104 -105 -106 119 -108 -109 -110 -111 -112 -113 -114 -115 -116 -117 -118 -119 -120 -121 -122 122 -124 -125 -126 -127
leaf_value=-0.010897456222066971 0.018637732522075196 -0.044537656524365109 0.0062066056527249978 -0.016390247131424267 -0.011835850596437025 -0.0013336545196275095 -0.026216422240912543 -0.017715215731875768 0.019680216787582843 0.00011281773999126134 0.023345134608853277 0.010280104444207922 -0.01108241920135003 0.0090657974681570656 0.012515159849455983 0.00014820700601288228 0.0020685268226723536 -0.0057228090390953404 0.013777115259863526 8.3313222370557237e-05 -0.012167519079804061 -0.015343836065638022 0.0040291789470478815 -0.031041588093476215 0.031132229685026436 -0.020047431937183263 0.018974180358721369 0.020434141277543151 0.0012011354200975497 0.0018769201303509302 -0.0026460473006687858 -0.0089529231318531445 -0.023568166494985561 -0.029793400960205253 0.031247909123817835 -0.0015922708162507981 -0.02061742987518831 -0.019253257106076449 -0.024704609624819553 -0.0097142775661242364 -0.015466393061937554 0.042596036482943279 0.0070118147789929438 0.013246006692952554 -0.0084120253274245979 -0.0071559211342697542 0.019917579674857116 0.0048669007993491333 0.0061279121026901057 -0.0046717670584513924 0.045216330264810388 -0.039729273954784143 -0.02198820828143537 -0.013213591786453314 0.015211118293046775 0.0046797917937328667 0.027791428211811877 0.013063128179035603 0.0025906459134631427 -0.020183912918105267 -0.019327588136915871 -0.013191549413106378 0.0012284092326815509 0.017629589035154797 0.0013690979481712953 -0.025927667150110623 0.009718621998016784 0.014721824124381042 -0.015814111667184667 0.020329546819236086 0.020605467355573642 -0.031392732839929452 -0.017589648037514064 0.012773520938220366 0.023153565672160654 -0.022157596692689373 -0.016007710767745306 0.0090470681604267449 -0.027067960389585363 0.0096975769569570772 0.035529377193984683 -0.0051048700066689762 0.02879160764638521 -0.024607906559924092 0.014378498202319057 -0.013418247918084754 0.014964627935608672 0.025658185938449873 -0.026911075716138041 -0.021180465106568954 0.0020461962513013215 0.025290521600447959 0.020535124633564703 0.012540306084266123 -0.0055324619295793387 0.012264658065510255 0.035758572494772156 -0.0061750687095748465 -0.01339687272997951 0.018295342750427334 0.0032143554026532379 -0.015563542204723571 0.020168701925312393 0.014285872841477729 -0.0097104721226199068 0.0062137742305194291 0.018704486292815053 0.0073252777581965913 0.00012118182512393835 0.019790443468244441 -0.012032338233414541 -0.019244089104868356 -0.01995812534773761 -0.0056233096278406969 -0.0050244002242907891 0.0047854381741511756 0.0094276815550692547 0.00059898193020346759 -0.029588030360178364 0.029172992409487643 -0.0081536779256482332 -0.020704221336098561 0.0197567369279146 0.013103913528261919 0.011130082353447923 -0.020486247777477866
leaf_weight=37.464772862847894 67.585773300612345 513.04316322132945 637.87888145714533 525.1987313113641 10.793624795041977 143.87701064045541 288.07303028507158 8.8589551020413619 123.67382120934781 30.395167428534478 120.73663129354827 141.37974348780699 19.239050297532231 52.260398857761174 23.830350388307124 980.01669674983714 44.002654241397977 480.5801536696963 532.29292062332388 24.738075795117766 12.205312512814997 248.46232759137638 213.57728313840926 9.8955348376184684 9.7257036902010423 543.83658867981285 459.52409388707019 417.36729113303591 582.47391468449496 260.24386245489586 493.7596015392337 308.45199912576936 674.8730454291217 1291.1243798517389 257.77713411091827 17.824380658566952 11.394312107702715 10.461271210107951 9.3686571209691447 15.522304302547125 203.82541912375018 17.171150385402143 30.577925733756274 270.57765299850143 76.703703601378947 325.25685532746138 15.151093507651238 2150.6317353990162 39.609805434010923 94.145730790216476 10.07797586172819 6.5975763527676454 762.8481812516693 7.192667916417121 681.96494179603178 18.252336967736483 922.22711917292327 2608.6552224580664 31.258166324812919 15.6876068925485 24.608959634788334 11.928392659407107 390.29896894772537 254.319831316825 372.22704009222798 8.8679045494645816 53.711747858673334 26.497579072136432 1319.9586366922595 14.879330446943639 315.66416349011706 8.7276987479999644 2022.4673863293137 17.521213025785983 531.19816078536678 26.588096902240068 8.9736211653798801 1189.3885315784719 7.0761480741202822 1068.2069972499739 11.421022161841391 851.38753273594193 502.85161859879736 510.99568334128708 713.58911736239679 825.77416486362927 231.17430159426294 272.09739354182966 10.310203606262801 5.8064935058355323 588.79641812341288 140.56555649754591 285.35551372612827 16.494934152346104 15.898886360693721 134.37801277847029 8.550902755931018 537.91147063160315 535.90169119311031 26.329151744721457 37.414562609046698 18.454128925688565 342.5137187463697 24.380963617935777 11.120703887194393 556.5705520681804 891.45755393069703 14.286987272324039 24.974762963596731 278.9390135667054 99.328043995425105 11.554645742289724 1202.3471234086901 687.50787907140329 95.777338913409039 16.735819801688194 13.567444914951919 43.21410613018088 8.6578359082341176 11.305297976359723 37.112954448908567 5.1984686120413235 309.58364848908968 158.35786053584889 8.7196589447557908 20.145162608125247
leaf_count=641 1018 1882 9687 3655 113 1890 2160 74 2635 707 2189 2889 300 594 161 13909 368 5084 8213 417 111 2230 2523 241 60 4263 8729 7787 8209 3906 5740 2935 4647 9168 4486 145 489 160 203 373 2264 125 199 4192 956 3731 110 30177 554 825 62 189 6426 111 11727 235 18854 38414 466 326 388 242 5032 5291 5082 202 547 267 15109 163 5845 351 15811 106 9943 311 239 17026 105 15851 105 9079 8974 3482 9757 8725 3356 4689 315 148 7957 2631 4272 231 293 2709 85 5352 5631 476 378 176 6514 147 138 7861 14720 371 394 4436 788 85 8524 7469 678 147 185 491 80 96 523 122 6475 2741 59 548
internal_value=4.7652e-05 -0.00780031 0.00535294 0.00941298 0.00236915 0.0102897 -0.000597796 -0.00985286 -0.00687307 -0.0122742 -0.014511 -0.0108582 -0.023292 -0.0197724 -0.0302749 -0.014072 -0.0104473 0.00191373 -0.00128145 0.00445077 -0.00431021 -0.000344548 -0.0149649 0.0132806 -0.00080703 0.00266167 0.00535416 -0.00270958 -0.0017863 -0.00709951 0.00755232 0.00969569 -0.0155678 -0.0282761 0.0201509 0.0142741 0.0167767 0.00770139 0.00862945 0.0101003 -0.000533628 -0.00849958 -0.0115473 0.0120507 0.0178387 -0.00268225 0.00350706 0.00276026 -0.0219156 0.0123768 -0.00802125 0.02476 -0.0209285 0.0222375 0.0190931 0.0120856 0.0251513 0.0136709 0.0281683 0.0124471 0.0158457 0.0214918 0.00659209 0.0256117 -0.00858774 -0.00501881 -0.0103912 -0.0134188 -0.0143181 -0.0148921 0.019272 0.0104535 -0.0169125 -0.0173227 0.0223326 -0.008625 0.0139772 0.0106577 0.0156392 0.00924689 0.00214352 -0.00412278 0.0281746 -0.0205087 0.0110528 -0.0126814 0.0129273 0.0194621 0.00563919 0.0206187 0.00144845 0.0222743 0.0193195 0.016775 0.0202517 0.0212713 0.00205628 -0.00542561 -0.00905221 -0.0118829 0.0172093 0.00466471 0.0188197 -0.00454936 0.0177459 0.00514068 0.0180847 -0.0157498 0.0171099 0.0185786 -0.0208543 -0.000764586 -0.0213584 -0.00626906 -0.0121561 -0.015295 -0.0155504 0.0127903 -0.00316817 0.00579687 0.00530342 0.0163162 0.0190251 0.0112351 -0.0112669 -0.00870837
internal_weight=37770.1 15234.2 22536 9545.4 12990.6 3539.39 9451.18 13542.7 8260.79 5433.42 5281.91 3731.77 1550.14 2358.29 1299.72 5120.65 3277.59 1914.47 1618.32 1373.48 2098.69 1559.2 2297.57 7446.71 1006.23 6713.22 4181.7 1463.62 2531.52 1622.92 919.785 2718.08 974.727 1343.38 1624.92 6836.59 4272.01 908.599 1691.47 2564.59 463.799 1014.9 873.523 1298.63 629.199 392.843 2827.37 2703.69 714.483 586.567 972.636 1194.54 786.679 1481.04 971 2409.63 1187.94 3077.47 289.035 2100.79 1016.89 552.495 669.428 1176.55 2737.96 920.384 1817.58 1445.35 1391.64 1365.14 326.125 1950.1 2083.99 2039.99 543.127 962.558 3040 1941.38 492.421 1083.89 610.113 885.494 510.044 1843.07 1902.98 856.352 250.413 431.348 648.189 164.196 598.692 158.39 296.149 983.565 422.374 406.475 398.85 553.063 1042.81 562.231 968.042 632.311 367.252 875.768 939.993 623.443 928.872 539.486 312.773 287.798 1812.67 28.0496 1713.34 714.096 299.603 1350.26 1333.53 575.507 502.417 604.989 593.684 485.345 314.782 170.563 33.3286 38.3975
internal_count=485258 167029 318229 143003 175226 51934 123292 141627 89396 51122 52231 40106 12125 21700 8469 46218 32717 24280 19895 18406 24477 20451 18808 118526 11475 90774 57451 17870 33323 19109 13607 39581 9107 9762 27654 110223 71808 14214 25402 38415 5866 11938 9049 20653 11344 4749 38274 35639 5201 10379 10072 24823 6587 25764 16679 36646 24634 46985 4952 32549 16372 10388 9309 24145 32518 11018 21500 16418 15871 15604 6005 27917 16285 15917 10185 10010 46344 27566 9554 16177 8303 9286 9085 13501 26783 8924 3656 7930 10002 2924 8198 2776 4385 15925 7691 7398 5117 5462 11191 6107 15552 8858 6931 9226 15236 8656 15098 4026 4904 4510 12794 316 12006 7780 2942 15441 15294 8704 5820 8480 8384 9449 6597 2852 447 783
is_linear=0
shrinkage=0.05


Tree=19
num_leaves=127
num_cat=0
split_feature=5 6 8 8 6 5 9 4 6 8 9 5 9 6 9 9 5 8 9 5 6 9 9 9 6 5 5 5 6 6 9 9 9 4 5 3 8 0 9 5 0 4 9 4 9 6 6 2 1 2 9 1 4 3 2 6 9 6 1 8 0 4 9 1 4 4 0 9 8 9 5 9 9 2 2 1 9 9 4 0 3 5 9 2 1 4 8 8 4 6 0 4 3 9 2 3 4 1 8 3 3 1 9 1 0 1 1 3 8 9 4 1 3 4 0 4 5 3 4 6 4 4 1 4 0 2
split_gain=604.02 359.275 244.793 195.634 196.929 163.513 155.039 132.999 123.1 191.211 117.423 245.409 112.302 110.144 105.316 84.4558 162.45 75.3611 94.6682 99.9673 152.142 66.3996 71.4222 62.0825 58.0212 47.5092 47.0989 46.7096 86.2806 39.0883 152.455 132.578 58.1378 39.0338 36.6554 35.3543 34.7451 37.1814 29.0674 25.0267 24.8227 22.6927 22.2539 21.7537 20.8003 43.7749 34.2565 19.8743 19.8434 18.2652 16.3934 15.8539 15.216 13.8156 13.3568 13.2449 13.0349 12.6519 14.8606 12.1209 11.8031 11.7325 11.1749 11.1502 10.945 10.8461 10.7815 10.5533 9.83858 9.72188 22.7035 9.50165 8.87781 10.3495 8.54338 8.4714 8.44528 8.98192 8.285 8.47612 8.15085 7.98237 11.4983 7.88986 7.48946 7.42869 7.42853 15.1615 7.23504 7.20606 7.15313 6.81913 7.32208 6.77193 6.73753 6.6273 6.31376 6.20725 6.00513 5.97657 5.82901 5.7159 6.81534 5.61304 5.39348 5.21163 4.87171 4.61007 4.52379 4.31385 4.28417 4.26225 4.19663 4.1677 4.18517 4.13193 4.0744 3.92886 3.83612 3.80579 3.78944 3.54555 3.51279 3.51205 3.47431 3.44489
threshold=1.5000000000000002 1.0000000180025095e-35 1.0000000180025095e-35 1.5000000000000002 1.5000000000000002 1.0000000180025095e-35 1.5000000000000002 3.5000000000000004 1.5000000000000002 1.0000000180025095e-35 1.0000000180025095e-35 1.0000000180025095e-35 1.0000000180025095e-35 1.0000000180025095e-35 1.5000000000000002 1.5000000000000002 1.0000000180025095e-35 1.0000000180025095e-35 1.5000000000000002 1.0000000180025095e-35 1.0000000180025095e-35 1.5000000000000002 1.0000000180025095e-35 1.0000000180025095e-35 1.0000000180025095e-35 1.0000000180025095e-35 1.0000000180025095e-35 1.0000000180025095e-35 1.0000000180025095e-35 1.0000000180025095e-35 1.5000000000000002 1.5000000000000002 1.0000000180025095e-35 3.5000000000000004 1.0000000180025095e-35 2.5000000000000004 1.5000000000000002 2.5000000000000004 1.5000000000000002 1.0000000180025095e-35 3.5000000000000004 3.5000000000000004 1.0000000180025095e-35 3.5000000000000004 1.0000000180025095e-35 1.5000000000000002 1.5000000000000002 2.5000000000000004 3.5000000000000004 2.5000000000000004 1.5000000000000002 3.5000000000000004 3.5000000000000004 3.5000000000000004 3.5000000000000004 1.5000000000000002 1.5000000000000002 1.5000000000000002 2.5000000000000004 1.0000000180025095e-35 2.5000000000000004 3.5000000000000004 1.0000000180025095e-35 2.5000000000000004 3.5000000000000004 3.5000000000000004 3.5000000000000004 1.5000000000000002 1.0000000180025095e-35 1.0000000180025095e-35 1.0000000180025095e-35 1.5000000000000002 1.5000000000000002 2.5000000000000004 3.5000000000000004 2.5000000000000004 1.5000000000000002 1.0000000180025095e-35 3.5000000000000004 2.5000000000000004 3.5000000000000004 1.0000000180025095e-35 2.5000000000000004 3.5000000000000004 3.5000000000000004 3.5000000000000004 1.0000000180025095e-35 1.5000000000000002 3.5000000000000004 1.0000000180025095e-35 2.5000000000000004 3.5000000000000004 2.5000000000000004 1.5000000000000002 2.5000000000000004 2.5000000000000004 3.5000000000000004 2.5000000000000004 1.5000000000000002 2.5000000000000004 2.5000000000000004 2.5000000000000004 2.5000000000000004 2.5000000000000004 3.5000000000000004 2.5000000000000004 2.5000000000000004 2.5000000000000004 2.5000000000000004 2.5000000000000004 3.5000000000000004 2.5000000000000004 2.5000000000000004 3.5000000000000004 2.5000000000000004 3.5000000000000004 1.0000000180025095e-35 3.5000000000000004 3.5000000000000004 1.0000000180025095e-35 3.5000000000000004 2.5000000000000004 3.5000000000000004 3.5000000000000004 2.5000000000000004 2.5000000000000004
decision_type=2 2 2 2 2 2 2 2 2 2 2 2 2 2 2 2 2 2 2 2 2 2 2 2 2 2 2 2 2 2 2 2 2 2 2 2 2 2 2 2 2 2 2 2 2 2 2 2 2 2 2 2 2 2 2 2 2 2 2 2 2 2 2 2 2 2 2 2 2 2 2 2 2 2 2 2 2 2 2 2 2 2 2 2 2 2 2 2 2 2 2 2 2 2 2 2 2 2 2 2 2 2 2 2 2 2 2 2 2 2 2 2 2 2 2 2 2 2 2 2 2 2 2 2 2 2
left_child=3 21 44 8 5 6 12 35 17 25 26 14 -5 85 -12 41 -17 29 19 23 91 22 59 -19 61 112 -6 28 -20 30 32 69 39 49 88 -4 37 -37 62 -1 51 53 99 84 45 63 72 -39 101 -29 -27 52 71 74 78 76 104 58 -40 65 -13 -25 -38 -3 -30 -2 95 -62 120 70 -31 89 75 -74 100 -46 77 -49 79 -15 -58 82 -32 94 86 -14 -24 -88 125 -7 -52 92 -21 -42 -64 119 -48 -78 -61 -22 -11 -33 -103 -97 -57 -94 -96 -69 111 -83 -26 -91 -10 114 -8 -41 -71 -63 -16 -51 -23 -79 -108 -36 -73 -34
right_child=1 2 7 4 10 40 113 -9 9 15 11 60 13 54 118 16 -18 18 27 20 42 68 43 24 110 50 -28 33 64 31 81 48 34 -35 123 36 38 47 57 115 93 -43 -44 -45 46 -47 96 55 -50 66 90 -53 -54 -55 -56 56 80 -59 -60 98 67 117 83 -65 -66 -67 -68 107 -70 116 -72 124 73 -75 -76 -77 97 121 -80 -81 -82 109 -84 -85 -86 -87 87 -89 -90 108 -92 -93 105 -95 106 103 -98 -99 -100 -101 -102 102 -104 -105 -106 -107 122 -109 -110 -111 -112 -113 -114 -115 -116 -117 -118 -119 -120 -121 -122 -123 -124 -125 -126 -127
leaf_value=0.0031435371984398735 0.033005279526958538 0.019603408216288781 -0.0013287479366125619 0.014739744709033512 0.029377119286970579 0.015356312845596449 -0.01624112156455312 -0.0017960493150728865 -0.01635127072492857 -0.0038924282784368706 0.0045515578767448073 -0.0037774316639383704 0.01718199490295496 0.010896712723596089 -0.034878754174502528 0.028462928162564793 -0.011345747474074587 0.0019726239834536004 -0.023781883306979681 -0.010989200970966737 0.013079216057173389 0.014097164633235126 -0.015827203506991142 -0.035086017765409476 -0.012607283481524463 -0.021277204929591967 -0.027109094295920566 0.0097769162707499486 0.0082900320315535021 -0.033007746184851472 0.011999057906571114 -0.0086234190001030202 0.0063902018933264847 0.0096249475854878908 0.016103436215207222 -0.016321082553841015 0.03246539627675684 0.0035164047092574981 -0.0097103471810535205 -0.016382336862379547 -0.014152989285140794 -0.00074915923712609144 -0.004637538776129841 0.00565745251616137 -0.039312008685630097 0.004167164823998197 -0.00046889458894087786 0.029205747499834345 0.015199805067243905 0.0055958118657759882 0.020260979836577608 -0.0323942458089619 0.004728486856225682 -0.035503835072816146 0.023685087711274144 0.03632601266692722 0.026613797244275213 0.010804103113090852 0.026504045705565117 -0.0027992612124538869 0.012111540467897874 -0.01266994258704991 -0.0089248886947178967 -0.024493532883193492 -0.031274461637640166 -0.013079479930542155 0.0084314776897908474 -0.012987263508393385 4.3759111740348235e-05 0.0066317810446288152 -0.00076767537934506675 -0.0073063960738600255 -0.037593347778260025 0.021713782319376783 -0.017989118373454665 0.0094365582117480404 -0.0046811284269453251 -0.010915549719115963 -0.0042333470778154669 -0.025530925552182789 -0.034436792055563215 -0.00030767646485923043 -0.0093949247087208344 -0.027591255323697564 0.013632478435787264 -0.0049175929489711978 -0.032704146617368382 -0.018107805834691564 -0.00057131565363433793 -0.00066048101859332651 -0.011237810551864113 0.0080767995024559856 -0.014760678643835491 -0.06772626375953629 -0.0045361023650859165 0.0026739450918860271 0.01434637858993555 0.032561766910657396 0.01875381803083416 -0.017745543531535835 0.021874898056010089 -0.028194385883417807 0.0071847673446673562 -0.029101476686131611 -0.0047396691999178437 0.02556881217042526 0.023542337534708017 0.02396073419703882 -0.01399720410743634 0.029701781060159822 0.0096472650090248229 0.023088519995184881 0.014467342559946465 0.0063751982424448492 0.019959255104188528 -0.044167112592006563 -0.00071005900929215762 0.02852867309111411 -0.0096113813237748789 -0.022979770556179963 -0.021391541138392631 0.018562084435664442 0.0041149431935107459 -0.011923967281133683 0.014041453020583239 -0.014005686844228205
leaf_weight=1093.4475773118902 61.097933428362012 14.513764389790593 149.63857952086255 360.7825818026904 37.929149561095983 628.81265757011715 7.3887991472147396 621.23277086834423 11.080513788387178 22.102113570086658 255.35096954554319 78.067044943105429 206.61626814794727 15.705147552769629 544.3913153980393 356.76596539642196 902.38482841919176 316.44866306590848 582.0281787981512 14.153649401385335 15.512563330121337 187.77855786820874 258.68360758479685 591.22638807876501 579.4022571425885 720.11158875562251 784.45668431709055 32.616786738857627 377.42268474586308 74.103271709522232 1298.2484312555753 42.484764968976378 20.324360707774758 75.755997492698953 119.62306202272885 47.482843983452767 321.99680632981472 80.443800164852291 31.201798382680863 118.00765874469653 20.235935507342223 142.41762400371954 1125.8785782661289 72.147560452343896 8.2982650869525951 427.60939613624942 1331.8223346518353 277.44197750394233 28.406631771475077 22.178513992577791 17.651358439587057 16.17738275649026 277.59908188565169 10.089928867295383 14.122941264882682 855.38881498889532 563.00111597357318 952.11971934867324 264.46721340657678 193.15669522085227 563.62749112735037 19.524336866568778 16.78549269749783 241.69353732909076 17.356077352305874 15.485353870317338 19.895900901407003 8.0582479303702694 700.18713806266896 244.10180897358805 200.26198239554651 18.785501340869814 6.6550238514319053 314.53342799772508 13.242306793108581 228.31377306696959 11.329394245054571 9.792327016592024 50.951766374055296 1028.6290823975578 4.7060474911704651 236.36130423797294 65.284560315310955 7.2718489188700906 13.37925519235432 46.082229992840439 381.10420300415717 343.02547436172608 106.39318029861897 19.223481719382107 650.49142033758108 82.488201856147498 7.5487843272276214 7.7959034405648699 15.982719209976493 13.866429995512588 75.015144943259656 335.75297824619338 37.773550178681035 540.39444642490707 1119.6189499584143 873.21929630730301 13.4576398730278 1487.5499135088176 7.8515266878530374 451.46303680550773 914.99317414965481 353.06773125450127 7.8903845073655239 11.613442234694956 21.76492080767639 940.24808496283367 153.56318290659692 68.578763116616756 601.70655904663727 14.716771349310873 824.48469191894401 7.0604189671576014 16.382753921672702 22.833642616169527 6.9730154662393025 519.09162848221604 24.356678756885231 11.601298843976108 1225.2118617366068 2818.6609372274252
leaf_count=13833 1409 160 1931 5745 756 10468 242 7797 160 450 2922 881 3381 147 3698 6950 8180 4281 4575 217 214 2816 1436 3316 5694 6052 4581 298 5687 740 18398 461 270 800 2282 608 6937 921 339 1046 311 2230 12278 1168 150 5043 14803 5369 333 200 338 529 3582 178 78 18138 12014 14447 6317 2211 8552 539 373 2409 320 87 157 103 8600 3102 2255 425 161 5816 187 3573 182 63 656 7402 143 3040 429 128 85 335 3040 3553 1893 290 6846 756 172 187 234 162 1109 7638 1022 6356 22018 7160 153 11026 104 9169 17561 6025 106 66 429 16357 3334 695 9735 139 9603 25 171 242 59 6992 204 253 17671 23161
internal_value=1.66407e-05 0.00991844 0.01455 -0.00400546 0.00243459 0.00777235 -0.0020661 0.0201126 -0.00682192 0.000813372 -0.00880522 -0.00171265 -0.0100347 -0.0166028 -0.0220564 0.00919123 -5.27787e-05 -0.00897042 -0.013027 -0.00793541 -0.00119135 -0.00778556 -0.0146773 -0.0177558 -0.0228747 -0.0130305 -0.0244714 -0.0202662 -0.011559 -0.00579679 -0.00364461 -0.0113257 -0.00855703 -0.0253349 -0.0122252 0.0226278 0.0233092 0.0272555 0.0191015 0.000649174 0.01524 0.0180869 -0.00868638 -0.0207849 0.00187715 -0.0056281 0.00449098 0.0280378 -0.02553 -0.0269962 -0.0160422 0.0156621 0.0159218 0.0203881 -0.0233852 0.0287994 0.0320409 0.0136299 0.0226625 0.00653973 0.0148492 -0.0336273 0.0243332 -0.021929 0.00647599 0.0236383 -0.0277677 0.016424 0.00281422 -0.00118618 -0.00956364 0.0170138 0.0149643 0.0203721 0.0209066 0.00756864 0.0247537 0.0218849 -0.0240132 -0.0249732 0.0260481 0.00946887 0.0109686 0.0216291 -0.0227037 0.0131484 -0.0232117 -0.0258243 -0.0133779 0.0195757 -0.0103766 0.0214686 0.0237812 -0.0308718 0.0220253 -0.0282386 0.000330712 0.0313361 0.000791862 -0.0168634 0.0213731 -0.0267902 -0.0276499 -0.0288064 0.0359475 0.0248749 0.0225778 0.0231027 0.0222997 0.00121141 -0.0117869 0.0226125 0.0123071 0.018178 0.0194942 -0.0197704 0.000971701 -0.00109079 -0.034159 -0.00908432 0.0127237 0.0179967 0.0230435 0.0135541 0.0137135 -0.0138575
internal_weight=37914.1 10951.6 8680.78 26962.6 8203.88 5562.54 2400.56 6032.33 18758.7 4119.52 2641.33 1818.95 1722.89 1362.11 816.125 2566.62 1259.15 14639.2 6424.37 3772.87 2237.44 2270.79 1375.85 1535.43 1218.98 1552.9 822.386 2651.5 976.807 8214.8 5914.28 2300.52 4302.77 1674.7 3076.6 5411.1 5261.46 2712.28 2549.18 1226.17 3161.98 1307.47 1681.79 1068.34 2648.45 683.817 1964.64 2664.8 957.568 1598.94 1388.25 3133.95 3117.77 1165.05 1109.41 2584.36 1430.95 1247.79 295.669 307.514 1002.82 617.811 1301.39 256.207 394.779 76.5833 1566.32 924.753 894.939 1342.95 274.365 2840.17 557.8 321.188 1154.96 236.612 1153.41 806.326 1095.29 1044.33 567.707 1611.51 1363.53 979.39 996.193 252.698 982.813 724.13 2945.38 1596.17 668.143 555.654 473.165 28.0318 972.118 1546.43 1406.84 347.082 230.93 555.907 1141.72 929.162 886.677 1501.42 863.24 459.012 955.333 361.126 967.362 247.975 601.167 959.472 164.644 677.674 609.095 132.724 1068.59 26.5848 560.774 45.0122 194.752 528.884 939.35 131.224 1244 2838.99
internal_count=485634 167150 141664 318484 106031 78342 28416 108440 212453 56923 27689 22352 17744 11999 6791 40193 15130 155530 66913 43446 29162 25486 14011 14284 10003 16730 5337 23467 10582 88617 64810 23807 42877 12885 27859 100643 98712 52172 46540 15018 49926 25063 18848 9282 33224 7612 25612 51564 8107 12085 13236 49428 48899 22833 8283 50643 30399 21103 6656 4729 15561 3880 25437 2569 6007 1496 11787 14680 11475 15700 2995 45317 9700 5977 22655 3723 20244 12424 8205 7549 12157 21933 18827 18500 8114 3716 8029 6593 25324 27221 7184 10314 9558 498 18372 11630 15912 7820 3233 6570 22468 7774 7313 11188 18242 9341 17999 6128 16753 3106 6123 16647 3494 10672 9977 1185 12705 564 3869 442 2875 7055 17765 2535 18096 23431
is_linear=0
shrinkage=0.05


Tree=20
num_leaves=127
num_cat=0
split_feature=8 6 8 6 9 5 5 9 6 5 9 6 5 5 9 4 9 5 9 9 4 8 5 1 9 0 6 5 9 5 5 9 5 9 9 5 4 9 4 2 4 9 0 2 5 3 5 8 9 8 9 8 4 3 1 2 1 9 4 5 5 1 5 0 2 5 9 6 0 0 2 5 3 0 3 5 9 9 4 9 1 1 5 4 4 1 1 2 9 3 4 5 4 5 0 4 3 4 0 4 6 9 9 2 9 3 8 1 3 1 6 2 2 6 1 3 9 5 5 9 3 5 3 1 1 0
split_gain=549.588 122.08 122.946 198.211 151.194 133.034 179.549 98.9899 104.727 92.8078 82.1313 66.7412 281.539 168.38 135.013 60.8547 52.0607 74.1539 39.5921 32.1757 30.5746 29.7164 24.1018 23.8809 23.6077 23.0273 22.3918 25.2841 21.0509 189.292 102.237 71.5925 40.3461 110.295 25.7739 20.6577 19.3186 18.9041 15.6527 15.5776 14.3155 14.1543 13.4119 13.3811 11.6312 10.7901 9.13717 49.0031 21.1229 75.9468 19.4855 16.4391 14.218 10.6925 9.12479 9.03627 8.83182 8.81906 13.6558 8.75224 8.17873 8.09073 7.9894 7.85819 7.68356 7.70907 13.8105 10.8487 8.96519 7.64405 7.64029 7.4865 7.42616 7.11398 8.1218 6.75008 22.2482 15.343 6.55141 5.95093 5.86745 5.84898 5.65292 5.54775 5.48666 5.31522 5.23396 5.17465 5.10867 5.0163 4.72759 5.0258 4.6199 6.5816 4.52113 4.5004 4.60035 4.40905 4.35335 4.33292 4.30459 15.4814 8.48138 4.2889 4.0763 3.93528 3.92574 3.84151 3.72706 3.51593 3.4861 3.46888 3.41193 3.46602 3.40308 3.38389 3.66708 6.92536 3.69694 3.27976 3.19478 3.17769 3.09 3.05441 3.02582 2.98697
threshold=1.0000000180025095e-35 1.0000000180025095e-35 1.5000000000000002 1.5000000000000002 1.5000000000000002 1.5000000000000002 1.0000000180025095e-35 1.5000000000000002 1.5000000000000002 1.5000000000000002 1.5000000000000002 1.5000000000000002 1.5000000000000002 1.0000000180025095e-35 1.5000000000000002 3.5000000000000004 1.0000000180025095e-35 1.5000000000000002 1.0000000180025095e-35 1.5000000000000002 3.5000000000000004 1.5000000000000002 1.5000000000000002 2.5000000000000004 1.5000000000000002 2.5000000000000004 1.0000000180025095e-35 1.5000000000000002 1.5000000000000002 1.0000000180025095e-35 1.0000000180025095e-35 1.0000000180025095e-35 1.5000000000000002 1.0000000180025095e-35 1.0000000180025095e-35 1.5000000000000002 3.5000000000000004 1.0000000180025095e-35 3.5000000000000004 2.5000000000000004 3.5000000000000004 2.5000000000000004 2.5000000000000004 2.5000000000000004 1.0000000180025095e-35 2.5000000000000004 1.0000000180025095e-35 1.5000000000000002 1.0000000180025095e-35 1.5000000000000002 1.0000000180025095e-35 1.5000000000000002 3.5000000000000004 2.5000000000000004 3.5000000000000004 2.5000000000000004 2.5000000000000004 1.0000000180025095e-35 3.5000000000000004 1.0000000180025095e-35 1.0000000180025095e-35 3.5000000000000004 1.0000000180025095e-35 2.5000000000000004 2.5000000000000004 1.5000000000000002 1.0000000180025095e-35 1.5000000000000002 3.5000000000000004 3.5000000000000004 2.5000000000000004 1.5000000000000002 2.5000000000000004 2.5000000000000004 2.5000000000000004 1.0000000180025095e-35 1.5000000000000002 1.5000000000000002 3.5000000000000004 1.0000000180025095e-35 2.5000000000000004 2.5000000000000004 1.5000000000000002 3.5000000000000004 3.5000000000000004 2.5000000000000004 2.5000000000000004 3.5000000000000004 1.0000000180025095e-35 3.5000000000000004 3.5000000000000004 1.5000000000000002 3.5000000000000004 1.0000000180025095e-35 2.5000000000000004 3.5000000000000004 2.5000000000000004 3.5000000000000004 2.5000000000000004 3.5000000000000004 1.0000000180025095e-35 1.0000000180025095e-35 1.0000000180025095e-35 2.5000000000000004 1.5000000000000002 3.5000000000000004 2.5000000000000004 2.5000000000000004 3.5000000000000004 3.5000000000000004 1.5000000000000002 2.5000000000000004 2.5000000000000004 2.5000000000000004 2.5000000000000004 2.5000000000000004 1.0000000180025095e-35 1.5000000000000002 1.5000000000000002 1.5000000000000002 2.5000000000000004 1.0000000180025095e-35 3.5000000000000004 2.5000000000000004 3.5000000000000004 3.5000000000000004
decision_type=2 2 2 2 2 2 2 2 2 2 2 2 2 2 2 2 2 2 2 2 2 2 2 2 2 2 2 2 2 2 2 2 2 2 2 2 2 2 2 2 2 2 2 2 2 2 2 2 2 2 2 2 2 2 2 2 2 2 2 2 2 2 2 2 2 2 2 2 2 2 2 2 2 2 2 2 2 2 2 2 2 2 2 2 2 2 2 2 2 2 2 2 2 2 2 2 2 2 2 2 2 2 2 2 2 2 2 2 2 2 2 2 2 2 2 2 2 2 2 2 2 2 2 2 2 2
left_child=7 9 11 20 18 6 -6 15 26 10 46 12 36 40 37 25 35 19 22 98 23 70 62 -4 -19 110 41 86 29 31 -30 -25 34 -34 -31 39 45 -14 55 -15 73 80 -8 -21 97 -3 47 53 49 -48 -49 52 -50 -2 56 119 79 -55 -59 -10 -23 -35 -5 111 -58 66 67 -66 105 103 -12 -46 -57 -13 -75 76 87 107 -41 -27 -9 -52 -32 -26 -24 -39 -28 89 -76 -65 91 123 -88 -94 -22 96 -72 -20 -18 -87 101 -67 -102 -36 114 -68 112 -77 -109 -74 -1 -47 -73 -114 -38 -17 118 -118 -117 -11 -16 -96 125 -61 -79 -98
right_child=1 2 3 4 5 -7 42 8 59 38 21 13 14 16 120 115 17 24 44 43 94 60 84 28 83 54 27 -29 30 32 82 -33 33 61 69 -37 104 85 -40 78 -42 -43 -44 -45 71 63 48 50 51 -51 81 -53 -54 57 -56 72 64 58 -60 90 -62 -63 -64 75 65 100 68 -69 -70 -71 95 106 109 74 88 77 -78 124 -80 -81 -82 -83 -84 -85 -86 99 92 -89 -90 -91 -92 -93 93 -95 121 -97 122 -99 -100 -101 102 -103 -104 -105 -106 -107 -108 108 -110 -111 -112 -113 113 -115 -116 116 117 -119 -120 -121 -122 -123 -124 -125 -126 -127
leaf_value=-0.0009259430714402382 -0.0066801341735492382 0.0023619499683775274 0.0082415844807439999 0.010767503369143283 0.027835808696448028 0.0017287661398947781 0.0031530163038166054 0.028638247633162014 -0.0049715419952998177 -0.0025803653573095633 -0.016105449565320892 -0.00055296439806203849 -0.0080424430229531722 0.030331117491422633 -0.0048676053460011311 0.02187898511168954 -0.0088588274938604002 0.0029866376188976032 0.017873622198115818 -0.043815343814630751 0.025113864393696492 0.015772050366224075 0.01236413838831296 -0.0044158437350342852 -0.0079645176434813437 0.015354118240828458 -0.00083227008891105416 -0.00040570749444079191 -0.028954319950174209 -0.026693455022790094 -0.0081391126515995057 0.026415801650173727 0.023739440325237959 -0.02010557604892825 0.012326021930797931 -0.0023169217889432003 0.036428083859428244 0.0030648556682435187 0.00047760734695071795 -0.017301367968422042 0.00028065920489587761 0.022755236278485792 -0.030501822742825931 0.024528330325018808 -0.0011074882966125269 0.022932629189049619 -0.025074305398282662 0.011550524951638004 0.0081037820404124567 0.0061717024102196988 0.015889408967300563 -0.0067980542894668806 -0.015792267968898464 0.0093413647913537286 -0.00325480485764285 -0.022167276760969995 -6.7152288624827485e-05 0.032233689774683445 -0.011938060088911255 -0.012616430027069131 0.0028752120633889393 0.011861172009212979 0.034439630315510665 0.026674696144556753 0.013172785376118424 0.0087302289847839536 0.021903742306263029 0.0317499144592105 -0.023435476672415589 0.024349337193749682 0.007553494288828508 -0.023134255205826439 0.020709190675997167 0.016992513422424818 -0.026003089511999533 -0.01203104004662147 0.0062589847204024525 0.03203247212984954 0.011113461150020506 -0.011127729066234174 -0.0031467517676825522 -0.015974053882668777 -0.014299289578773298 0.010426762996730522 -0.0070130662857637019 -0.020670747241766197 0.021086551429256351 -0.022128008555258243 -0.019083953503821936 -0.01451723818633905 0.004523497547641947 0.017988085431579447 0.02771740806645677 -0.013808448448877481 -0.007482394499897166 -0.00066809071247394842 0.028299948400319665 -0.0017483456505674449 0.007773769930199648 -0.0098934911602265498 0.018768881717074193 0.03700810343146007 0.0093409826687113045 -0.016409518279882351 -0.0059785081488236908 -0.01183226940502393 0.037996630340871217 0.019011735736793822 -0.0037088494012197828 0.0007026581184529445 -0.027658483639469163 -0.0053031153412715819 0.0052072050776460939 0.035769158581504909 0.0054546390202665435 -5.9551376429521329e-05 0.0011393715189266516 -0.013525461701237014 0.017492334265314685 -0.055341012030851545 0.01261497732066115 0.0025971245689395488 0.0021328935838471636 0.02662183350384062 0.0034312809907992049 -0.0081908968287876943
leaf_weight=123.11581003805622 53.000226348405704 105.8244367535226 112.08426601532847 44.148155454779044 156.77330554684158 1212.4746229983866 30.329437177628279 13.623029821552334 35.90791490348056 7.6710000373423082 11.77341172005981 45.81704654940404 564.03925716341473 17.549178617075086 26.87173099629581 14.212279651546849 40.787457620725036 1147.3580470473971 190.48529357765801 6.396052874159067 16.560601060278714 154.62960539211053 275.82363844616339 406.32847332186066 1059.5767002983484 39.098762650508434 36.989982157945633 479.57594064995646 1253.4138207000215 1197.5438257828355 1153.6591849345714 349.48159610852599 197.05833584745415 605.45796264777891 12.498091638088225 676.99175920616835 8.7255364283919317 25.977514195255935 127.95944954152219 581.1825057300739 92.912432585842907 53.909134571906179 991.32713092642371 463.12498320790473 710.47999257757328 13.027463343925772 479.24569181574043 83.904118221718818 445.67975180409849 326.26252479874529 14.185551531612871 749.99299054802395 71.381692104972899 161.31125985039398 53.152744400314987 9.6842223007697594 59.267188901547343 128.20463099190965 19.710740441223606 4.4936661561951032 588.33213084773161 19.84178587468341 213.25469641794916 298.86599306948483 1003.175804178929 109.53293931740336 2211.3185834480682 84.993533306755126 10.249093117658047 11.048425357788799 35.581791384844109 9.5538599994033557 868.72708635602612 13.5410383278504 376.33190642576665 9.7791256904602033 334.68708327005152 303.72953075123951 20.37164319306612 44.057547628413886 2230.6278875510907 390.24309618806001 554.64282939740224 41.822110504843295 41.425340502522886 1048.088162355125 294.01892806543037 5.043608362786471 1025.9534824928269 6.9857678432017556 47.086780592333525 559.75944179296494 14.684815807733683 23.386674852576107 118.61216838890687 17.995694313663989 315.35117828741204 33.462721968069673 724.46369621320628 105.3955982462503 405.51669198879972 86.920545756351203 587.94895736628678 880.87399250187445 91.188472448149696 8.0979566033929569 8.2336940048262459 824.37580569274724 18.147232609800994 22.602444923482835 12.546303392620755 47.467496146447957 1062.2573660747148 8.3913840400055033 108.91808316297829 137.31515955040231 186.61667356535327 140.39718949259259 37.385647069080733 3.8896220540627837 576.7072625545552 224.88002104032785 12.476692572236059 308.96407375554554 9.7995137963443977 5.3044325467199078
leaf_count=1357 827 1340 1373 771 3874 15147 491 107 571 175 149 390 6077 131 234 167 329 11811 2610 208 102 2876 3904 4083 12949 405 456 6030 7214 7121 9693 7532 3057 5428 157 9382 70 280 1459 5595 1055 508 6145 7962 8951 170 3310 1446 6559 4300 95 7544 444 2551 832 336 1010 2813 496 65 8799 147 4558 6105 15449 1314 40674 1616 301 123 568 264 16984 172 2650 233 5300 7288 569 780 24206 3585 6350 586 374 7229 7089 80 9156 125 690 9075 206 319 1331 454 7468 339 11974 755 6687 1364 8412 9536 856 187 87 16049 201 223 455 882 13743 91 2033 1826 3375 1488 560 130 8442 3249 225 6893 154 82
internal_value=6.15385e-05 -0.00345018 -0.0050045 -0.0084707 -0.000828906 -0.00989983 -0.0218557 0.0104851 0.00463977 0.00354303 0.000130701 -0.00114413 0.00348688 -0.00445876 -0.00853786 0.0149622 0.000191506 0.00337457 0.00752109 0.013214 -0.0138284 0.0114988 0.0190916 -0.0145851 -0.00203167 0.0167023 0.000234515 0.00717036 -0.0149715 -0.0124389 -0.0181131 0.00985657 -0.0182027 -0.00879834 -0.0218761 -0.00835966 0.0163923 -0.0155917 0.0168595 -0.014953 -0.0187474 -0.00232873 -0.0295006 0.0235062 0.00422634 0.0179189 -0.00431084 5.30957e-05 -0.00610091 -0.0124265 -0.0102747 -0.00207291 0.00478075 0.0139664 0.0172881 0.0191535 0.0175235 0.0175153 0.0263069 0.0191217 0.00557697 -0.0190739 0.0304369 0.0187966 0.0178175 0.0180526 0.0192974 0.0146516 0.0215571 -0.015475 0.0224984 0.00288417 0.0197237 -0.0199563 -0.0205834 0.0193883 0.0152343 0.0216736 -0.0163223 0.0013581 -0.00294114 -0.01482 -0.0101464 -0.00725734 0.00981984 -0.019192 0.016989 0.0248454 -0.0209581 0.0256896 0.0200661 0.0208981 0.0189706 0.00250823 0.000367447 0.0237122 0.0249007 0.0149469 0.00687686 -0.0196954 0.0145686 0.0213658 0.0132043 -0.0159942 0.00191914 0.0217754 0.00548836 0.0181543 0.0185185 0.0202032 -0.00358252 0.00105143 0.00520565 0.00547989 0.00803959 -0.00135928 -0.00205978 -0.00517874 0.0037747 -0.0233246 0.0118299 -0.000895077 0.0267254 0.026021 0.0311523 0.0276727
internal_weight=37533.3 28075.3 22970.2 12102.4 4988.42 2390.9 1178.43 9457.95 4103.03 5105.1 4064.57 10867.8 4533.64 6334.18 2347.08 5354.92 4779.62 3483.53 2597.52 1234.77 7113.99 1141.44 574.652 6753.93 2248.76 4838.99 3146.82 848.656 6641.85 3680.13 2961.72 755.81 2924.32 822.358 2101.96 1296.1 2186.57 1743.5 1040.53 619.103 1554.56 2298.16 1021.66 469.521 2022.86 1977.73 2923.12 850.56 2072.56 805.508 488.333 1267.05 517.061 362.227 4703.33 912.574 4650.18 309.227 147.915 956.212 742.962 625.3 257.403 1871.91 4567.02 4507.75 3317.83 1088.17 2229.67 904.421 398.483 1798.92 901.014 1461.64 1415.83 1811.41 645.582 1165.83 601.554 83.1563 2244.25 404.429 1708.3 1101.4 317.249 1179.46 369.08 310.895 1402.29 305.852 920.304 873.217 332.09 38.0715 360.053 386.71 368.714 223.948 765.251 1153.48 1189.92 196.453 993.466 893.372 208.832 2219.42 1088.44 852.302 842.523 891.33 135.662 60.495 1080.2 1070.65 117.644 515.927 501.715 327.014 174.701 11.5606 603.579 343.492 333.132 313.458 313.529 320.656
internal_count=485039 340565 266667 127845 61349 25657 10510 144474 56215 73898 54591 138822 63903 74919 23017 88259 61496 45819 35692 20473 66496 20621 9607 61814 25346 80843 38921 14100 60441 37184 23257 11615 25569 8632 16937 15677 40886 14341 19307 6295 13423 24821 6636 8170 26085 37927 33970 11813 22157 7610 5126 14547 7003 6687 79031 17848 78199 5860 3309 17294 11675 5575 5329 36587 77014 76004 58227 17065 41162 9816 8946 23136 17543 12368 11978 35535 11610 23925 6164 1185 24313 3680 16043 13535 4278 8264 8070 6310 11806 6230 16723 16033 7614 525 4682 8797 8343 2949 12303 7984 17777 2678 15099 9693 2959 40861 14185 16483 16250 17207 1812 1052 14098 13834 2103 7416 7249 4863 2386 305 8676 4580 7775 6958 7442 7550
is_linear=0
shrinkage=0.05


Tree=21
num_leaves=127
num_cat=0
split_feature=7 9 5 6 9 5 5 9 6 6 4 9 5 9 5 5 6 6 6 7 7 9 6 7 4 4 6 6 6 6 6 6 6 5 3 7 6 4 7 4 2 7 5 6 0 1 4 3 4 2 7 6 7 7 2 4 0 2 0 2 0 4 3 3 4 0 5 3 2 7 1 1 6 5 5 2 3 1 5 6 6 1 4 4 3 6 2 2 1 0 4 3 6 0 6 0 1 6 4 3 0 1 4 3 2 6 3 6 5 1 6 4 2 1 6 7 5 5 7 2 0 6 0 3 4 7
split_gain=192.555 203.589 162.725 273.269 106.194 99.8497 85.2461 119.797 242.019 81.5368 65.2362 64.5499 50.0215 98.9719 212.275 97.5117 105.377 95.2246 109.126 77.9783 51.2991 51.1638 52.5619 43.5916 39.383 33.9241 33.4169 28.8986 28.238 38.9321 26.5405 22.5302 22.4523 18.7248 18.6641 18.0901 18.01 17.1667 16.0933 15.5221 14.8121 13.6488 13.4837 13.0378 12.2105 12.1735 11.9116 11.2803 10.3724 10.1086 9.95599 9.82982 14.2333 9.7281 9.54983 8.69613 8.68213 8.44069 8.22716 8.2264 8.02208 7.96724 7.77292 7.43526 7.37088 10.1694 7.21962 6.52721 6.42739 6.39565 6.12557 6.1006 6.93249 9.83343 5.73277 5.64808 5.5779 5.54003 6.06462 121.231 60.6298 19.614 11.5608 5.52154 5.42652 7.87974 5.39665 5.37159 5.12773 4.97595 4.93397 4.91315 4.80177 4.4445 4.35445 4.21868 4.14272 3.95074 5.83009 3.9354 3.9227 3.9223 3.91304 3.78714 3.68836 3.66185 3.57393 3.32997 3.26082 3.25309 3.18468 3.34486 3.04091 3.01233 2.95899 31.0395 40.2001 6.55654 4.44517 4.04686 2.95746 2.94904 3.10946 2.92294 2.90667 2.88872
threshold=1.5000000000000002 1.5000000000000002 1.5000000000000002 1.0000000180025095e-35 1.0000000180025095e-35 1.0000000180025095e-35 1.0000000180025095e-35 1.5000000000000002 1.0000000180025095e-35 1.5000000000000002 3.5000000000000004 1.5000000000000002 1.0000000180025095e-35 1.0000000180025095e-35 1.5000000000000002 1.5000000000000002 1.5000000000000002 1.0000000180025095e-35 1.5000000000000002 1.0000000180025095e-35 1.0000000180025095e-35 1.0000000180025095e-35 1.0000000180025095e-35 1.0000000180025095e-35 3.5000000000000004 3.5000000000000004 1.0000000180025095e-35 1.0000000180025095e-35 1.5000000000000002 1.0000000180025095e-35 1.0000000180025095e-35 1.5000000000000002 1.0000000180025095e-35 1.5000000000000002 2.5000000000000004 1.0000000180025095e-35 1.0000000180025095e-35 3.5000000000000004 1.0000000180025095e-35 3.5000000000000004 2.5000000000000004 1.0000000180025095e-35 1.0000000180025095e-35 1.5000000000000002 3.5000000000000004 2.5000000000000004 3.5000000000000004 3.5000000000000004 3.5000000000000004 2.5000000000000004 1.0000000180025095e-35 1.0000000180025095e-35 1.0000000180025095e-35 1.0000000180025095e-35 2.5000000000000004 3.5000000000000004 3.5000000000000004 2.5000000000000004 3.5000000000000004 2.5000000000000004 2.5000000000000004 3.5000000000000004 2.5000000000000004 2.5000000000000004 3.5000000000000004 2.5000000000000004 1.5000000000000002 3.5000000000000004 2.5000000000000004 1.0000000180025095e-35 3.5000000000000004 2.5000000000000004 1.5000000000000002 1.5000000000000002 1.0000000180025095e-35 2.5000000000000004 3.5000000000000004 3.5000000000000004 1.5000000000000002 1.5000000000000002 1.5000000000000002 2.5000000000000004 3.5000000000000004 3.5000000000000004 2.5000000000000004 1.0000000180025095e-35 3.5000000000000004 2.5000000000000004 2.5000000000000004 2.5000000000000004 3.5000000000000004 2.5000000000000004 1.5000000000000002 2.5000000000000004 1.5000000000000002 2.5000000000000004 3.5000000000000004 1.5000000000000002 3.5000000000000004 3.5000000000000004 2.5000000000000004 2.5000000000000004 3.5000000000000004 2.5000000000000004 2.5000000000000004 1.5000000000000002 2.5000000000000004 1.5000000000000002 1.5000000000000002 2.5000000000000004 1.5000000000000002 3.5000000000000004 2.5000000000000004 2.5000000000000004 1.5000000000000002 1.0000000180025095e-35 1.0000000180025095e-35 1.0000000180025095e-35 1.0000000180025095e-35 3.5000000000000004 2.5000000000000004 1.5000000000000002 2.5000000000000004 2.5000000000000004 3.5000000000000004 2.5000000000000004
decision_type=2 2 2 2 2 2 2 2 2 2 2 2 2 2 2 2 2 2 2 2 2 2 2 2 2 2 2 2 2 2 2 2 2 2 2 2 2 2 2 2 2 2 2 2 2 2 2 2 2 2 2 2 2 2 2 2 2 2 2 2 2 2 2 2 2 2 2 2 2 2 2 2 2 2 2 2 2 2 2 2 2 2 2 2 2 2 2 2 2 2 2 2 2 2 2 2 2 2 2 2 2 2 2 2 2 2 2 2 2 2 2 2 2 2 2 2 2 2 2 2 2 2 2 2 2 2
left_child=1 12 10 53 5 36 11 8 33 86 34 27 21 14 37 17 45 41 35 -18 28 22 38 -20 59 49 48 -6 29 -16 -22 99 66 -8 92 120 -2 51 62 44 -25 93 -12 -29 87 -17 -35 57 -13 -11 95 69 101 55 -28 -4 84 -36 60 88 113 63 -1 -42 65 -56 -9 71 125 -14 109 94 96 -74 -49 -52 -43 78 79 81 -80 -70 -83 -68 85 -47 124 -37 -10 -75 -45 -44 -3 -15 -61 -5 108 98 -24 104 -81 -53 -64 -89 -23 -97 -77 -26 -73 -62 112 -112 -32 -59 117 116 -116 118 -111 -119 -19 122 -108 -91 -7 -34
right_child=4 2 3 50 6 9 7 32 24 25 42 26 13 15 20 16 19 18 23 -21 30 31 97 40 107 -27 54 43 -30 -31 110 -33 68 46 47 39 -38 -39 -40 -41 61 76 91 90 -46 56 -48 74 -50 -51 75 52 -54 -55 64 -57 -58 58 -60 67 70 -63 102 -65 -66 -67 83 -69 77 -71 -72 72 73 89 -76 106 -78 -79 80 100 -82 82 -84 -85 -86 -87 -88 103 -90 123 -92 -93 -94 -95 -96 105 -98 -99 -100 -101 -102 -103 -104 -105 -106 -107 121 -109 -110 114 111 -113 -114 -115 115 -117 -118 119 -120 -121 -122 -123 -124 -125 -126 -127
leaf_value=0.015990923938026976 -0.0011516908183640494 -0.0071030170185767613 -0.029350295194606486 -0.022778818134025214 0.013694280443541484 -0.0010354595853325885 -0.0077007360314674872 -0.0041676084548536857 0.025264607467046243 0.016754997110056697 -0.012398078027775088 -0.011707861777799838 0.0079393872344982862 -0.015884426525990061 -0.024739721890368559 -0.016743078447662558 -0.021154654189879385 0.014263287857906077 -0.0064288270976572102 0.0034809864637039461 0.015840799952477464 -0.0061139379456365845 0.011235984520441668 -0.046344031674971961 0.0061633533446081457 0.010063494193322323 -0.038782166165644547 -0.02415845156064568 -0.035725555125650246 0.011517226802017447 0.0096389885131638459 -0.0059710582538248323 0.023929122656261306 -0.023320777286320038 0.0033610600740702407 0.0049080949589897262 0.023480437871955483 0.00069722027509459611 0.012030088446142152 -0.0022963123002659727 -0.021130823583374668 0.011272019111240525 0.040397387029670211 -0.014745120058950626 0.023072643284613031 0.026301897432566786 0.0091507419474947047 0.0099553491930834959 0.033669308967093851 -0.021824285648526807 0.00096024363371159617 -0.0081438787230209315 0.019165293243618157 -0.016772112298334991 -0.014970052496106466 0.0067230385358405436 -0.033346668385065628 0.026654752119375652 -0.0052964945699947663 0.0027326109892409482 0.0063744901907922319 -0.0044546013164455485 -0.0096029280123119676 0.023362936026768907 -0.0012633385703518176 0.02297176186642351 0.010368064270390505 -0.014242676537823438 -0.052038201918269203 0.02107923012801247 0.00097518911658823343 0.026210474331565665 0.01083204437193456 -0.013904508819767986 -0.022447623062054264 0.00045183517565546336 0.053450171119986123 0.010999522242890735 -0.016230879014204471 -0.0052149672362744974 -0.0010144281147690477 0.019383177443383623 -0.017549686611965175 -0.015330906304797914 0.0169129089155182 -0.040519829039887628 0.030133954933438123 0.003517967739666276 -0.022426401071596366 0.0060306560935661641 0.0088213047399206528 0.003850971608432255 0.01775962791432285 0.00095302555166299364 -0.046527727061136843 0.0012527606899321536 -0.0098880093898391433 0.020450360710552163 -0.017776627165223647 -0.0092750273474271859 -0.017401872172691981 0.034017024212856274 0.0023336677076568743 -0.022069253572372251 0.0086993988655391062 0.011696546503254572 -0.0045565980846319198 -0.0037272369697229253 0.018331932250351568 0.016956869394224257 0.0001812849812075738 -0.02005419338901061 -0.0080232509729780532 8.9213765180860556e-05 0.032990269463321162 0.026375241559561419 -0.0061626264000122256 0.019630665685324393 0.012135825998774278 -0.016315863560537651 -0.011642747289935806 0.012658848811501417 0.019334448165927665 0.019033889692611709 -0.0093956028650321339 -0.0040123040237015619
leaf_weight=30.884830907918513 118.04727063840255 110.67361229727976 538.50126292300411 12.387503197882323 67.224127599038184 691.8493734379299 469.2870038554538 152.27267050428782 6.6082903575152185 16.435248475521803 247.22613130160607 283.47674704017118 231.65754609135911 41.945073121227324 201.857168457238 28.570268478710204 545.55776258301921 10.380533252377061 513.73689192160964 778.48118169314694 180.51076927105896 41.94184886245057 298.0721114310436 7.9846165231429032 119.28512037696782 88.099372263997793 7.3115537092089644 721.03427211754024 194.75410227524117 115.84528041142039 24.648477464914322 301.50707177817822 24.774616733193398 493.36399554694071 121.59274678537622 18.538614233024418 198.41102114575915 124.99382197426166 101.35580986645073 113.32176964404061 8.9935489464551193 358.94340640748851 8.8011638727039081 493.91322867642157 14.609492822550235 6.9159457068890342 29.445375111885369 25.791589224711061 12.226867549587039 2078.2012622640468 70.403639913769439 5.2877093865536144 729.03368747641798 286.00699435151182 18.642376170959324 16.893079519271851 7.9550607511773697 11.059894077479838 41.58557672961615 21.354092431254688 66.875933504197747 31.920108628459275 1381.5434530911734 262.97034370072652 51.116299371933565 204.68303001846652 337.72485154145397 16.803164899814874 9.5577738955616933 155.66680622124113 57.297618169337511 262.58557371073402 779.54366859234869 11.293593209236858 27.004816192435101 37.042981426697224 7.100748852826654 45.429894565604627 898.12364770844579 71.196922576986253 2408.0259230190422 356.86359845264815 21.767161661293358 21.408395935315639 921.29150857287459 9.1192009914666414 12.038687645457683 14.307129278080536 21.492235739249736 46.234397474676371 22.623480441980064 155.4668302545324 22.526264780201018 447.73448709840886 4.6473128050565711 190.43714443012141 9.784829546697436 114.90726544521749 17.50232329312712 30.684522917494178 1140.8967550270027 243.52908890880644 71.877025772351772 2030.9768110086443 3072.1307825763943 149.45876221521758 13.638023079372941 290.02319121779874 293.89224876416847 1236.9939550326671 310.8353276422713 20.856460974551737 566.27355239423923 92.715606911573559 96.719432482263073 636.01845099718776 198.48336053569801 1499.873409802909 804.22660836810246 7.1664204820990554 727.47596584632993 345.65063943364657 511.02293194120284 1070.3981543108821 121.43049260857515 14.031214023008941
leaf_count=292 1277 1370 3626 167 1990 7772 5071 2034 117 111 2450 2485 2920 478 1007 440 4079 135 5978 9461 2924 769 5172 306 1270 1301 164 4894 839 1890 173 3253 208 3786 1519 287 3070 2140 1722 1468 92 5140 53 5525 155 96 425 346 89 17648 938 119 13555 2598 227 116 151 106 714 466 747 891 13970 6025 404 3833 4902 291 172 3601 930 5157 11157 132 330 291 55 469 9484 871 29877 6045 294 233 15620 235 90 303 308 353 274 2044 367 6343 135 2790 271 1838 406 359 8955 5804 981 16882 42238 2589 99 3410 5571 19252 3760 262 6403 1438 2256 14126 2289 25974 14292 181 7666 4758 8443 15539 926 177
internal_value=-2.47253e-05 0.00281771 0.00949588 -0.0020835 -0.00450825 -0.0123644 -0.00220224 -0.000266023 0.00638123 -0.0151752 0.0140937 -0.0119159 -0.000479081 -0.00257833 0.00483421 -0.00591074 0.00250304 -0.0101034 -0.0135328 -0.0066782 -0.00771813 0.00336938 -0.00295635 0.00252087 0.0135566 -0.0202352 0.00200084 -0.0180718 -0.0207736 -0.0115245 -0.00163991 0.00706986 -0.00503367 -0.0149753 0.0156515 -0.0180563 0.0143173 0.018439 -0.00716295 -0.0203383 0.017237 0.00494415 -0.00504016 -0.019807 -0.0213204 0.0149798 -0.021478 0.0161511 -0.00972443 -0.0215137 0.0120219 0.0200617 0.0227392 -0.0243684 0.0142975 -0.028243 0.0159553 0.0164004 0.0167335 0.0158712 0.0169292 0.0190541 -0.00848077 0.0218196 0.0158473 0.0197519 0.00493671 0.0161723 -0.00605615 0.013261 0.0172391 0.0163824 0.016636 0.0151753 -0.00672762 0.0146174 0.0122336 -0.00621595 -0.00637756 -0.00890541 -0.00515167 0.0153848 0.0172193 0.0087978 0.0164088 -0.0118475 -0.00178481 -0.0216457 -0.0107283 0.0181649 -0.0136979 0.00604165 -0.00279733 -0.000518673 -0.00746893 0.00479706 0.0215209 0.0125192 0.00957582 0.00832168 -0.0166909 0.033092 -0.00901142 -0.0218886 0.00849799 0.00586593 0.0156749 -0.000836816 0.0220899 0.0174438 -0.00507348 -0.00114756 -0.00727149 0.00314782 0.0176076 0.0201626 0.00673339 0.0169316 0.0150643 0.019449 -0.0112595 0.0163216 0.0187059 0.0185014 -0.00229371 0.0139792
internal_weight=37771.4 23116.5 7639.54 2171.44 14654.9 3324.51 11330.4 9448.12 3946.04 3008.05 5468.1 1882.25 15477 10014.6 3105.75 6908.83 2297.89 4610.94 3755.22 1324.04 1615.58 5462.41 2016.14 825.606 2953.95 2182.74 577.457 1304.8 512.457 317.702 1103.12 3446.26 5502.07 992.096 5056.61 2929.61 316.458 1490.17 1585.66 2191.75 311.869 855.724 411.494 1237.57 2078.43 973.852 522.809 4923.41 295.704 2094.64 1330.04 1365.17 977.85 841.401 281.753 555.394 945.282 4870.61 4749.02 2544.64 4707.43 303.884 1484.31 271.964 274.442 223.325 511.406 2516.54 4990.67 387.324 4603.66 2499.73 2473.73 1907.47 52.7964 977.758 366.044 4951.86 4906.43 1600.28 3306.15 388.189 378.631 359.133 937.327 16.0351 825.319 2063.82 28.1005 1127.93 516.537 164.268 133.2 489.68 26.0014 352.283 566.263 430.482 315.574 3144.76 1212.09 248.817 1453.42 2045.28 3114.07 339.896 907.355 409.308 556.478 4546.36 922.614 331.692 590.922 103.776 4479.48 931.221 295.203 3548.26 2041.22 1507.04 737.856 870.312 524.661 1116.63 813.28 38.8058
internal_count=485142 315882 117199 26415 169260 32195 137065 117180 53459 27848 90784 19885 198683 127683 45397 82286 30082 52204 40188 13540 17258 71000 24381 13292 44177 19060 7202 12683 3736 2897 13522 46619 63721 9282 86237 26896 4347 28139 16965 19095 7314 12016 4547 10693 17627 16542 4211 84500 2574 17759 20075 25999 19478 6340 4628 3742 16102 83824 82305 39497 81591 7008 15243 6117 4464 4060 7169 39072 56552 6521 80047 38781 38180 27181 676 14529 5195 56167 55698 16337 39361 6511 6339 5135 15951 331 8788 17472 425 16024 5799 2097 1737 6821 601 5546 10999 7416 5578 43366 9826 5923 14951 17185 43007 5379 13591 4680 10728 79117 10598 4022 6576 1544 78370 18671 4545 59699 33544 26155 7801 13300 8542 15892 8698 385
is_linear=0
shrinkage=0.05


Tree=22
num_leaves=127
num_cat=0
split_feature=9 7 6 9 5 9 6 5 9 7 7 6 6 5 5 6 6 4 6 6 6 5 6 5 7 6 7 4 6 5 7 4 7 6 5 6 5 7 6 4 4 4 1 4 3 3 5 5 3 1 5 0 1 9 6 7 5 2 0 0 0 3 6 4 6 5 6 0 6 5 3 5 3 0 4 4 4 5 2 0 9 5 2 7 2 7 6 4 3 1 0 1 4 3 4 6 6 0 3 7 7 5 5 5 0 0 4 0 9 3 6 5 1 6 2 5 3 3 5 1 2 1 5 1 0 2
split_gain=414.191 226.058 155.384 110.518 96.0635 145.156 136.359 89.6682 72.6623 682.225 651.254 435.392 180.172 146.417 141.408 150.971 130.517 108.841 83.9414 66.1167 55.9801 38.1626 76.2439 34.7505 33.3467 32.8432 54.7453 76.2285 30.1629 29.8756 26.8227 25.9035 25.5592 24.3171 21.3263 27.477 55.0936 21.5027 23.7155 20.3092 19.2369 18.9641 17.0231 15.9385 15.8269 15.421 15.3543 15.3292 13.9553 13.5582 13.2407 15.271 13.0189 12.4445 11.6612 11.6112 11.4712 11.2457 10.9492 10.6064 10.1644 9.84091 9.79311 9.66654 9.56987 9.50241 23.7894 9.4106 9.06776 9.02528 8.97775 8.77138 8.72881 8.26985 8.04802 7.92564 7.79488 7.49653 7.20782 6.91445 7.00702 6.78755 6.76683 6.5414 6.49129 6.46674 6.17488 9.38176 5.7806 5.74832 5.57523 5.45577 5.39724 5.32767 5.29701 5.29583 5.03501 4.87079 4.84983 11.1139 5.85441 15.6573 5.18694 4.78347 4.75776 4.72108 4.63545 4.61482 4.56281 4.32698 7.36369 4.18275 3.93834 3.83369 3.80909 3.80739 3.80674 3.73575 3.61389 3.55776 3.55764 3.55189 3.44492 3.42874 3.34384 3.32935
threshold=1.0000000180025095e-35 1.0000000180025095e-35 1.0000000180025095e-35 1.5000000000000002 1.0000000180025095e-35 1.5000000000000002 1.5000000000000002 1.0000000180025095e-35 1.5000000000000002 1.5000000000000002 1.5000000000000002 1.0000000180025095e-35 1.0000000180025095e-35 1.5000000000000002 1.5000000000000002 1.5000000000000002 1.5000000000000002 3.5000000000000004 1.5000000000000002 1.5000000000000002 1.0000000180025095e-35 1.5000000000000002 1.0000000180025095e-35 1.5000000000000002 1.5000000000000002 1.5000000000000002 1.5000000000000002 3.5000000000000004 1.5000000000000002 1.5000000000000002 1.0000000180025095e-35 3.5000000000000004 1.5000000000000002 1.0000000180025095e-35 1.0000000180025095e-35 1.0000000180025095e-35 1.5000000000000002 1.5000000000000002 1.0000000180025095e-35 3.5000000000000004 3.5000000000000004 3.5000000000000004 2.5000000000000004 3.5000000000000004 2.5000000000000004 2.5000000000000004 1.5000000000000002 1.0000000180025095e-35 3.5000000000000004 2.5000000000000004 1.5000000000000002 2.5000000000000004 2.5000000000000004 1.5000000000000002 1.0000000180025095e-35 1.0000000180025095e-35 1.0000000180025095e-35 2.5000000000000004 2.5000000000000004 2.5000000000000004 2.5000000000000004 2.5000000000000004 1.5000000000000002 3.5000000000000004 1.5000000000000002 1.5000000000000002 1.0000000180025095e-35 2.5000000000000004 1.0000000180025095e-35 1.5000000000000002 2.5000000000000004 1.5000000000000002 2.5000000000000004 3.5000000000000004 3.5000000000000004 3.5000000000000004 3.5000000000000004 1.5000000000000002 2.5000000000000004 3.5000000000000004 2.5000000000000004 1.5000000000000002 2.5000000000000004 2.5000000000000004 2.5000000000000004 2.5000000000000004 1.0000000180025095e-35 3.5000000000000004 2.5000000000000004 2.5000000000000004 2.5000000000000004 2.5000000000000004 3.5000000000000004 2.5000000000000004 3.5000000000000004 1.5000000000000002 1.0000000180025095e-35 2.5000000000000004 2.5000000000000004 1.5000000000000002 1.5000000000000002 1.5000000000000002 1.5000000000000002 1.5000000000000002 2.5000000000000004 2.5000000000000004 3.5000000000000004 2.5000000000000004 2.5000000000000004 2.5000000000000004 2.5000000000000004 1.5000000000000002 3.5000000000000004 1.5000000000000002 2.5000000000000004 1.0000000180025095e-35 3.5000000000000004 2.5000000000000004 1.5000000000000002 3.5000000000000004 3.5000000000000004 3.5000000000000004 1.5000000000000002 2.5000000000000004 2.5000000000000004 2.5000000000000004
decision_type=2 2 2 2 2 2 2 2 2 2 2 2 2 2 2 2 2 2 2 2 2 2 2 2 2 2 2 2 2 2 2 2 2 2 2 2 2 2 2 2 2 2 2 2 2 2 2 2 2 2 2 2 2 2 2 2 2 2 2 2 2 2 2 2 2 2 2 2 2 2 2 2 2 2 2 2 2 2 2 2 2 2 2 2 2 2 2 2 2 2 2 2 2 2 2 2 2 2 2 2 2 2 2 2 2 2 2 2 2 2 2 2 2 2 2 2 2 2 2 2 2 2 2 2 2 2
left_child=25 2 3 63 5 24 32 94 10 13 12 43 48 19 16 107 104 45 21 31 -15 33 -23 28 92 30 46 44 40 117 61 42 86 -11 37 36 -36 89 -39 52 91 50 -10 118 -28 -17 55 -29 103 -24 51 -20 122 57 78 -27 -46 -54 -26 -25 -58 68 69 71 -61 75 -67 -22 -1 124 111 -2 -21 114 -60 82 98 115 -44 80 84 120 -63 109 -35 -62 87 -7 -30 -32 -8 -14 95 -80 -5 -3 -77 -90 99 -37 101 -100 -102 -6 -13 -93 -40 -16 -34 -52 -111 -55 -97 -94 -53 -65 -74 -9 -12 -66 125 123 -4 -84 -59 -72
right_child=1 4 39 7 8 6 90 29 9 18 11 14 23 20 15 17 -18 -19 41 72 67 22 49 59 58 26 27 47 88 -31 34 -33 108 79 35 76 -38 38 106 -41 -42 -43 54 -45 56 -47 -48 -49 -50 -51 83 73 53 70 -56 -57 60 62 74 64 85 65 -64 77 119 66 -68 -69 -70 -71 81 -73 116 -75 -76 96 -78 -79 93 -81 -82 -83 121 -85 -86 -87 -88 -89 97 -91 -92 105 113 -95 -96 112 -98 -99 100 -101 102 -103 -104 -105 -106 -107 -108 -109 -110 110 -112 -113 -114 -115 -116 -117 -118 -119 -120 -121 -122 -123 -124 -125 -126 -127
leaf_value=-0.015071929670290944 0.0077670628248554755 0.010838599075279273 0.00018240033719642344 -0.01209288855402808 -0.010569266748754295 0.014004565911987253 0.0022372096004198475 0.022178475020096258 0.0034953067510923221 0.017613857452325469 0.026853042935965132 -0.0036978428811199368 -0.0088787054633344235 0.027725105236454259 0.030528759272541318 -0.0053697954769833384 0.00052855651391574439 0.0034287731064278613 0.0048450305463419302 0.026387117793405052 0.01942589410594691 -0.0031677894186708426 6.4017517039942281e-05 -0.029468936418367508 -0.015265009693940446 0.016508194677152869 -0.009826967154877693 -0.030978786946232691 -0.025301919195092677 0.025493867335601418 -0.029174924853229756 0.0030138818706581007 0.01836398174132305 0.022328748734156009 0.014265820146612637 -0.035719889223823464 -0.01316358161015607 0.008470016526546784 -0.027026607592741517 0.00010727027346494169 0.0060671975158249998 -0.00013490132902806566 0.0095102216669152358 0.0012457105298882304 0.017103184802753017 -0.03395140033844183 0.017712577212663141 0.0028406404436879043 0.039719430365014352 0.029138378813245287 -0.00023966208864181147 -0.0074165236220943564 -0.014801282382871511 -0.002880713661238982 -0.029241681667917699 0.00089172419007403799 -0.020101365238164526 0.0022912614400797953 0.025783899738442157 0.0049238822070820816 0.034665463007757358 -0.023384949583989914 0.025914998330156119 -0.0027183537739160586 0.013865472481274245 0.030336826361956781 -0.0064105382804858935 -0.0065158479036557353 0.028305646821188468 0.0056747645255367431 -0.0060683061448345652 0.021574620630034999 -0.010475351872832158 -0.022945538044775324 0.0027069203688011041 -0.0016467422996539638 -0.00012361399786865743 -0.021611475241657574 0.0086942221531212775 0.02727851293388377 0.029707007661527864 0.0069536993599032251 -0.0068743496469625687 -0.025347708989042029 -0.010484922066668343 -0.014411357596581804 -0.00080072115643811496 -0.029341247884729985 -0.01066650591087934 0.0086643684679769857 -0.020998260475248789 -0.0087614447487853655 -0.0082444145516741823 -0.022928900133938016 -0.00053033858903928489 -0.0036012002634637145 0.025379499927945318 0.011212011549763354 0.010983958909839324 0.018949930059846191 0.015145732545023223 0.02500400180378844 0.003693136882058138 -0.018765553414934025 -0.027861254580428131 0.028778443708033199 -0.0041900601830240931 -0.0042135504072884616 -0.017427650337455095 0.018278042634392269 -0.034269607439262363 -0.051383167409402422 0.031803730134135642 0.0088726647281895457 0.031654601847635654 0.011209630285157085 0.018882338805564378 0.0018280188490975521 0.036881138026572474 -0.015655529135245826 -0.0081685321927740095 -0.011579363163606511 -0.033073690677424716 0.017576308157330005 0.020564082586638898 0.017233392501764991
leaf_weight=51.474858352914453 2279.6805233052 803.42465927544981 74.417397393845022 2150.6107940655202 546.12887268781196 135.10694562329445 26.354409571737051 22.459898107685149 46.456501619890332 104.94161005667411 248.42076786723919 21.325503483880311 9.5271196002140623 134.81857056426816 8.7356885643675906 48.284469126723707 1047.1664464015048 211.20069737941958 69.010719631798565 15.797777809202669 34.912693818099797 470.13159620156512 44.843403372913599 17.128812816925347 17.550209058914334 150.44518893933855 23.678529190830886 48.787997409235686 11.203767551574854 184.74270130391233 9.5120230787433666 76.935686925426126 274.51552668691147 14.546114312484859 352.16317219578195 15.472096110228447 379.09057147928979 83.898862256435677 151.39781659236178 213.33677335001994 116.25144007755443 128.03367272543255 17.749727030284703 50.903827705420554 126.38174603949301 3351.7079910759348 300.83834491996095 102.01318238652311 11.664043055847285 378.27120894251857 32.923420199658722 5.9830347243696442 21.912655938882381 11.833055640570821 1704.5554012740031 556.68403930659406 8.1017964333295804 26.509860103949904 530.7047844051267 679.58275052509271 730.59068214637227 9.5686673275195044 539.5124599696137 146.72585857589729 643.21263056574389 61.409483111579902 148.81817608093843 1392.0634004793828 14.661929891910402 143.71646671299823 15.248625545296816 120.54620148823597 823.44787193753291 6.5213046744465819 40.939228090690449 95.983054059091955 122.66698601760436 39.005570098292083 13.105826355051247 12.481732813641427 10.552800644189118 293.5839219444897 14.001817635260521 8.0412523262202722 607.11812669923529 6.2696344247087827 1048.7735634762794 12.808989570476113 26.538339726626873 239.58909656084143 942.96133605006617 8.0511024496518058 79.647793817566708 671.33083963417448 103.93062904523686 101.51733021694236 19.977690499974415 370.16762189427391 580.23888769675978 20.382209805771708 170.94011255307123 304.88623321952764 234.72007189341821 268.67234762199223 695.65290492749773 768.96457496529911 26.490727372467518 558.24170023598708 8.4489523824304325 1590.4439216027968 5.8141467226669183 6.2454867269843808 7.5071022752672425 54.049596845870838 423.11809730657842 72.51257552485913 10.313171546906231 592.32250883011147 164.05668165360112 9.5830233432352525 14.180812131613491 10.066256643738596 7.6958075603470197 1373.5836845936719 549.34582338912878 629.86490164231509
leaf_count=376 30323 11319 961 19294 5164 3079 295 174 396 2013 4873 278 241 2584 117 359 12199 2533 886 153 251 5171 594 341 349 2412 433 223 133 3744 145 942 5189 80 5580 287 3677 1291 692 3239 1471 1792 126 636 1972 15962 4869 1309 72 9118 634 104 489 223 10154 6620 420 182 11559 9110 17000 242 10061 2146 9287 980 1858 14227 201 1855 336 2216 8885 65 749 1321 1882 307 130 94 156 5104 204 154 6325 83 13154 264 249 4121 8505 266 1019 5364 1134 1444 367 6949 8607 120 2429 5911 3213 2488 5837 17005 119 6775 80 28016 146 94 35 577 8373 799 98 8048 3766 72 180 281 178 22824 10434 10549
internal_value=-7.30521e-05 -0.00247972 0.00460811 2.79636e-05 -0.00504409 0.001904 -0.00579807 -0.00645964 -0.00655789 -0.00326703 -0.00950277 -0.0189667 0.00788468 -0.0156158 -0.0226075 -0.0276192 -0.010729 -0.0313843 0.0123283 -0.0214651 -0.00295226 0.00371674 0.0106926 0.0142189 0.0134346 0.0113584 0.016597 0.0246074 0.0200167 0.00792006 0.00895958 -0.0255172 0.0037519 -0.00459867 0.00579647 0.00795015 4.75369e-05 -0.00339336 -0.0133754 0.014875 0.025113 0.0185568 -0.0264128 0.0276709 0.0301436 -0.0335472 0.00826956 -0.0082328 -0.0124963 0.0260644 0.0196736 0.0267786 0.0162242 0.016937 -0.0269913 0.00423282 0.0312398 0.0201793 0.0229412 0.00857715 0.0336119 0.0136846 0.0207994 0.00748059 0.009088 0.0144068 0.00441652 -0.00586799 -0.00517714 0.0169332 0.0126431 0.00846921 -0.0093815 0.0302342 0.0241388 0.0157818 0.0119347 -0.00170535 -0.0214948 -0.00823602 -0.00897914 0.0133117 0.0168167 0.0174687 -0.0096825 0.0342289 0.00055137 0.0100791 0.00870368 0.00710859 -0.0203649 0.0279167 0.00806358 -0.0223116 -0.0115603 0.00943699 0.00318652 0.00972527 0.0130489 -0.00497066 0.0135529 0.015836 0.00854449 -0.0132916 -0.0271487 0.0283787 -0.0236683 -0.00362545 0.0172377 0.0176955 0.0180653 -0.0214516 -0.000896418 -0.00131003 0.0310938 0.00191827 -0.01009 0.00260629 0.0309211 0.0134088 0.0161282 0.0171085 -0.00329486 0.0173248 0.0197283 0.0166741
internal_weight=37635.7 31090.9 8259.94 5712.54 22830.9 4084.31 2448.97 3054.07 18746.6 8854.26 9892.37 6405.7 3486.68 4941.49 5942.32 4178.17 1764.14 3611.19 3912.78 3379.69 1561.79 1642.89 893.246 2660.21 1635.34 6544.79 2053.79 1045.82 1310.7 799.525 4490.99 2530.13 1479.65 749.64 2691.45 2180.56 731.254 510.889 261.787 2547.4 902.794 2269.89 2453.2 463.381 895.022 3399.99 1007.97 150.801 826.465 423.115 2141.86 504.633 2334.07 2251.95 2406.74 707.129 871.344 1281 589.194 1349.51 744.962 1799.55 1259.08 2658.47 1332.38 1733.41 210.228 1426.98 66.1368 719.572 970.957 2400.23 849.559 435.622 571.644 1523.18 1449.31 258.244 702.186 644.699 632.217 952.878 1407.22 1637.22 621.664 736.86 1196.69 147.916 407.91 249.101 969.316 786.543 1046.15 684.437 2254.54 912.449 115.961 396.706 1326.64 35.8543 1290.79 885.125 405.66 814.801 716.978 777.016 177.889 566.977 282.964 1629.18 1596.26 18.0785 109.024 133.697 429.101 219.238 833.761 614.782 412.477 652.796 659.294 1397.65 82.1132 1387.59 575.856 645.114
internal_count=484970 382901 112070 68185 270831 57617 30566 32394 213214 107031 106183 53335 52848 43310 44060 25746 18314 18854 63721 26248 17062 23551 14883 45124 27051 102069 35341 21440 26314 11966 66728 17112 21766 8668 38074 31706 9257 6368 2102 43885 18983 40170 16170 9275 19908 16321 13901 1532 7724 9712 38378 9428 40646 39507 15774 9032 19475 23021 12657 18810 17503 28654 22532 35791 18469 28077 2838 14478 577 12471 16486 32539 9136 8542 12308 25239 22449 3252 5620 6655 6561 16169 23551 28950 6405 17083 16497 3343 7331 4266 8800 17512 14394 5494 20428 12798 1688 7198 20567 407 20160 14518 5642 7652 6115 17271 811 6892 5269 28796 28162 317 1479 1596 8477 2945 8983 8222 8639 9359 11065 23309 1139 23028 10616 10885
is_linear=0
shrinkage=0.05


Tree=23
num_leaves=127
num_cat=0
split_feature=9 8 5 9 8 8 6 5 5 6 5 5 4 6 5 6 9 5 5 4 5 5 6 6 8 6 9 8 9 8 8 5 9 6 6 6 6 0 6 6 9 9 4 6 9 6 4 6 6 4 4 6 2 1 3 8 6 4 6 4 8 6 9 8 4 9 3 2 9 6 1 5 3 3 2 3 3 5 9 0 5 9 6 6 8 8 5 0 0 1 0 5 0 1 1 1 3 0 3 1 3 3 0 3 6 2 4 0 6 8 1 8 6 0 2 3 2 6 1 8 5 6 1 1 6 0
split_gain=296.428 287.278 181.629 187.857 154.291 230.196 349.071 53.8219 51.0778 80.1017 104.93 50.9898 43.1038 42.3067 38.708 41.9192 113.208 36.9081 68.2216 36.33 34.9901 32.0906 99.4419 40.178 31.1298 30.5065 91.4866 182.784 54.1833 131.863 35.6362 30.4732 29.6321 76.4702 27.9618 41.0356 22.7938 22.4753 21.734 20.6924 245.821 242.668 23.7222 20.3573 19.8109 17.9293 14.6965 13.1856 13.1389 11.7734 11.1432 10.8661 10.7483 10.316 9.963 9.95648 10.1691 9.44499 8.99417 19.5559 8.78397 8.97749 8.63692 7.36909 7.03537 7.00815 6.6556 6.63491 6.58795 8.31567 6.52857 6.46854 6.28045 6.16606 6.15082 5.93789 5.5215 5.45508 5.45314 5.4085 5.16304 5.06759 38.8886 15.701 69.4259 44.932 10.8671 7.66236 5.32242 4.97729 5.70138 4.71927 4.70985 4.67248 4.57532 4.5301 4.51118 5.01241 4.50212 4.47205 4.97743 4.32784 4.27496 3.97215 3.77599 3.71871 3.69594 3.67189 3.66185 11.7858 7.30164 4.85154 10.9467 3.5746 3.5507 3.54149 3.46341 3.17324 3.16044 3.09773 2.99986 2.87939 2.8336 2.79588 2.77639 4.09319
threshold=1.0000000180025095e-35 1.0000000180025095e-35 1.0000000180025095e-35 1.5000000000000002 1.5000000000000002 1.0000000180025095e-35 1.5000000000000002 1.5000000000000002 1.0000000180025095e-35 1.0000000180025095e-35 1.5000000000000002 1.5000000000000002 3.5000000000000004 1.0000000180025095e-35 1.5000000000000002 1.0000000180025095e-35 1.5000000000000002 1.0000000180025095e-35 1.5000000000000002 3.5000000000000004 1.0000000180025095e-35 1.5000000000000002 1.0000000180025095e-35 1.0000000180025095e-35 1.5000000000000002 1.5000000000000002 1.5000000000000002 1.5000000000000002 1.5000000000000002 1.5000000000000002 1.5000000000000002 1.5000000000000002 1.5000000000000002 1.5000000000000002 1.0000000180025095e-35 1.5000000000000002 1.0000000180025095e-35 2.5000000000000004 1.5000000000000002 1.5000000000000002 1.5000000000000002 1.5000000000000002 3.5000000000000004 1.0000000180025095e-35 1.5000000000000002 1.5000000000000002 3.5000000000000004 1.0000000180025095e-35 1.0000000180025095e-35 3.5000000000000004 3.5000000000000004 1.5000000000000002 2.5000000000000004 3.5000000000000004 2.5000000000000004 1.5000000000000002 1.5000000000000002 3.5000000000000004 1.5000000000000002 3.5000000000000004 2.5000000000000004 1.5000000000000002 1.5000000000000002 1.5000000000000002 3.5000000000000004 1.5000000000000002 2.5000000000000004 2.5000000000000004 1.5000000000000002 1.0000000180025095e-35 3.5000000000000004 1.0000000180025095e-35 2.5000000000000004 2.5000000000000004 2.5000000000000004 2.5000000000000004 2.5000000000000004 1.0000000180025095e-35 1.5000000000000002 2.5000000000000004 1.5000000000000002 1.5000000000000002 1.5000000000000002 1.5000000000000002 1.5000000000000002 1.5000000000000002 2.5000000000000004 2.5000000000000004 3.5000000000000004 2.5000000000000004 2.5000000000000004 1.0000000180025095e-35 2.5000000000000004 2.5000000000000004 3.5000000000000004 2.5000000000000004 2.5000000000000004 2.5000000000000004 2.5000000000000004 2.5000000000000004 2.5000000000000004 2.5000000000000004 2.5000000000000004 2.5000000000000004 1.0000000180025095e-35 2.5000000000000004 3.5000000000000004 2.5000000000000004 1.5000000000000002 1.5000000000000002 3.5000000000000004 1.5000000000000002 1.0000000180025095e-35 3.5000000000000004 2.5000000000000004 2.5000000000000004 2.5000000000000004 1.0000000180025095e-35 3.5000000000000004 1.5000000000000002 1.0000000180025095e-35 1.5000000000000002 2.5000000000000004 2.5000000000000004 1.5000000000000002 2.5000000000000004
decision_type=2 2 2 2 2 2 2 2 2 2 2 2 2 2 2 2 2 2 2 2 2 2 2 2 2 2 2 2 2 2 2 2 2 2 2 2 2 2 2 2 2 2 2 2 2 2 2 2 2 2 2 2 2 2 2 2 2 2 2 2 2 2 2 2 2 2 2 2 2 2 2 2 2 2 2 2 2 2 2 2 2 2 2 2 2 2 2 2 2 2 2 2 2 2 2 2 2 2 2 2 2 2 2 2 2 2 2 2 2 2 2 2 2 2 2 2 2 2 2 2 2 2 2 2 2 2
left_child=4 2 3 48 5 6 17 91 13 31 45 34 20 -6 15 16 37 -1 36 -15 44 22 53 24 -23 26 30 76 118 -30 -24 46 38 -34 64 54 79 -4 -17 40 43 49 66 -16 55 -11 -10 -13 -2 -41 -9 -50 -46 62 -36 122 67 70 59 -12 61 68 103 74 120 -63 -43 -57 73 -70 89 -66 -20 -14 -64 -32 -28 -56 -26 -19 -67 82 94 84 87 88 -84 -83 102 -5 -91 -8 -86 -49 99 -54 -31 -98 -29 -25 -101 -65 -85 -22 -69 -60 -42 -35 110 -110 111 117 -113 -89 -102 -111 -92 -97 -27 -116 -7 -95 -3 -100 -124 -126
right_child=1 12 14 57 8 11 7 50 9 10 58 47 60 19 39 32 -18 18 72 -21 21 23 25 81 78 28 27 98 29 96 75 -33 33 107 35 -37 -38 -39 -40 41 106 42 -44 -45 52 -47 -48 93 51 -51 -52 -53 95 -55 77 56 -58 -59 105 -61 -62 65 63 101 71 80 -68 104 69 -71 -72 -73 -74 -75 -76 -77 -78 -79 -80 -81 -82 83 86 85 92 -87 -88 113 -90 90 116 -93 -94 121 -96 108 97 -99 123 100 114 -103 -104 -105 -106 -107 -108 -109 109 115 -112 112 -114 -115 119 -117 -118 -119 -120 -121 -122 -123 124 -125 125 -127
leaf_value=0.0090902697069106895 -0.0020393076296480453 -0.0095257318693039369 -0.0029518867018408987 -0.0029751077657114542 0.0031526925413418575 0.012062508830735114 0.0045311687721238834 -0.038504223947442712 -0.031197079806326473 0.0085583213132426304 -0.024910113199842179 0.0044605508287704062 -0.035303953756778077 -0.032362636147774258 -0.034463638654714246 -0.00043294221715197518 0.012847079741972601 -0.0064025948799078074 -0.017452125252948949 0.022029390058062454 -0.0099346330774306227 0.012257740835264937 0.0077104866397129379 0.0033286062106225585 -0.011793559750030101 -0.0089584765234403309 -0.003531099480813607 0.011408263499701442 -0.005670537092043927 -0.00083096479111857853 -0.0028185916566048764 0.015804625417640796 0.017241033257814294 0.0034401447320471026 0.017736294119364233 0.0085318208140609236 -0.0074854242244186825 -0.042094789225777404 0.016636010762450037 0.022987799121880453 0.018204918903502648 0.0025071987916492414 0.018111730056392408 -0.018194943175059482 -0.021668062433963048 -0.004008172435715697 0.0016451299556525377 -0.0040735504187756552 -0.015834806316007075 -0.0032347694897084341 -0.0073990599823707433 -0.00064617022685010397 -0.0085223882649472556 -0.046319721975913039 0.00021287595386710844 -0.035462846138185698 -0.0036479800659878592 0.0066601478494761092 0.0115433011486148 0.014452408313314373 0.035414487607011096 -0.0098957924763783123 -0.027983598842606851 -0.024662420725611506 -0.02050146201232687 0.011136277951986158 -0.027197254601828126 0.014502563037973388 -0.015842442682956499 0.0013598271734777522 -0.0031314759729732626 0.014243423019050364 0.017770401514418038 0.0049960210966335109 0.020278431116827644 0.02661366418232864 0.024992060103056348 -0.012864935648424284 -0.0028574769875367809 -0.034007157612799779 -0.0051606638924109943 0.03173439805317501 0.0071350377850342515 -0.013061318721424388 -0.0075309470830216083 0.0053902710082920531 0.041653169074671779 -0.0047764815044109227 -0.0097573156273764467 -0.020616825914584108 0.0046443715877189408 -0.01477974339123668 0.02590129816408035 0.023761807156060671 -0.00062639661582633175 0.015914875334798819 0.013354435843213514 0.035958260795172357 0.00020680573995563966 -0.013387154000931725 -0.0088654086100256307 0.0086326688560174128 0.022955307077199186 0.019289071486280791 0.006059355269989488 -0.014327978489007194 -0.0045858414899587535 -0.017636961168908751 0.024679804692231546 0.043639968050838591 -0.023727513202425929 0.0065008610230836983 0.022385310903187815 0.024323467959856893 0.02662065447579336 0.0090558299554065313 0.022400692359985069 0.0082506781837630629 0.013345562888282068 0.019510786872485752 0.021551375891381758 0.017581439274061025 0.011286484692407854 -0.01640634084744266 -0.015248161179546086 0.022843660749325482
leaf_weight=988.33011198765598 2239.3401774798986 14.04001811146736 42.622231535613537 20.642984410747886 108.83358555729501 171.78909744229168 36.179201355669647 948.24613217264414 632.00910442741588 634.17180560040288 574.32757895020768 178.03787327255122 8.6631709714420122 738.65405905107036 408.78636396722868 862.67561695282348 181.28339643566869 20.389907935168594 12.675756506621836 31.362706467974931 11.239980670157818 322.26421054778621 766.2410050391918 30.983746854588389 285.05425587040372 1720.1300207453314 17.485249529592693 14.560448156669734 765.67502067936584 9.6123959184624237 17.654306521639228 38.819613357190974 212.35942027240526 21.009960117284209 30.994637493044138 597.54693709535059 221.95591186382808 268.84768019395415 236.91354453726672 315.32932906085625 508.9332802304998 18.938728932291269 29.316101575968787 371.00321348267607 18.750238970387727 512.33845658344217 35.897634219843894 20.294876307714731 353.5399760841392 49.238404840230942 30.244326846208423 176.44412892567925 18.695609346032143 5.9332246244885019 93.651600188110024 7.9086897303350261 278.29880134901032 135.83051413600333 13.600551407784222 32.758903085836209 14.789904574863611 458.12064919574186 5.9697198094800106 9.0057964781299216 25.349080998450518 79.368618961772881 1469.8309638458304 172.25664334301837 107.55263272090815 198.72114571463317 27.94668608950451 26.276697230525315 212.97647580062039 572.80818893364631 217.16787564777769 431.39851032418665 394.59898200572934 534.51512364973314 425.65949181967881 169.55281819659285 121.98647292377427 13.978683365508912 1650.9931726398645 7.7456182707101098 10.525743346661327 1087.0521911942633 22.170465499628335 768.32596389902756 12.514089502394198 7.1835659160278729 28.775025508366525 230.40190135990269 284.10225608979817 325.94220388063695 22.930326947942376 226.2998469817685 28.64334072265774 274.55734645342454 25.964058810845017 8.7472338543739152 7.9818088673055163 522.00466329650953 644.98098891647533 747.20478350867052 577.39789517608006 473.76929089799523 18.058366478187963 671.88758967979811 363.34334092168137 6.7434896347112945 11.732986527495084 151.5243127620779 390.20873812469654 9.72321644797921 399.01112129283138 227.40575287025422 1097.7000852548517 345.29833089548629 15.187419621273873 277.90547738736495 171.97538090136368 507.14586126629729 597.40917428466491 990.048620702466 6.9214601381681851 97.317415419500321
leaf_count=14616 25215 232 509 277 1461 2733 400 4713 3951 7667 3102 2208 257 4784 1805 9594 3074 291 133 259 243 5961 11236 460 3563 19466 275 111 7670 101 126 1016 4649 342 318 9259 2274 2027 4332 5657 8578 204 409 3738 492 4559 356 329 3113 685 299 2533 287 238 1321 217 2612 1421 87 366 88 5374 97 77 154 1223 8967 3284 1345 2498 232 311 3923 7416 3941 9809 7717 6314 5303 914 1298 106 23133 99 142 14384 173 8090 64 144 215 1716 6614 5863 258 4244 456 5690 239 205 162 8351 12769 12814 7464 4155 276 6841 6568 92 304 2535 7087 52 6898 3476 20579 5431 131 5286 3039 9385 8822 9643 122 2663
internal_value=-3.13775e-06 0.0025636 -0.00436045 0.0036787 -0.00769949 -0.00237634 -0.0122152 -0.0321272 -0.0154237 -0.0122621 -0.00762682 0.00815041 0.00625054 -0.0260021 -0.010138 -0.00547329 -0.0185237 0.00304335 -0.00633013 -0.0301216 0.00698942 0.00581518 0.00348266 0.00840532 -0.000609567 0.000340155 0.00418063 -0.00433263 -0.0032878 0.00551016 0.0142819 -0.0269285 -0.00225811 -0.00895269 0.00270122 -0.000950186 -0.0184207 -0.036765 0.00325645 -0.013788 -0.00894294 -0.0171445 -0.025939 -0.0267566 0.0114282 0.00294416 -0.0294321 0.0168677 -0.00371706 0.019447 -0.0375513 -0.0107889 0.0151754 0.0147985 -0.00954578 0.00765649 0.00451611 0.0192085 -0.0186931 -0.0227658 -0.00169314 -0.0020705 0.0150686 0.0112524 0.01428 -0.00648479 -0.026818 0.00751613 0.00121234 -0.00471291 0.0206433 -0.00288226 0.0157235 0.00433602 0.0188682 0.0254529 0.0237762 -0.010918 -0.00645311 -0.0310929 0.00128643 0.0101756 0.0118609 0.00873491 0.0040079 0.0116623 0.00761703 -0.00370543 0.0218879 0.0212211 0.021664 -0.0121518 0.0246855 0.0194479 0.0213364 0.0155843 0.0328081 0.0338738 -0.0155843 0.0220313 0.0228607 0.0080227 0.0225086 0.0188435 0.00801618 -0.0135839 0.0174167 -0.0169938 0.0158507 0.0190449 0.014139 0.014559 0.0179625 -0.00438207 0.0233425 0.0102332 0.0219516 0.0113075 -0.0087557 0.0237348 0.0168583 0.0200251 0.0121891 -0.015982 0.0126366 0.0201935
internal_weight=37511.9 28130.9 9774.44 4087.4 9381.02 5554.47 2870.95 1245.07 3826.54 2947.69 2240.97 2683.52 18356.5 878.85 5687.03 2497.6 492.753 1625.88 637.551 770.017 16794.5 13282.9 6990.28 6292.65 1032.98 5471.76 2657.95 1442.66 2813.81 1078.49 1215.29 706.726 2004.85 905.257 1652.1 1256.71 411.899 311.47 1099.59 3189.43 1306.78 1882.65 1518.09 779.79 3511.55 1146.51 667.907 1031.42 2769.32 364.568 978.49 529.984 1760 1518.53 659.161 1751.55 1035.86 1318.08 1094.46 607.086 1562.01 1547.22 1512.59 754.148 395.39 659.476 1488.77 757.563 887.745 306.274 1182.25 51.6258 225.652 581.471 223.138 449.053 412.084 628.167 710.714 189.943 201.355 5259.67 2420.72 2838.95 1086.66 1752.29 1673.16 792.028 665.241 1154.3 1133.66 266.581 294.628 853.383 747.56 1741.25 312.813 303.201 1030.57 724.629 693.646 531.01 652.727 758.445 749.655 487.37 526.992 692.898 1722.56 597.493 1125.06 1113.33 541.733 778.049 684.898 234.149 1126.48 571.598 1735.32 676.917 343.764 833.088 715.688 1016.01 701.648 104.239
internal_count=485276 383000 115416 53729 102276 70513 29279 7128 31763 25259 19936 41234 267584 6504 61687 31368 5610 22151 7535 5043 248085 192153 98431 93722 14827 72670 39156 17985 33514 13917 21171 5323 25758 11832 23449 17212 3479 2536 13926 30319 14397 15922 9580 5543 55932 12226 4307 17785 30861 6342 5012 5646 30516 25761 7953 25416 13577 22868 7710 3468 19499 19411 25523 12466 6237 7895 9171 10965 11516 3843 21447 465 4056 7673 4038 9935 7992 7635 8866 1205 2521 78895 36575 42320 15004 27316 23306 8248 12932 21215 20938 2116 6756 15577 13269 30024 6247 6146 9993 13011 12551 8428 12868 13057 10748 4242 8854 7183 29737 10136 19601 19297 9622 8142 12346 3568 20794 9675 19597 12184 5772 15248 11839 9882 11607 2785
is_linear=0
shrinkage=0.05


Tree=24
num_leaves=127
num_cat=0
split_feature=7 5 9 9 6 8 5 7 6 8 5 6 7 9 9 6 8 9 6 8 9 7 8 9 9 5 6 9 7 6 8 6 9 8 5 8 9 7 5 8 8 4 8 8 9 6 9 8 8 4 4 8 5 8 8 6 5 9 9 7 5 9 5 4 4 8 6 4 6 8 6 5 6 9 4 6 4 9 0 4 7 6 6 6 3 3 9 6 9 6 4 8 4 0 4 4 5 6 8 9 6 4 6 3 4 1 1 6 4 0 5 4 5 0 5 4 6 9 9 4 1 9 3 3 9 8
split_gain=350.507 183.867 336.958 177.602 174.738 103.868 115.517 579.341 175.897 98.1311 96.248 117.303 85.3404 189.889 73.8099 73.3098 119.504 93.5376 73.0501 101.585 68.8323 67.1475 135.979 67.6159 65.1285 60.9058 56.5323 54.5171 145.258 146.529 151.527 50.5765 69.311 49.0889 85.352 37.1086 36.6839 36.3576 34.612 55.2217 34.0834 33.6084 32.3755 31.3009 213.131 267.808 191.226 29.0043 28.4759 27.5655 26.2557 25.6818 25.5989 25.9615 25.1411 23.5029 112.829 111.548 89.4232 81.2156 55.9405 71.5171 41.8197 23.738 23.247 23.09 89.1118 30.1459 26.8566 22.9204 22.5119 20.7766 19.8982 19.3646 19.2643 18.4948 17.5092 16.6679 16.5173 16.1948 15.9276 39.7337 25.7989 15.894 15.0282 14.7158 14.6152 24.7629 14.7418 16.7939 14.3194 14.1136 14.0515 12.9941 12.9267 12.8666 16.3329 13.0369 12.6612 18.1988 11.9292 30.4448 11.5645 11.1672 10.9024 10.7012 10.5882 9.62968 9.40113 12.4968 11.4373 9.17318 8.85037 9.1534 8.67804 8.6144 8.45095 79.4751 34.7741 8.16708 7.77125 7.50222 7.47493 7.21014 7.13581 10.8014
threshold=1.0000000180025095e-35 1.0000000180025095e-35 1.5000000000000002 1.5000000000000002 1.5000000000000002 1.0000000180025095e-35 1.5000000000000002 1.5000000000000002 1.0000000180025095e-35 1.5000000000000002 1.0000000180025095e-35 1.5000000000000002 1.5000000000000002 1.5000000000000002 1.0000000180025095e-35 1.5000000000000002 1.5000000000000002 1.5000000000000002 1.5000000000000002 1.5000000000000002 1.0000000180025095e-35 1.5000000000000002 1.5000000000000002 1.5000000000000002 1.5000000000000002 1.5000000000000002 1.0000000180025095e-35 1.5000000000000002 1.5000000000000002 1.5000000000000002 1.5000000000000002 1.0000000180025095e-35 1.5000000000000002 1.0000000180025095e-35 1.5000000000000002 1.5000000000000002 1.0000000180025095e-35 1.5000000000000002 1.5000000000000002 1.5000000000000002 1.5000000000000002 3.5000000000000004 1.0000000180025095e-35 1.5000000000000002 1.0000000180025095e-35 1.5000000000000002 1.0000000180025095e-35 1.5000000000000002 1.5000000000000002 3.5000000000000004 3.5000000000000004 1.5000000000000002 1.0000000180025095e-35 1.5000000000000002 1.5000000000000002 1.5000000000000002 1.5000000000000002 1.5000000000000002 1.5000000000000002 1.5000000000000002 1.0000000180025095e-35 1.0000000180025095e-35 1.5000000000000002 3.5000000000000004 3.5000000000000004 1.5000000000000002 1.0000000180025095e-35 3.5000000000000004 1.0000000180025095e-35 1.5000000000000002 1.0000000180025095e-35 1.0000000180025095e-35 1.5000000000000002 1.5000000000000002 3.5000000000000004 1.0000000180025095e-35 3.5000000000000004 1.5000000000000002 2.5000000000000004 3.5000000000000004 1.5000000000000002 1.0000000180025095e-35 1.0000000180025095e-35 1.0000000180025095e-35 2.5000000000000004 2.5000000000000004 1.5000000000000002 1.0000000180025095e-35 1.0000000180025095e-35 1.0000000180025095e-35 3.5000000000000004 1.0000000180025095e-35 3.5000000000000004 2.5000000000000004 3.5000000000000004 3.5000000000000004 1.5000000000000002 1.0000000180025095e-35 1.5000000000000002 1.0000000180025095e-35 1.0000000180025095e-35 3.5000000000000004 1.5000000000000002 2.5000000000000004 3.5000000000000004 2.5000000000000004 3.5000000000000004 1.5000000000000002 3.5000000000000004 2.5000000000000004 1.0000000180025095e-35 3.5000000000000004 1.0000000180025095e-35 2.5000000000000004 1.0000000180025095e-35 3.5000000000000004 1.5000000000000002 1.5000000000000002 1.5000000000000002 3.5000000000000004 2.5000000000000004 1.5000000000000002 2.5000000000000004 2.5000000000000004 1.0000000180025095e-35 1.5000000000000002
decision_type=2 2 2 2 2 2 2 2 2 2 2 2 2 2 2 2 2 2 2 2 2 2 2 2 2 2 2 2 2 2 2 2 2 2 2 2 2 2 2 2 2 2 2 2 2 2 2 2 2 2 2 2 2 2 2 2 2 2 2 2 2 2 2 2 2 2 2 2 2 2 2 2 2 2 2 2 2 2 2 2 2 2 2 2 2 2 2 2 2 2 2 2 2 2 2 2 2 2 2 2 2 2 2 2 2 2 2 2 2 2 2 2 2 2 2 2 2 2 2 2 2 2 2 2 2 2
left_child=1 2 20 18 42 55 8 31 14 25 11 12 24 98 108 16 86 49 33 85 100 23 -23 52 36 72 94 37 51 41 -31 32 -8 34 -3 -6 -10 115 65 83 -15 -30 -4 44 102 73 -45 -34 -38 122 71 -29 104 -54 123 58 57 59 95 114 -61 -62 119 84 105 66 67 -35 -67 -26 -27 -24 -5 -46 -39 -36 77 -47 -13 -63 81 -64 -82 -40 -58 -20 88 -88 -9 -90 -91 -72 106 -32 -22 96 -2 -98 99 -14 -1 -102 -33 -99 -16 -18 116 -28 109 -7 -111 -53 -59 -114 -57 -12 118 -118 -48 -60 -105 -107 -17 -19 125 -124
right_child=5 3 4 9 35 6 7 15 10 -11 27 78 13 40 21 17 64 54 19 -21 26 22 50 -25 69 70 107 28 29 30 93 43 47 38 75 -37 48 74 39 -41 -42 -43 -44 46 45 76 92 -49 -50 -51 -52 111 53 -55 -56 56 63 112 62 60 61 79 80 -65 -66 68 -68 -69 -70 -71 91 -73 -74 -75 -76 -77 -78 -79 -80 -81 82 -83 -84 -85 -86 -87 87 -89 89 90 -92 -93 -94 -95 -96 -97 97 103 -100 -101 101 -103 -104 120 -106 121 -108 -109 -110 110 -112 -113 113 -115 -116 -117 117 -119 -120 -121 -122 -123 124 -125 -126 -127
leaf_value=-0.0007806537476402459 0.013876672496565077 0.015929534469763012 -0.0097350029945080657 -0.0031597132725899855 -0.046868155017204816 -0.051455102133389677 0.020231611797672945 0.0012859760313258678 0.019523177455890096 0.013491296358008135 0.013988673503098487 -0.012827573499519249 -0.041852403153959522 0.0075776574299557635 -0.018119653281021299 0.0059747664187150629 -0.0018507220093942666 -0.013614453691870202 0.021367587824241877 0.017811188015799596 0.020309914362742258 0.010699104332366531 -0.013989502079473141 0.016261059521804771 0.0050722363517572569 -0.00096321453522994662 -0.003709068036179384 0.015527399687214762 0.030977586467786367 0.014126652440549276 0.0059914842238663786 -0.04019130789032923 0.011770204194823289 -0.042669339958211476 -0.036990944663302321 -0.01958163467057213 -0.021774795087334042 0.026001295612746986 -0.004159590498130904 0.015323134637248371 -0.043562616589178892 -0.028061421137928921 0.0093259091114473291 0.028831606486758633 0.0097425741531843007 -0.022520937064319655 -0.013909543228044536 -0.032360083882664509 -0.0014327035695562091 0.0077049475330133749 0.0068880697454871331 0.035945867571878877 -0.0062180286148508929 0.024638192698108644 0.0014751278505101832 -0.0029347313961801376 -0.00041423467064862331 0.00028978139113512101 0.0098754968972928851 0.0070569252900975809 0.019472985820151813 -0.044327769275787465 0.021236008495438618 0.0039462656803513126 -0.0010076959095708668 -0.011777684113180795 -0.01210617793931445 0.0012001809742242509 -0.027225043852002528 0.023309641592411817 -0.035791694558994606 -0.036395852963378265 0.019071016167262887 0.028963534342330233 0.0028950116360460737 0.012199230451643353 0.0053540038765934623 -0.036778683625643065 0.017811879105099258 -0.0020725366145341682 -0.013348374837449143 -0.022914436060602214 0.01437976223798273 -0.024918029177016451 0.030208663643701974 -0.016864392969802217 -0.018212426887609989 0.0085986683223481086 0.0097672506646479251 -0.023206522110665262 0.0028453005825398434 -0.017345431226815783 0.0016373672187380466 -0.030744831353572949 0.003782665858926101 0.0020978202739421205 0.039336289733156123 -0.031799291046844938 0.026705240438571389 0.0092430991351617267 0.020082513193093805 -0.033849620133755753 -0.055936630868250452 -0.0073038608572849918 0.016150583223595173 0.020670566301553596 0.013206537797065616 0.013454874154717248 -0.0027283787237748036 0.0078070541935413912 0.025040890375671435 0.0032359164708401882 -0.00041135028687347544 0.03284951659604065 0.027936987057349618 0.0012676443885734144 -0.023774064991273873 0.019180461103532349 -0.034214398557193049 -0.0083549397656213012 0.024388097944727533 0.035687910809060003 0.027868912649976652 0.015198710977950794 0.032542579152587972 0.0086872064794611941
leaf_weight=1330.968976759701 868.95534681563731 219.80233540548943 1812.8398704738356 548.12814876704942 400.96485942183062 5.9002568447031072 225.89512343460228 150.69980234478135 111.69331670523388 804.62586885597557 1709.2561814059736 45.418424052884802 18.0574657805264 35.183147096307948 481.13969710934907 37.462577129714191 28.661828056909144 21.719542119652033 25.129157308489084 305.01255758036859 1574.6443654571194 283.1704444938805 128.28717078990303 373.03463320841547 352.4211364579387 104.09713976597413 392.03272289526649 457.57592780061532 275.74674828385469 306.20466060028411 24.830268236808479 515.3982809369918 50.096369074191898 789.94284084299579 151.78423239663243 183.74360204301775 331.77440965105779 1118.2725571802584 117.68849342316389 132.92832829733379 397.68628562241793 25.635039137909189 253.16483072913252 247.6143160876818 316.77776823122986 547.80599150783382 468.20658886898309 139.24693490797654 356.48892115056515 195.45583922974765 45.106545627117157 316.49774381797761 316.02885961858556 85.842016508802772 896.14237417420372 27.735193205066025 42.023648699745536 27.592227070592344 538.45210877782665 138.09193915803917 58.869415260967799 264.12000278476626 58.845663619460538 108.46824083407409 87.400804300326854 461.02834588475525 415.46472858684137 41.143128474242985 731.1342768042814 337.38438183697872 217.70756193203852 573.5442171394825 122.25246312550735 224.46676658838987 98.403663391945884 21.353973545366898 40.927355838939548 336.10339670442045 956.87304470688105 24.90628612972796 201.97204087628052 348.64144422113895 141.99553782725707 432.6463565826416 846.53144554619212 836.02518490259536 127.10024386993609 261.80568414623849 53.629916908219457 388.4816334513016 60.771503077819943 204.02315496932715 84.650742603233084 564.16042541526258 128.47304528579116 148.05593186058104 127.94441592204385 9.2973926044069213 94.692203142214566 203.93669528048486 175.65228154975921 29.786846288014203 162.93469535931945 20.707132426090539 23.635979310143739 143.22895906935446 24.087058763019741 102.16848998027854 85.440658545587212 188.52132432186045 198.56881689233705 23.209060105960816 22.565891739912331 243.96465464064386 121.57798280392308 144.5396248747129 566.89630867913365 132.08317024097778 386.2579593360424 68.563302972586825 225.75008110085037 218.88245269004256 381.11351376248058 652.66346029005945 601.88888913078699 92.275930620962754
leaf_count=15208 14180 4518 17552 7027 1665 156 4372 2336 2362 12090 28053 570 169 1023 3417 460 410 463 198 4712 24353 4391 1617 7317 4754 1422 4547 7176 4934 3889 336 2366 686 3421 624 860 2776 21014 1376 2260 1489 254 4365 4445 4036 2502 3892 778 3706 2592 353 7059 2758 2167 11283 582 431 531 8841 2278 728 1344 1121 1377 848 4448 4472 350 4967 5490 1442 3173 2143 3898 1713 416 344 1755 16536 202 1681 2465 2112 2976 18123 8176 986 3986 1136 2461 308 1932 923 3232 2153 2115 2243 177 2006 2619 3209 149 875 239 247 3656 162 1196 517 2463 4404 408 348 5775 2415 2616 4552 2318 2482 581 4868 5582 7293 10007 12985 2048
internal_value=-5.21849e-05 -0.00667224 -0.000604088 -0.0124693 -0.0142339 0.00345727 0.00188454 -0.00236928 0.00528502 -4.79967e-07 0.00893248 0.002204 -0.00415985 -0.0179087 -0.00557985 0.0105101 0.00162791 0.0151999 -0.0177977 -0.00694601 0.00907348 -0.00928233 -0.0187776 -0.00163021 0.00276511 -0.00907937 0.0147482 0.013238 0.0067954 -0.0042216 -0.0143732 -0.0150463 0.00156993 -0.021395 -0.00472572 -0.0383415 -0.00693938 0.017418 -0.0234908 -0.013514 -0.0393981 0.0258796 -0.00739593 -0.0167481 -0.0208965 -0.010161 -0.0120815 -0.0206836 -0.0112559 0.0250707 -0.0299518 0.0233145 -0.00900128 0.000417841 0.00696707 0.010156 0.0143943 0.00185638 0.00719268 -0.0099298 -0.0198331 -0.0304963 -0.00194774 0.0260685 0.0222977 -0.0262794 -0.031053 -0.0404987 -0.0212662 0.014013 -0.021801 -0.0323259 0.000916711 0.0177527 0.0241364 -0.0308889 -0.0264986 -0.0279778 0.0164121 -0.0407062 -0.00982658 -0.0165022 -0.00189324 -0.0204945 0.0287615 -0.0157253 -0.00786528 -0.000187834 -0.0124264 -0.01653 -0.0196839 -0.02693 -0.01819 -0.0291886 0.0190661 0.0160525 0.0176989 0.0262964 0.011496 0.00491784 0.000953353 0.0121367 -0.0440501 0.0196452 -0.0164862 0.0274994 -0.0192543 -0.000140682 0.0122772 0.0155383 0.0166894 0.0337272 0.0272617 0.0300425 0.0222211 0.012998 -0.0197658 -0.0156413 -0.0231176 0.00780599 0.0217066 0.0298213 0.0281113 0.014252 0.0288763 0.0241561
internal_weight=37715 13066.4 6384.44 6681.92 2650.71 24648.6 19963 8868.83 11094.2 2000.83 8305.94 3241.61 2239.32 749.556 2788.22 4399.38 1520.66 2878.72 4681.08 1166.17 3733.73 2309.79 1030.11 1279.68 1489.76 1196.21 2197.32 5064.33 1993.86 1196.58 895.195 4469.45 415.238 3514.92 392.941 584.708 799.957 3070.47 3121.98 683.263 432.869 301.382 2066 4054.21 2144.41 1466.08 1909.8 189.343 688.263 1308.2 746.938 797.283 906.647 401.871 1570.53 4685.63 1926.45 929.424 2759.18 635.301 485.988 347.896 1358.47 997.023 478.174 2438.71 1246.55 831.086 1192.16 689.806 525.828 701.831 670.381 541.245 1216.68 173.138 924.837 883.909 1002.29 289.026 751.455 407.487 343.968 550.335 888.555 861.154 1042.49 388.906 653.583 502.883 449.253 421.731 1662.18 588.991 1703.12 1400.71 1252.65 383.699 316.686 221.994 1536.41 205.439 678.333 255.755 504.776 390.773 1577.53 494.201 478.431 392.99 387.09 339.707 294.123 266.531 149.313 1853.8 1553.44 698.979 854.465 607.015 246.457 362.111 1112.74 674.383 1075.28 473.389
internal_count=485374 144227 75257 68970 24442 341147 266390 109226 157164 26056 124184 43500 26394 7306 32980 68840 21709 47131 42914 13086 50815 25440 9534 15906 19088 13966 32249 80684 27288 12645 7457 40386 5836 29828 5558 2525 8844 53396 24270 6612 2512 5188 21917 34550 15776 12535 18774 1464 6482 25378 5143 14643 8589 4925 21753 74757 34134 14203 40623 7549 4552 2274 16801 19931 10496 17658 8243 3771 9415 10244 4796 4790 9170 7934 22727 1040 4601 4257 17106 1546 7379 3586 3793 4352 18554 8374 11213 4972 6241 3905 2769 3374 14329 3568 26506 23822 21707 7527 4794 2788 18566 3358 3241 5284 3664 9648 13406 5743 7540 7023 6867 7467 6654 6123 2997 30669 13244 6870 6374 9422 5107 9238 22786 10470 22326 9341
is_linear=0
shrinkage=0.05


Tree=25
num_leaves=127
num_cat=0
split_feature=8 9 9 7 7 5 6 7 6 9 7 9 5 8 5 5 6 7 6 7 8 5 5 7 9 5 7 7 8 7 7 6 9 6 5 7 5 9 5 6 5 5 9 7 9 8 7 7 5 6 5 7 5 0 5 9 5 9 1 5 7 3 9 8 6 8 5 6 7 5 9 5 8 3 6 7 8 8 2 3 5 1 5 2 3 7 8 5 5 1 2 6 5 5 6 6 7 1 5 7 7 8 7 6 2 8 6 0 8 9 0 5 9 7 2 0 7 5 9 2 0 8 2 5 2 0
split_gain=574.046 444.124 356.548 373.322 281.781 356.199 128.817 156.493 121.504 325.496 139.012 131.491 137.535 120.718 224.273 117.597 103.186 100.155 210.727 72.3491 184.689 147.926 111.359 79.7512 86.9044 71.3981 68.6981 65.7852 54.2105 188.372 75.0949 60.9666 48.7301 48.2619 62.2361 47.6949 49.3469 47.6349 44.7068 36.3958 33.1386 31.5395 30.9695 28.5119 24.9048 21.4563 31.885 27.7007 19.6545 17.4809 116.145 71.6187 40.8263 17.2529 16.3363 15.4589 15.443 15.1662 15.0563 14.9267 14.2521 13.1795 12.65 21.0137 12.4791 11.7426 11.6867 11.373 11.2373 11.1678 15.442 11.0305 10.4388 10.4358 10.373 18.4827 18.8508 10.3132 10.0878 12.1003 9.93277 9.43818 8.55286 8.50333 7.90029 7.79525 7.66843 7.59935 10.8764 7.41363 7.37761 7.3565 7.31445 7.17235 58.0767 15.0169 9.46891 11.7838 7.06912 104.428 62.9755 6.73167 6.60027 53.6067 6.37064 6.14108 5.93474 5.76567 5.76369 5.76491 5.66486 7.3747 5.51358 5.47543 5.38001 5.37709 5.0743 12.7778 4.94823 4.92491 6.14494 4.84674 4.50474 4.47578 4.47397 4.45205
threshold=1.0000000180025095e-35 1.5000000000000002 1.0000000180025095e-35 1.5000000000000002 1.5000000000000002 1.5000000000000002 1.0000000180025095e-35 1.0000000180025095e-35 1.5000000000000002 1.0000000180025095e-35 1.0000000180025095e-35 1.5000000000000002 1.5000000000000002 1.5000000000000002 1.0000000180025095e-35 1.5000000000000002 1.5000000000000002 1.0000000180025095e-35 1.5000000000000002 1.0000000180025095e-35 1.5000000000000002 1.5000000000000002 1.0000000180025095e-35 1.5000000000000002 1.5000000000000002 1.0000000180025095e-35 1.5000000000000002 1.0000000180025095e-35 1.5000000000000002 1.5000000000000002 1.5000000000000002 1.0000000180025095e-35 1.5000000000000002 1.0000000180025095e-35 1.5000000000000002 1.5000000000000002 1.0000000180025095e-35 1.5000000000000002 1.5000000000000002 1.0000000180025095e-35 1.0000000180025095e-35 1.0000000180025095e-35 1.5000000000000002 1.5000000000000002 1.0000000180025095e-35 1.5000000000000002 1.5000000000000002 1.5000000000000002 1.0000000180025095e-35 1.0000000180025095e-35 1.0000000180025095e-35 1.0000000180025095e-35 1.0000000180025095e-35 2.5000000000000004 1.5000000000000002 1.5000000000000002 1.0000000180025095e-35 1.0000000180025095e-35 3.5000000000000004 1.0000000180025095e-35 1.0000000180025095e-35 2.5000000000000004 1.0000000180025095e-35 1.5000000000000002 1.5000000000000002 1.5000000000000002 1.5000000000000002 1.0000000180025095e-35 1.0000000180025095e-35 1.5000000000000002 1.0000000180025095e-35 1.0000000180025095e-35 1.5000000000000002 2.5000000000000004 1.0000000180025095e-35 1.0000000180025095e-35 1.5000000000000002 1.5000000000000002 2.5000000000000004 2.5000000000000004 1.0000000180025095e-35 2.5000000000000004 1.0000000180025095e-35 2.5000000000000004 2.5000000000000004 1.5000000000000002 1.5000000000000002 1.0000000180025095e-35 1.5000000000000002 2.5000000000000004 3.5000000000000004 1.0000000180025095e-35 1.5000000000000002 1.0000000180025095e-35 1.0000000180025095e-35 1.0000000180025095e-35 1.0000000180025095e-35 3.5000000000000004 1.5000000000000002 1.5000000000000002 1.5000000000000002 1.5000000000000002 1.5000000000000002 1.0000000180025095e-35 2.5000000000000004 1.5000000000000002 1.5000000000000002 3.5000000000000004 1.5000000000000002 1.0000000180025095e-35 2.5000000000000004 1.5000000000000002 2.5000000000000004 1.5000000000000002 2.5000000000000004 2.5000000000000004 1.5000000000000002 1.5000000000000002 2.5000000000000004 2.5000000000000004 2.5000000000000004 1.5000000000000002 2.5000000000000004 1.0000000180025095e-35 2.5000000000000004 2.5000000000000004
decision_type=2 2 2 2 2 2 2 2 2 2 2 2 2 2 2 2 2 2 2 2 2 2 2 2 2 2 2 2 2 2 2 2 2 2 2 2 2 2 2 2 2 2 2 2 2 2 2 2 2 2 2 2 2 2 2 2 2 2 2 2 2 2 2 2 2 2 2 2 2 2 2 2 2 2 2 2 2 2 2 2 2 2 2 2 2 2 2 2 2 2 2 2 2 2 2 2 2 2 2 2 2 2 2 2 2 2 2 2 2 2 2 2 2 2 2 2 2 2 2 2 2 2 2 2 2 2
left_child=1 2 17 6 78 16 25 58 11 10 71 27 28 14 26 56 91 67 38 20 -11 42 23 55 105 60 -12 44 29 119 49 48 53 69 35 36 57 -23 43 87 -33 -15 59 123 80 46 114 54 -31 51 68 52 -30 -24 -47 -21 -9 121 -8 -22 -4 -52 65 -64 -58 -38 104 -1 -51 70 89 -10 -37 -46 -14 76 -76 -77 -3 106 -2 -53 -69 -63 -72 -20 -57 -5 -89 -29 93 -6 -87 94 -81 125 -97 -98 99 -43 -100 -26 103 -40 -55 -25 -80 -75 109 -71 -49 -112 -48 124 -34 -82 -16 -118 -7 120 -13 -35 -86 -19 -68 -95
right_child=8 4 3 39 5 118 7 15 9 19 13 12 74 41 116 -17 -18 18 85 22 21 37 32 24 101 -27 -28 33 30 31 -32 40 45 34 -36 72 62 -39 102 -41 -42 98 -44 -45 73 47 112 110 -50 50 61 81 -54 66 -56 86 64 -59 -60 -61 -62 83 63 -65 -66 -67 113 82 -70 108 84 -73 -74 107 75 77 -78 -79 79 90 115 -83 -84 -85 122 92 -88 88 -90 -91 -92 -93 -94 95 -96 96 97 -99 100 -101 -102 -103 -104 -105 -106 -107 -108 -109 -110 -111 111 -113 -114 -115 -116 -117 117 -119 -120 -121 -122 -123 -124 -125 -126 -127
leaf_value=0.017004637222855574 0.019705819767914176 -0.00085860381156796549 -0.030338832950423972 -0.024338817545338759 0.020217378232120817 0.013239105001067961 0.019486165136828718 0.0098536295003796084 -0.00028273715614510908 0.021767687796082517 0.002119613874036952 0.0034598656754967465 0.020551667573789796 0.012652221254366301 0.00054859957401298838 -0.036232204616432236 -0.041509909100649459 -0.018208169350355862 0.030761779327947509 -0.0043350172976419936 -0.019741481046003543 -0.046480575153486976 -0.0040567609685300023 0.017973047577459839 -0.032365674120665586 0.014436635776573154 -0.044016788287899393 -0.031000958788588048 0.022011064988801277 -0.012487934608000954 0.023834542639129274 0.0090189022966667125 -0.019101685314202362 -0.0058214918575583384 0.015483000222763289 0.0075892362520914181 0.00034065610530266931 -0.011190356103177796 -0.038473897077664652 0.015473855670702866 -0.040661998167733429 0.017619223300192464 0.03074848138608708 -0.028489908312503975 -0.013333095427928404 -0.0052202628472733277 -2.9770528594949775e-05 -0.0067999727573818799 0.027306181022708854 0.01096207295520946 -0.027389434350570386 -0.039217706925448383 -0.019512509534723371 -0.026836055519868469 0.013645947962943789 0.020668287607787023 -0.013698756262118819 0.018191370256416671 -0.033820189816795049 0.0047470612650651906 -0.0024429085265089104 -0.014086953917481935 -0.0066119819448477966 0.0078280248847337388 0.0023423630683810266 -0.01402280813276288 -0.0057652362887810936 -0.013752395713228203 -0.011406319896995653 0.012028830963553897 -0.027121763730694595 0.031029927915642425 0.018561611049324942 0.016663416701278629 0.023650168768712815 0.010536049043775038 -0.019649053105883982 0.022074107673689503 -0.05140575526342131 0.023105409258375523 -0.0052325989013852665 0.020856600720066606 0.021822960155871846 0.025735620415136513 -0.0048642951079095002 0.0050604932159033526 0.0057686992663595017 0.021643791327457584 -0.0072607339060424547 0.012524700255855989 -0.011065214208100457 -0.0033275154706174656 0.02155316731231181 -0.0070429839520008853 -0.0015540020817644976 0.016797633519499238 0.033308065920625241 -0.040118679094160725 -0.032691330059545415 -0.038710769930643436 0.0078703531002729862 -0.0072943841277972061 -0.038007865536154622 0.013896200446569772 0.013148831088485649 0.00094246274385815501 0.0041629696747823462 -0.022948562703996509 0.016747356646636822 -0.0023195671302199579 0.02795762472353245 0.015279722312709618 -0.017377484103958455 0.017979369023023418 0.018899410238440925 0.033439929696090782 0.023212738424793052 0.0061589759561720865 -0.0052422790506239944 0.002910706521018954 -0.047689213932109988 0.013531055082728767 0.023891509464248836 0.010434032511367507 0.025811189896569914 0.014987448386674701
leaf_weight=891.22222900693305 247.19424827885814 68.458949553314596 4132.2711488069035 46.31357926200144 47.433409386314452 864.92517257516738 325.89923449605703 102.13986115623266 33.461609365418553 429.5381598501699 102.17688779113814 12.463526539504528 522.40005134756211 47.99502129573375 224.86209280847106 653.74089122540317 667.05326636112295 14.19088272587396 135.56916856835596 146.99494088673964 89.427095938706771 346.95581686729565 99.81383192492649 70.73734986782074 398.48426388064399 91.715653642721009 381.02734608133323 9.0570324589498323 65.404394009383395 150.06072752550244 354.73772605753038 35.593117713229731 8.8630723338574153 113.86084996815771 1355.863383873424 472.71354824432638 195.99052372877486 132.92394020175561 203.97245947830379 683.24971819738857 506.27073902613483 93.526658818125725 88.634392838343047 82.984250739216805 29.640273300930858 306.7456611758098 1229.6804185349029 24.369981846306473 38.06844767392613 60.57016305392608 11.815906749106942 5.865575141273438 555.72998983832076 9.174297225661574 181.98195740673691 220.92623309441842 651.44891406875104 361.52134100766852 12.920800995081661 198.68230254668742 46.484241812024266 13.253151938319204 716.96621286170557 387.18252499471419 148.58797616139054 517.90750532527454 11.204562678467481 54.288319064304233 660.63048352720216 141.39978694613092 7.024903278797864 174.76670212170575 403.17216244828887 1171.2430888240924 34.936546611133963 599.05543632176705 82.908805596176535 288.33436596591491 7.7940968205221006 964.05776688223705 8.9374804273247701 198.44523520069197 23.342972782440484 415.92235831264406 13.54610004974529 99.788825067225844 143.03843543003313 38.326404491206631 187.97058383096009 489.5166381536983 19.602594113908708 104.61397143802606 209.89285583957098 25.232760559767485 317.10266327275895 140.44666254433105 364.1974651083583 4.7455647625029078 449.66858913330361 653.16822706884705 121.05750856990926 29.418386756442487 221.81151793897152 63.584512444911525 917.28165073681157 202.40077795274556 10.290060577914119 8.4319515712559205 166.41744031652343 137.16236082254909 138.96413834672421 697.21585343545303 46.57470463309437 1029.6222838533577 280.73531439213548 398.80980604025535 131.76964859641157 644.58946901117451 37.294271564111114 1353.5721536714118 9.8960835663601756 44.039811649126932 781.28349718812387 139.75478005595505 394.79036438139156 203.88865072047338
leaf_count=14539 4210 959 23974 576 691 11915 5279 1905 277 8965 1215 114 8577 742 3731 2820 2706 486 2412 1727 378 1384 888 1601 1636 1975 1453 210 1497 1362 6048 1032 279 1084 20649 5905 3899 1369 817 11807 2199 1326 1505 418 917 2430 13970 396 964 788 98 140 4545 233 2557 3680 5997 6474 266 2393 638 207 7250 5773 1575 3773 338 552 5539 1872 254 2802 6290 20269 777 7920 756 6214 295 17836 190 3879 404 7177 244 828 2770 851 1524 7255 376 1659 3667 385 3569 3414 8307 103 1880 2381 2324 185 879 1680 15543 2031 126 177 3465 2376 3167 11198 342 14994 4827 9019 2315 7791 271 17521 247 1271 13663 2526 7144 3639
internal_value=3.92972e-05 -0.00844013 -0.0143713 -0.0197492 0.00583836 -0.00919675 -0.0242565 -0.0133956 0.00446999 0.000510672 -0.0133311 0.00752794 0.00188965 -0.0162146 -0.00633818 -0.0200998 -0.0330485 0.00352176 -0.00631215 0.0058867 -0.00495754 -0.0183682 0.00800391 -0.00568362 -0.0166236 -0.029071 -0.0342767 0.0116468 -0.00255605 -0.00837549 0.00267729 -0.0288871 0.0110896 0.00920775 0.00650366 0.00271122 -0.00101878 -0.036749 -0.0229038 0.00931749 -0.037388 -0.0269393 0.00507979 -0.00504628 0.0198992 0.00671177 0.00272703 0.0113307 -0.00433369 -0.00110877 0.00284228 -0.0066684 -0.0151118 0.0162686 0.00181825 0.00932923 -0.00838269 0.0125581 0.0173598 -0.002896 -0.0300292 0.0230275 -0.00490252 -0.00154593 -0.0107203 -0.0100846 0.0171288 0.0154073 -0.00951513 0.0162789 0.0186206 0.0260208 0.0126553 0.0156229 0.0148282 0.0118364 -0.00672153 0.0143057 0.0180112 0.0186392 0.0277593 0.0189493 -0.00291374 0.024476 0.0229201 0.020743 0.0148446 -0.00611252 -0.00229168 0.0116735 0.019003 0.00410177 0.0162721 0.0193001 0.0170055 0.0232525 0.0280364 0.0322577 -0.0283902 -0.0316411 -0.024089 -0.030663 -0.0315216 -0.0260228 0.0127244 0.00540252 -0.0212253 0.0163611 0.00940901 0.00498074 0.0167246 0.0174175 -0.000675955 0.0199604 0.0176747 0.0325815 0.00716611 0.00907961 0.0124702 0.00251989 -0.0202505 -0.000372719 0.0233959 0.00769329 0.0249277 0.0125412
internal_weight=38196.7 13108.6 9261.47 7121.07 3847.14 1721.32 6165.21 1894.74 25088.1 10933.2 3058.07 14154.8 5975.93 2849.84 1484.43 1555.92 819.101 2140.4 1171.55 7875.18 1286.16 856.624 6589.02 1212 701.041 4270.47 483.204 8178.88 4448.3 2105.92 2342.37 729.993 5377.02 6314.63 4569.22 3213.35 2337.47 479.88 726.298 955.86 541.864 1365.42 376.744 236.93 1864.26 2915.13 1565.85 1349.28 188.129 1987.64 1162.19 825.445 621.134 2461.89 488.728 510.96 902.177 519.422 338.82 288.109 4178.76 440.991 1818.05 1104.15 800.037 713.898 2362.07 968.854 721.201 1745.41 1300.43 208.228 875.886 1209.32 1527.64 1005.24 117.845 887.39 2125.82 2057.36 654.942 204.311 77.6313 429.176 801.855 445.251 363.965 272.611 226.297 498.574 2039.27 152.047 309.682 2019.67 1281.16 738.511 509.39 368.943 1317.42 746.695 570.726 427.903 489.368 267.557 926.456 273.138 18.0842 1179.68 444.98 278.562 860.55 836.18 1276.26 1435.62 289.598 407.747 1001.22 776.359 902.219 1375.93 22.3596 157.901 794.83 153.946 405.995 229.121
internal_count=484903 144646 88395 59187 56251 17242 44429 17842 340257 136167 28237 204090 77601 25158 16505 12297 5056 29208 13713 107930 15994 7029 91936 13630 5453 26587 2668 126489 53357 23439 29918 5557 78306 91707 62368 41719 29524 2753 6806 14758 3231 8653 4276 3430 34782 39166 19418 19748 2326 23870 13809 10061 6042 39140 4987 8177 9477 8829 5545 2771 24612 7482 20695 13023 7572 7672 38252 15495 6327 29339 21626 3079 12195 21363 24244 15667 1533 14134 39009 38050 13419 4019 956 7384 14161 6907 6450 2951 2375 7465 37629 2350 4495 37253 21405 15848 11824 8410 7911 3707 4204 1821 3376 2497 15776 3632 421 20446 7713 4248 14761 14365 14312 22476 5106 9209 13837 10106 12186 17882 361 2355 13907 3012 7482 4024
is_linear=0
shrinkage=0.05


Tree=26
num_leaves=127
num_cat=0
split_feature=5 7 8 5 9 9 8 8 9 6 7 6 5 5 9 8 8 6 8 6 6 7 8 5 5 8 9 9 9 7 8 6 9 7 5 6 5 6 6 6 8 6 9 6 6 6 8 5 6 6 8 7 8 5 6 8 7 4 5 7 7 6 6 4 8 6 9 4 6 7 4 6 9 7 7 8 4 7 9 6 7 4 4 4 4 1 6 6 7 6 8 9 5 4 4 6 6 5 2 2 4 6 7 8 4 4 8 3 6 4 4 4 9 3 6 6 7 3 8 7 6 7 6 7 6 6
split_gain=248.516 64.8338 104.347 192.252 178.481 149.738 395.146 126.961 111.148 89.0303 86.0966 70.0507 177.822 125.397 113.161 93.7713 89.4525 70.4015 60.0072 57.3229 54.9067 57.5223 111.749 103.558 54.9375 53.8127 102.773 96.4953 72.3239 78.4268 53.4351 195.677 178.694 51.461 203.125 215.257 147.348 119.599 107.218 61.8801 49.4675 47.8089 47.6173 40.4956 40.2169 39.8914 38.3498 37.4433 262.933 131.361 33.6014 33.3878 32.9954 63.2282 32.7172 32.0332 29.0937 28.8767 27.4972 66.2161 64.655 26.7915 70.0942 26.6789 26.32 54.5911 29.3426 25.8666 25.7418 25.6845 25.2637 24.7488 79.6621 41.7406 36.1131 31.2427 23.3448 22.3962 20.0205 19.79 18.7154 18.5818 18.2534 18.1695 17.7054 17.4918 19.6151 17.3952 35.7603 17.3124 16.9273 16.138 15.7306 15.5828 15.0104 14.0609 13.8868 13.8041 13.6866 13.3899 13.2509 12.6288 11.9935 11.3816 11.2837 10.3047 10.2985 8.9321 8.76061 8.71773 8.4702 8.42959 10.0081 8.01326 7.48613 7.23967 7.16112 7.13249 6.88293 110.296 68.3711 66.926 17.5989 14.2169 6.85191 6.58212
threshold=1.0000000180025095e-35 1.0000000180025095e-35 1.0000000180025095e-35 1.5000000000000002 1.5000000000000002 1.0000000180025095e-35 1.5000000000000002 1.5000000000000002 1.5000000000000002 1.5000000000000002 1.5000000000000002 1.0000000180025095e-35 1.5000000000000002 1.5000000000000002 1.5000000000000002 1.0000000180025095e-35 1.5000000000000002 1.5000000000000002 1.0000000180025095e-35 1.5000000000000002 1.5000000000000002 1.5000000000000002 1.5000000000000002 1.5000000000000002 1.5000000000000002 1.0000000180025095e-35 1.5000000000000002 1.0000000180025095e-35 1.5000000000000002 1.0000000180025095e-35 1.0000000180025095e-35 1.5000000000000002 1.0000000180025095e-35 1.5000000000000002 1.5000000000000002 1.5000000000000002 1.5000000000000002 1.0000000180025095e-35 1.5000000000000002 1.0000000180025095e-35 1.5000000000000002 1.0000000180025095e-35 1.5000000000000002 1.5000000000000002 1.5000000000000002 1.5000000000000002 1.5000000000000002 1.5000000000000002 1.5000000000000002 1.5000000000000002 1.5000000000000002 1.0000000180025095e-35 1.5000000000000002 1.5000000000000002 1.0000000180025095e-35 1.0000000180025095e-35 1.5000000000000002 3.5000000000000004 1.5000000000000002 1.5000000000000002 1.5000000000000002 1.0000000180025095e-35 1.5000000000000002 3.5000000000000004 1.5000000000000002 1.5000000000000002 1.5000000000000002 3.5000000000000004 1.5000000000000002 1.5000000000000002 3.5000000000000004 1.0000000180025095e-35 1.0000000180025095e-35 1.5000000000000002 1.0000000180025095e-35 1.5000000000000002 3.5000000000000004 1.5000000000000002 1.0000000180025095e-35 1.0000000180025095e-35 1.5000000000000002 3.5000000000000004 3.5000000000000004 3.5000000000000004 3.5000000000000004 2.5000000000000004 1.0000000180025095e-35 1.5000000000000002 1.5000000000000002 1.0000000180025095e-35 1.5000000000000002 1.0000000180025095e-35 1.5000000000000002 3.5000000000000004 3.5000000000000004 1.0000000180025095e-35 1.0000000180025095e-35 1.5000000000000002 2.5000000000000004 2.5000000000000004 3.5000000000000004 1.5000000000000002 1.0000000180025095e-35 1.0000000180025095e-35 3.5000000000000004 3.5000000000000004 1.5000000000000002 3.5000000000000004 1.5000000000000002 3.5000000000000004 3.5000000000000004 3.5000000000000004 1.0000000180025095e-35 3.5000000000000004 1.0000000180025095e-35 1.0000000180025095e-35 1.5000000000000002 2.5000000000000004 1.5000000000000002 1.0000000180025095e-35 1.5000000000000002 1.5000000000000002 1.5000000000000002 1.0000000180025095e-35 1.0000000180025095e-35 1.0000000180025095e-35
decision_type=2 2 2 2 2 2 2 2 2 2 2 2 2 2 2 2 2 2 2 2 2 2 2 2 2 2 2 2 2 2 2 2 2 2 2 2 2 2 2 2 2 2 2 2 2 2 2 2 2 2 2 2 2 2 2 2 2 2 2 2 2 2 2 2 2 2 2 2 2 2 2 2 2 2 2 2 2 2 2 2 2 2 2 2 2 2 2 2 2 2 2 2 2 2 2 2 2 2 2 2 2 2 2 2 2 2 2 2 2 2 2 2 2 2 2 2 2 2 2 2 2 2 2 2 2 2
left_child=25 11 3 83 5 7 33 85 19 81 47 12 76 14 30 43 17 -16 -14 -5 21 24 92 79 94 27 71 51 29 89 45 -32 -33 34 37 39 61 104 67 -36 41 -26 46 -15 -10 -13 91 48 124 -49 -44 -1 110 -54 -25 -19 63 -37 59 -11 93 -35 -63 -21 -17 66 78 -38 125 -46 -40 73 116 74 75 -27 103 -55 -66 -24 -30 95 -52 113 -53 -4 -87 99 -89 100 -75 -20 -23 -60 98 -8 -83 -70 -6 -28 -29 -18 114 -2 -7 117 -90 118 -31 -42 -22 112 -76 -3 -101 -94 -73 -88 119 122 121 123 -74 -120 -9 -12
right_child=1 2 4 8 20 6 9 10 44 58 68 13 18 15 16 64 101 55 42 56 52 22 23 54 40 26 87 28 80 108 31 32 -34 36 35 57 38 -39 70 -41 109 -43 50 -45 69 -47 -48 49 -50 -51 82 84 53 77 -56 -57 -58 -59 60 -61 -62 62 -64 -65 65 -67 -68 -69 97 -71 -72 72 107 90 111 -77 -78 -79 -80 -81 -82 96 -84 -85 -86 86 105 88 106 -91 -92 -93 115 -95 -96 -97 -98 -99 -100 102 -102 -103 -104 -105 -106 -107 -108 -109 -110 -111 -112 -113 -114 -115 -116 -117 -118 -119 120 -121 -122 -123 -124 -125 -126 -127
leaf_value=0.0017611634485339631 0.0080823423427492849 0.022450154841631684 -0.028009455815791284 0.024052384932364931 -0.021245195005283213 -0.018031242708622917 0.025133988305311009 0.014178272496633035 0.00093833282587513884 -0.017064134778553588 0.0080647265077509103 -0.025986125036328345 0.039963556184396197 0.012784991437899615 0.015556328790208438 0.022759600442168564 -0.040992688066900852 0.0037333232394671173 -0.021133230554853569 0.028357915957891874 0.016419585957680359 0.026727724673682604 0.00011693327110730097 -0.0092309421028969451 -0.034092244325164278 0.0026633650341903658 -0.043049894954688007 0.034063582899031435 0.0098407990608010733 0.011480543634185367 0.020667043601367556 -0.03761625450563999 0.012672287488222187 -0.042457965005294182 0.012144874571079581 0.025253663320219596 0.028202787107815493 0.019125337307088042 -0.019345903045835566 -0.038726653486048306 0.02328553462872163 -0.0020093904570685716 -0.022387881891994171 -0.028648853682571238 0.021032454632883484 0.017918898163693239 -0.03867313909607728 -0.032319980703768257 -0.040972402444526428 0.033940783132093498 0.0157295425747895 -0.03755494904227652 0.022697293630429466 0.014035183470720018 0.016068818282252758 -0.034304338454102488 -0.0021674244114430695 -0.016372443459283809 0.017495374319627218 0.021526697478919138 -0.013571969094549885 0.0080460566654243608 -0.032778570833385694 -0.030175616743197398 0.0013840122425442698 0.023694096666952661 0.016958559156172642 -0.0075591204995861406 0.035332385309434777 -0.016185585211464733 0.0083270775091229664 0.014257524934117985 -0.0051782319443552339 -0.029833771232337228 -0.00096374019221455204 -0.02441299702650809 -0.0039383736643032715 -0.0042505583001985368 -0.053667518677657039 -0.030227535845292045 -0.015698343552759616 -0.016054067734714652 -0.039232387227066332 0.0036222053002888722 0.022157551917479475 0.0012739615822941128 -0.015643736401900667 0.0025722162198218994 0.040839940331296697 0.0032329073792476725 0.0018322805953650823 0.013624945674398495 0.023277857396381205 -0.013343548787240681 -0.009287365010671433 0.01286817336173956 0.011790206671701572 0.0097241088326922073 0.016889997303202169 0.013327332266455522 0.011023257978379386 -0.019423724304961847 0.019405675671044363 0.021560260007185833 0.016559213752588297 -0.0023939879113956328 -0.0015183656418731413 0.033642068284842147 -0.0034236516383476753 -0.012628591677000587 -0.0012149464294914588 -0.010472608360016117 0.018044472998847823 -0.017400498368797739 -0.0039900341451618582 0.0041550631644481856 0.027067240740171333 0.01604054637872283 0.0066941780555640484 0.012433982670031134 0.020027180421494914 -0.033284489785041255 -0.039062307324830098 -0.0091012189073334648 0.032182342791120692 -0.0048970032162100356
leaf_weight=1184.8690981774125 207.7553471759893 1351.3618311501341 26.740297466516495 450.47629942011554 23.357694695703685 392.91450223047286 329.95581450534519 73.26391687639989 621.5976141175488 176.6542572316248 167.15227566624526 473.55836357455701 44.270967537770048 78.675172180985101 165.48412022588309 426.47360558575019 646.28499509091489 73.018010251573287 81.595786519814283 147.97778475144878 1168.5647485137451 148.4858841317473 58.748338652774692 286.67642489285208 157.79723644256592 197.99106431286782 8.5186804640106839 934.85789877688512 1629.2316936664283 226.44273593858816 536.62512717256323 471.25592558458447 281.56972799706273 504.33033979730681 63.224572954233736 193.27275965339504 186.32912503986154 576.86352722288575 1062.3085554749705 977.29583820095286 157.70376283000223 432.57458537118509 139.00557203032076 228.75636432040483 47.450781658990309 57.359863479156047 328.21964670252055 550.10104957543081 269.59921806491911 85.710734928143211 157.12813933147117 82.037503683241084 362.27342838060576 200.72943468694575 228.9346552581992 225.38712657010183 725.58664296939969 52.2875896114856 262.50375730008818 296.20599883981049 939.5924526527524 117.21848520962521 990.7752501773648 21.559079869650304 22.625572665594518 135.98056386655662 32.425492752692662 68.762298867106438 100.94421260687523 1161.2376734761056 88.864722238387913 400.19921469944529 51.029288634192199 235.77439880790189 99.577812528703362 229.20354008302093 135.75505923014134 984.59964857099112 59.65790340397507 627.20699253864586 74.163347252411768 81.335948249790817 15.746569551527498 148.15153973759152 13.914614795008672 341.65636856388301 17.24782948801294 683.61752002791036 86.816376644652337 53.411968206055462 51.220476120477542 55.178179661277682 58.568301173858345 47.74054386280477 62.774523302912712 814.75851996918209 97.172540881903842 110.97017490444705 878.36630734871142 186.88183108787052 68.150273097213358 78.84284225711599 946.18437550147064 657.17438956769183 24.318531860597432 83.896416172618046 17.068364765029401 14.767445448786019 173.39589415118098 18.278650733176619 72.162164453417063 45.928560292348266 225.62806481053121 12.04632445424795 92.875484651885927 296.91148071363568 152.53214443236357 1353.4737846695352 220.26424001512351 498.6048242948018 195.62564601225313 269.90592561429366 157.05854005482979 399.35222615022212 213.98964276153129 233.5923120288644
leaf_count=14097 3746 24245 587 8561 335 2589 6411 1279 7429 1782 2102 2649 684 1788 3344 7451 2456 1117 342 2949 18484 3161 939 2509 694 3125 326 22193 22051 3716 9414 2058 4785 1760 1244 2518 3564 11251 6175 4058 3299 3933 1368 976 1014 1290 1539 2867 1345 1871 2230 681 5944 2529 3582 1031 7407 221 4605 4783 7919 2073 5908 203 300 2842 744 322 2363 8479 1099 6459 711 1391 1377 1042 1408 11298 375 2992 851 813 69 1904 249 3799 423 8940 1641 680 1218 1047 993 279 727 13334 1350 2280 13188 3297 1768 654 16745 13086 176 1658 192 201 2500 177 847 306 3375 218 903 3986 2920 20823 3184 8073 2944 1386 775 3710 3817 1964
internal_value=0.000115435 -0.00224144 -0.00104333 0.00560824 -0.00275688 -0.00632708 -0.0100138 0.00215233 -0.00137872 0.00433605 -0.00724444 -0.00695502 0.00116963 -0.0106604 -0.0157267 0.00482484 -0.0277178 -0.0105398 -0.0160641 0.00952638 0.0041102 -0.000120222 -0.00663511 -0.0149205 0.00629948 0.00694287 0.00362064 0.0110311 0.0157226 0.0239017 -0.0078835 -0.00238101 -0.0188156 -0.0182619 -0.012583 -0.0256957 -0.022546 0.00438985 -0.0107062 -0.0356269 -0.00369182 -0.0106278 -0.0193042 -0.0180384 -0.00939681 -0.0212179 -0.0294254 -0.0150661 -0.00558444 -0.0233484 -0.00416822 -0.000545699 0.00932201 0.00444742 0.00201168 -0.0250154 0.0021974 0.0163597 -0.00315579 0.00710409 -0.00704006 -0.0328595 -0.0284562 0.0207812 0.015216 0.00234343 -0.0229525 0.018571 0.00798171 -0.0147083 -0.0172043 -0.0016322 0.00124268 -0.00787719 -0.0019879 -0.0118871 0.0153133 -0.00114474 -0.0386951 -0.0276323 0.0087203 0.0140846 0.0105264 0.0202795 -0.0287564 0.0114568 0.0120596 0.0125659 0.00674692 0.0310348 -0.0241955 -0.00711376 0.0131096 0.0127222 0.0142338 0.0164226 -0.000915569 0.0220311 0.0158797 0.0162695 0.0325106 -0.0386775 0.0167165 0.0183359 -0.0159804 0.0145902 0.0339323 -0.00384079 0.0050247 0.019505 0.0153938 0.00940786 0.0122391 0.0220856 0.00758448 0.00736217 0.017835 0.0156307 -0.0041683 -0.000327082 -0.00666725 -0.0125538 -0.0308174 -0.00348446 0.0276555 0.000516006
internal_weight=38608.1 28701 22885.2 4687.45 18197.7 11973 8344.69 3628.34 3175.89 3045.92 1805.32 5815.81 1821.83 3993.98 3009.39 984.595 1189.02 463.889 821.145 1345.6 6224.71 3436.38 1705.53 1201.57 1730.85 9907.1 5466.63 4440.48 3159.65 1456.26 1820.37 1289.45 752.826 5298.77 2280.18 1286.08 3018.59 994.097 1406.26 1040.52 766.354 590.372 776.874 307.432 1830.29 530.918 464.994 1192.66 556.853 635.812 311.88 1280.82 2788.33 1547.6 515.611 298.405 895.124 245.56 1722.7 472.86 1249.84 1612.32 1107.99 169.537 677.163 250.69 114.709 255.091 612.659 1208.69 1151.17 3444.66 2359.34 1085.32 798.329 427.195 1000.68 1185.33 82.2835 685.955 1703.4 1323.22 172.875 1511.56 95.9521 1823.01 1796.27 2021.96 787.502 1056.42 286.995 136.774 503.966 310.244 964.499 1144.71 178.508 211.914 901.724 1234.46 1003.01 725.128 1225.94 864.93 417.233 1454.62 103.885 1806.61 399.839 175.982 1240.73 371.134 325.206 1363.41 279.757 355.48 552.731 1370.72 1791.84 706.693 1085.15 889.522 208.088 619.616 287.254 400.745
internal_count=485258 342231 273438 62409 211029 131412 84234 47178 36042 41276 19888 68793 25519 43274 28798 14476 8602 5492 7279 19120 79617 40515 18162 10022 22353 143027 74241 68786 53759 30857 20196 16257 6843 42958 22057 8041 20901 14016 11160 5302 8103 4627 6595 2764 16922 3939 2928 11179 6441 4738 3667 15027 39102 19771 6091 2148 10559 2739 19368 6565 12803 9741 7981 3152 11712 4261 1419 3886 8709 9493 7274 42197 30363 11834 9225 4167 18240 13827 675 3931 22902 21908 2299 26367 930 27290 26703 32044 10773 24641 2609 1389 8140 4884 14250 19745 2163 4643 13523 21271 23961 3110 20945 16832 2765 22904 1833 20984 6216 3476 19331 5058 4752 24463 4200 4979 9379 21246 20783 9559 11224 8280 1486 6894 5096 4066
is_linear=0
shrinkage=0.05


Tree=27
num_leaves=127
num_cat=0
split_feature=9 6 5 7 6 7 8 5 5 9 8 5 5 7 9 5 6 7 6 7 5 5 9 8 7 5 8 4 8 7 5 8 4 8 8 6 6 7 5 8 8 5 7 4 7 8 7 5 6 8 6 6 5 7 5 8 5 4 9 3 6 8 8 8 5 6 9 6 9 5 5 4 6 6 5 6 5 8 6 8 6 6 5 5 5 4 9 6 6 6 7 4 5 6 7 4 4 8 6 9 7 6 8 7 5 9 9 4 8 3 6 6 6 3 8 1 6 8 7 7 5 8 3 8 5 4
split_gain=420.442 390.969 125.664 87.3976 200.43 120.679 94.12 110.079 74.7118 70.8021 92.2913 80.7444 54.9551 70.8017 52.4894 50.3563 349.945 120.787 103.616 104.72 48.7435 60.1939 47.0577 42.6257 42.4179 58.8857 41.5537 36.5078 41.941 165.691 115.995 33.1373 30.8341 30.0421 39.3624 36.4628 29.4308 142.86 143.799 122.482 115.551 113.273 59.7877 53.9927 29.201 91.8086 183.854 156.415 159.253 91.3751 114.732 103.278 81.1486 64.6262 46.1305 25.3088 25.0911 21.2689 34.1521 20.2262 19.2506 41.8421 23.5555 19.0466 30.3824 36.1782 35.0609 28.9232 25.6588 42.258 32.2884 25.8748 25.1559 22.3481 18.1322 17.7179 17.2859 16.8777 22.8972 23.3758 15.9709 14.8479 14.381 14.0491 14.8645 13.9551 13.9399 21.438 12.8389 12.4513 12.4057 11.5251 11.437 10.8044 10.782 10.4989 10.4186 10.0314 10.0102 9.91817 9.53789 9.35047 9.09176 8.91921 8.52755 16.1839 10.6332 8.4257 8.01649 7.66898 7.65113 10.2058 7.63998 7.1907 6.63053 6.61297 8.71533 20.3994 34.5993 16.0108 6.54561 6.49869 6.31627 6.25717 5.93307 5.89464
threshold=1.0000000180025095e-35 1.0000000180025095e-35 1.0000000180025095e-35 1.0000000180025095e-35 1.0000000180025095e-35 1.5000000000000002 1.5000000000000002 1.0000000180025095e-35 1.0000000180025095e-35 1.5000000000000002 1.0000000180025095e-35 1.5000000000000002 1.5000000000000002 1.0000000180025095e-35 1.5000000000000002 1.5000000000000002 1.5000000000000002 1.5000000000000002 1.5000000000000002 1.5000000000000002 1.5000000000000002 1.0000000180025095e-35 1.5000000000000002 1.0000000180025095e-35 1.5000000000000002 1.0000000180025095e-35 1.0000000180025095e-35 3.5000000000000004 1.0000000180025095e-35 1.5000000000000002 1.5000000000000002 1.0000000180025095e-35 3.5000000000000004 1.5000000000000002 1.0000000180025095e-35 1.5000000000000002 1.5000000000000002 1.5000000000000002 1.5000000000000002 1.5000000000000002 1.5000000000000002 1.5000000000000002 1.5000000000000002 3.5000000000000004 1.0000000180025095e-35 1.5000000000000002 1.5000000000000002 1.5000000000000002 1.5000000000000002 1.5000000000000002 1.5000000000000002 1.5000000000000002 1.5000000000000002 1.5000000000000002 1.5000000000000002 1.0000000180025095e-35 1.0000000180025095e-35 3.5000000000000004 1.5000000000000002 2.5000000000000004 1.5000000000000002 1.0000000180025095e-35 1.0000000180025095e-35 1.5000000000000002 1.5000000000000002 1.0000000180025095e-35 1.5000000000000002 1.0000000180025095e-35 1.5000000000000002 1.5000000000000002 1.5000000000000002 3.5000000000000004 1.5000000000000002 1.5000000000000002 1.0000000180025095e-35 1.5000000000000002 1.0000000180025095e-35 1.5000000000000002 1.5000000000000002 1.0000000180025095e-35 1.5000000000000002 1.5000000000000002 1.5000000000000002 1.5000000000000002 1.0000000180025095e-35 3.5000000000000004 1.5000000000000002 1.0000000180025095e-35 1.5000000000000002 1.5000000000000002 1.5000000000000002 3.5000000000000004 1.5000000000000002 1.5000000000000002 1.5000000000000002 3.5000000000000004 3.5000000000000004 1.0000000180025095e-35 1.0000000180025095e-35 1.5000000000000002 1.0000000180025095e-35 1.5000000000000002 1.5000000000000002 1.5000000000000002 1.5000000000000002 1.5000000000000002 1.5000000000000002 3.5000000000000004 1.5000000000000002 2.5000000000000004 1.0000000180025095e-35 1.5000000000000002 1.5000000000000002 2.5000000000000004 1.5000000000000002 2.5000000000000004 1.5000000000000002 1.5000000000000002 1.5000000000000002 1.5000000000000002 1.5000000000000002 1.5000000000000002 2.5000000000000004 1.5000000000000002 1.5000000000000002 3.5000000000000004
decision_type=2 2 2 2 2 2 2 2 2 2 2 2 2 2 2 2 2 2 2 2 2 2 2 2 2 2 2 2 2 2 2 2 2 2 2 2 2 2 2 2 2 2 2 2 2 2 2 2 2 2 2 2 2 2 2 2 2 2 2 2 2 2 2 2 2 2 2 2 2 2 2 2 2 2 2 2 2 2 2 2 2 2 2 2 2 2 2 2 2 2 2 2 2 2 2 2 2 2 2 2 2 2 2 2 2 2 2 2 2 2 2 2 2 2 2 2 2 2 2 2 2 2 2 2 2 2
left_child=1 12 100 8 5 6 7 14 22 10 15 24 90 55 -5 18 17 -17 -6 -20 21 -8 110 109 25 77 -16 28 29 120 -31 80 81 34 101 -35 42 40 39 59 41 91 83 114 49 46 82 48 53 51 -51 -30 -53 -47 -48 -14 -41 58 -9 -39 62 -62 -26 64 73 -66 88 68 69 71 -70 -65 -68 86 -63 99 -64 78 79 -11 -13 -24 -46 84 107 -61 87 -25 -67 -49 96 -38 -60 -56 -15 -43 -1 -29 -88 -69 -3 -27 -86 -50 106 -106 -77 -12 -85 -10 113 -112 -102 -2 -40 -33 121 119 -119 -118 -4 -117 -78 -114 -101 -23
right_child=3 2 27 4 9 -7 20 57 23 11 36 31 13 94 26 16 -18 -19 19 -21 -22 125 32 63 60 33 -28 97 44 30 -32 115 -34 35 -36 -37 37 38 43 56 -42 95 -44 -45 45 47 54 89 103 50 -52 52 -54 -55 93 -57 -58 -59 92 85 61 74 76 67 65 66 72 75 70 -71 -72 -73 -74 -75 -76 104 122 -79 -80 -81 -82 -83 -84 108 102 -87 98 -89 -90 -91 -92 -93 -94 -95 -96 -97 -98 -99 -100 124 112 -103 -104 -105 105 -107 -108 -109 -110 -111 111 -113 123 -115 -116 116 117 118 -120 -121 -122 -123 -124 -125 -126 -127
leaf_value=0.013636572509788808 -0.016659515493867887 -0.0021427332200572597 -0.040279487360281009 -0.0045937939636100326 0.012016921648406006 0.0025868882671195863 -0.0032995481173645211 0.028773201874876517 -0.017687267693002075 0.013740107005327429 0.021535952765099873 0.012487646043481414 -0.040228013249363259 0.017859930127755972 -0.0054317174487071547 0.032059450408088816 0.022592658179109791 -0.047601751219757044 -0.033589475126956495 0.011628347036490176 0.003011431347444157 -0.033426077627790186 0.0074620451672665475 0.010402960964156927 -0.0029733571166759873 -0.0045808827143157911 -0.045055938598505416 0.015217050364813476 0.025447862087129253 -0.029324189546843883 0.022310540539895795 -0.0062676554280601234 -0.014264202569489038 0.013308509065183464 -0.015696282165946231 -0.0085592837486411829 0.010789904557292132 -0.030147560549126564 0.035928652589139985 -0.023577272401098779 0.0088602366518244144 -0.032983907636960491 -0.0017759246891568096 -0.00079699778469154842 0.0024929751000926301 -0.027330590546553426 -0.0091503898243728496 0.037550443840596102 0.042000170983836016 -0.038964049869922655 0.041975920126655776 0.033417423377813574 -0.039501727166838557 0.019679202477625057 -0.035901890049509791 0.0091058151040489307 -0.0056754647611622555 -0.014582028906470394 -0.0030749571748671881 0.030121823017500438 0.031694313721614527 0.017575354742105059 0.0090311098216539123 -0.020781683586866856 0.012756117615910069 -0.011714327469163958 0.0033199039888769282 0.012228085817998169 0.018405831432093726 0.030941673889625095 -0.0063300592653900761 0.019828275729704376 -0.035797108533036352 0.017718273903038786 -0.0017075431904758336 -0.0049623590148111614 -0.0044916084743565985 0.015172850855771115 0.015809732086453501 -0.0076519117229161861 0.027368736884122224 0.025142793742668985 0.021167219736216932 0.02934451864115209 0.011632949110953125 -0.005357434987028278 -0.0053147206768640355 -0.013696107808052378 0.010228968466544069 0.018176979866683433 0.026552300892020847 -0.012770926766530133 0.016742660779493365 -0.026605547751880856 -0.0051315651016960798 -0.0060426182112930252 -0.00026897198320386116 -0.0051300310402728651 0.014756107096752766 0.036840127243839088 0.016875183493141262 0.0095905669062078848 0.001722157352544466 0.018971270589482558 0.0329909020825844 0.00062281733018056465 0.024515498172014778 -0.0055613606942751873 0.015374682691084727 0.015961685078047752 0.0072839005785468747 0.028732162328428502 0.0086686573644652858 0.019755012019892482 0.02582058102979426 0.01829404288380361 0.021577537197839641 -0.0015414782308014149 0.020489382039853062 0.0013906356732456585 -0.031552741619892535 0.0097786786666012523 0.032727675565611625 -0.0078346326654828331 0.012653691172751433 -0.0074873574827152029
leaf_weight=1415.8718340350315 12.963954192586241 303.84409799007699 559.19149332167581 286.42258044006303 640.24478010740131 1527.7289803066524 209.54966826410964 210.54941363283433 16.65326980734244 177.68785703170579 324.56755882920697 291.5712059661746 139.22118786908686 167.1712558165309 92.423038512002677 51.504631641553715 347.50674892775714 537.99680846557021 357.6818464162061 198.48561664670706 145.16072953678668 961.51175095513463 1570.0277182919672 128.55385475629009 106.55907356156968 244.51579147065058 234.5817739716731 82.750282254070044 173.94688662292901 188.59276583977044 254.1297666055616 59.601073018275201 157.43214425328188 389.88515386451036 920.8081743249204 371.13504518335685 225.12715090764686 15.735965327825395 345.088619194692 314.1912767123431 482.46584208146669 678.61629832070321 1103.0723946940852 166.23422764195129 394.2221695149783 740.90715719666332 355.75062304618768 137.88771068898495 58.138717482681386 644.99647229444236 46.162477970123291 46.773678250843659 191.42404238134623 80.388006296358071 430.88304607430473 31.512001455295831 518.8218487505801 79.077980658970773 231.94803988747299 277.27644007245544 133.79734657425433 146.90596297127195 137.29118589800783 339.57423736480996 129.03573562134989 199.86572522297502 49.60229291592259 144.56839475478046 263.59729759325273 53.504755108850077 262.35123390890658 43.530431076418608 234.34113390184939 192.88032367848791 692.92815698077902 207.41378391720355 11.708947473671286 502.5793897237163 271.85710481088609 446.63441427634098 483.6904628140619 127.7410228823428 138.76727505284362 170.2378264204599 510.22141270618886 30.4742057682015 96.110490085789934 320.74233436910436 98.86129169492051 216.12538895779289 169.71109298965894 66.455541796982288 104.95270214113407 1268.635575966211 72.64431305648759 38.724001893773675 148.81113225081936 217.91600597754586 172.52806040714495 106.16136784246191 191.48667791718617 220.41120922740083 423.50794274220243 159.90547546837479 65.814202465931885 91.602648665197194 34.856123402714729 31.060221175197512 269.85839062056039 578.25424665975152 295.33066119696014 67.657513958052732 196.80955148360226 1584.4673492089496 339.38403247436509 503.56150794751011 109.47229100833647 250.54046693304554 615.2140105033759 887.47695142263547 396.57127892039716 411.46985920425504 247.98932541219983 80.044660484418273 35.064590512076393 23.091001552529633
leaf_count=22401 511 3352 2488 2698 9604 21027 2447 3950 210 2939 5864 4614 539 2883 1198 952 5561 2433 1834 3733 1830 4996 20494 2486 1636 2102 1331 1032 2955 952 4196 766 1387 5046 7203 2407 4505 233 6202 2033 7248 2510 13491 1966 6221 3596 2989 2805 1327 2668 823 1119 631 1206 2071 473 4793 768 2606 6778 2684 1820 2535 2481 2411 1474 766 2810 4603 1416 2272 408 1173 3493 7476 2380 119 8303 4057 4700 9500 2416 2990 4015 7288 520 1408 2879 1875 3845 3011 677 1748 7438 792 228 1719 3454 2337 2457 3374 3495 5753 2201 1384 1399 646 604 4276 11977 4577 1207 3041 25981 7013 7627 1892 2528 11260 10438 2870 5924 5067 726 745 427
internal_value=-7.72378e-07 -0.00900632 -0.0143539 0.0030237 0.0013684 -0.00854883 -0.0151431 -0.00520993 0.00759304 0.00375066 0.000500875 0.00693576 0.00982999 -0.00660713 -0.02025 -0.00849068 -0.0171643 -0.0405993 -0.00168902 -0.0174602 -0.0243286 -0.0276518 0.0125555 0.00269262 0.00283436 -0.000132194 -0.0339074 -0.016529 -0.0173188 -0.0249922 0.00029845 0.0126357 0.00684198 -0.00533268 -0.00971359 0.00264677 0.00353166 0.000463817 0.00917115 -0.00230891 -0.0112534 -0.0208709 0.0073194 0.0247622 -0.0152039 -0.0132029 -0.0187719 -0.00285201 -0.0126292 -0.0224065 -0.0335052 -0.00375797 -0.0251031 -0.022711 -0.0255556 -0.0311225 -0.0124477 0.00952448 0.0130269 0.0237576 0.00994992 0.00583492 0.0178791 0.000451559 -0.00339292 -0.0111256 -0.0164272 0.00423627 -0.00135453 -0.0103021 0.00607859 -0.0161278 -0.0289761 0.00265496 0.00168236 0.0120775 0.0234697 0.0078474 0.00372693 -0.00155131 0.0217953 0.00880637 0.00738547 0.0131182 0.0104709 0.0266026 -0.00141096 -0.00679303 -0.00444247 0.0258074 0.0137224 0.00539478 0.00312999 -0.0289822 0.010903 -0.03154 0.0123147 0.000501834 0.00758231 0.0215632 0.00475286 0.00214364 0.0071444 0.0252753 0.00525783 0.0142784 -0.000637947 0.0191603 0.0208328 0.0149916 0.0179561 0.0113496 0.00922152 0.0194493 0.0309617 0.0101262 0.01048 0.00850852 0.0141195 0.00362671 -0.0366953 0.0144797 0.0310388 0.00388617 0.0309661 -0.032826
internal_weight=38589.1 9701.19 7556.25 28887.9 21206.8 4107 2579.27 1239.96 7681.09 17099.8 8464.54 8635.29 2144.94 410.549 613.427 2133.42 937.008 589.501 1196.41 556.167 1339.31 1194.15 3815.62 3865.47 5022.69 3545.51 327.005 6784.07 6483.4 1398.49 442.723 3612.6 1855.2 2146.76 1385.74 761.02 6331.12 3498.6 2007.21 1156.5 1491.39 1008.92 2832.53 850.707 5084.91 3981.61 2588.26 1393.35 1039.34 1103.3 691.159 412.145 238.198 821.295 2055.27 170.733 833.013 626.528 547.45 323.487 1477.18 973.631 503.549 3270.56 1622.52 711.706 582.67 1648.04 962.558 436.609 525.949 383.105 283.943 910.815 839.834 685.481 396.989 1398.76 896.179 624.322 775.262 1697.77 532.989 1729.45 1289.36 307.751 717.935 449.296 298.727 354.013 1734.39 291.583 336.901 1699.52 239.816 717.34 1564.68 300.666 268.639 285.794 772.185 464.927 933.729 218.044 399.687 157.417 242.27 355.628 440.096 594.908 1960.42 362.988 468.341 1597.43 684.473 2837.34 2777.74 1862.7 865.754 996.949 955.763 915.031 259.698 276.854 141.226 984.603
internal_count=485529 102188 70370 383341 271278 45026 23999 14299 112063 226252 110114 116138 31818 4687 5227 24117 8946 3385 15171 5567 9700 7870 56573 55490 61589 40252 2529 59877 55391 10506 5148 54549 24297 20253 12800 7453 85997 44706 29538 14357 15168 7920 41291 15181 44885 36689 21709 14980 8330 8196 3491 4705 1750 4802 12498 1012 6826 9072 8304 7531 21337 11980 9357 43303 20302 7699 5288 23001 11180 4305 6875 2889 1939 12603 9296 11821 7721 19999 11696 7639 14114 22910 9211 27800 19509 7298 9110 5365 3349 6650 27131 5182 4354 9509 3675 2738 24120 4486 3745 6012 10493 5597 13041 3528 5809 2783 3026 6468 8291 12187 32276 5784 7141 26492 13215 40435 39669 26118 13788 12330 5358 13551 5186 3767 3202 5423
is_linear=0
shrinkage=0.05


Tree=28
num_leaves=127
num_cat=0
split_feature=8 9 7 5 9 6 5 5 9 9 6 5 6 6 7 7 7 8 8 7 6 7 6 5 8 7 5 5 6 5 5 6 5 5 6 6 8 7 7 8 5 8 5 5 6 6 3 6 7 7 7 9 5 7 7 0 6 3 6 7 7 5 0 5 0 5 7 7 8 8 5 2 8 7 7 5 3 7 5 5 1 7 8 5 3 5 6 5 6 5 7 6 5 0 6 6 9 6 3 1 5 7 6 6 2 8 7 2 5 3 5 0 5 5 6 5 7 5 7 0 1 2 7 0 8 5
split_gain=499.487 843.583 124.33 464.32 363.106 293.553 271.842 95.303 88.8796 228.115 147.841 133.908 285.221 155.026 137.807 122.785 112.093 206.073 192.209 301.417 129.912 91.1794 81.5758 101.218 73.961 163.956 73.0413 72.9965 71.3332 69.2159 60.2581 50.7802 43.0544 39.2257 38.1086 37.6089 32.9752 34.4025 32.8085 30.5167 29.7268 31.9067 29.4211 27.9798 27.4717 26.7464 24.9702 24.8966 22.6115 21.5362 21.4849 19.9764 43.4511 56.8357 19.6529 18.4354 17.5409 17.2378 16.2697 44.8965 35.4612 15.5157 15.465 14.9294 14.7845 14.2748 13.1655 12.9477 75.8501 24.185 12.9154 12.9013 12.7002 12.6287 12.5529 12.373 11.9219 11.5386 11.1836 11.0988 10.7886 11.5077 11.8026 10.3931 10.0071 9.98357 9.64067 9.28901 24.3793 19.2809 14.6638 18.441 9.08522 8.82117 8.36642 8.12059 7.8958 7.3629 7.20147 6.62696 6.4411 6.41317 6.4065 6.39944 6.0367 5.82837 5.59891 5.55002 5.20022 4.92236 4.59862 4.54851 4.50227 5.94661 4.44766 75.2196 63.1853 61.2092 90.0046 4.33799 4.30246 4.18712 4.05195 4.01039 3.97518 3.93911
threshold=1.0000000180025095e-35 1.5000000000000002 1.5000000000000002 1.0000000180025095e-35 1.0000000180025095e-35 1.5000000000000002 1.5000000000000002 1.0000000180025095e-35 1.0000000180025095e-35 1.5000000000000002 1.0000000180025095e-35 1.0000000180025095e-35 1.5000000000000002 1.5000000000000002 1.0000000180025095e-35 1.5000000000000002 1.0000000180025095e-35 1.5000000000000002 1.5000000000000002 1.5000000000000002 1.5000000000000002 1.5000000000000002 1.5000000000000002 1.5000000000000002 1.5000000000000002 1.5000000000000002 1.5000000000000002 1.5000000000000002 1.0000000180025095e-35 1.0000000180025095e-35 1.5000000000000002 1.0000000180025095e-35 1.0000000180025095e-35 1.5000000000000002 1.0000000180025095e-35 1.5000000000000002 1.5000000000000002 1.5000000000000002 1.5000000000000002 1.5000000000000002 1.5000000000000002 1.5000000000000002 1.5000000000000002 1.0000000180025095e-35 1.0000000180025095e-35 1.0000000180025095e-35 2.5000000000000004 1.0000000180025095e-35 1.5000000000000002 1.5000000000000002 1.0000000180025095e-35 1.0000000180025095e-35 1.5000000000000002 1.0000000180025095e-35 1.5000000000000002 2.5000000000000004 1.5000000000000002 3.5000000000000004 1.0000000180025095e-35 1.0000000180025095e-35 1.0000000180025095e-35 1.0000000180025095e-35 2.5000000000000004 1.5000000000000002 2.5000000000000004 1.5000000000000002 1.5000000000000002 1.0000000180025095e-35 1.5000000000000002 1.5000000000000002 1.5000000000000002 2.5000000000000004 1.5000000000000002 1.0000000180025095e-35 1.0000000180025095e-35 1.5000000000000002 2.5000000000000004 1.0000000180025095e-35 1.0000000180025095e-35 1.0000000180025095e-35 2.5000000000000004 1.5000000000000002 1.5000000000000002 1.5000000000000002 2.5000000000000004 1.5000000000000002 1.5000000000000002 1.0000000180025095e-35 1.0000000180025095e-35 1.5000000000000002 1.0000000180025095e-35 1.5000000000000002 1.0000000180025095e-35 2.5000000000000004 1.0000000180025095e-35 1.0000000180025095e-35 1.0000000180025095e-35 1.0000000180025095e-35 2.5000000000000004 2.5000000000000004 1.5000000000000002 1.5000000000000002 1.0000000180025095e-35 1.0000000180025095e-35 2.5000000000000004 1.5000000000000002 1.5000000000000002 2.5000000000000004 1.5000000000000002 2.5000000000000004 1.5000000000000002 2.5000000000000004 1.0000000180025095e-35 1.5000000000000002 1.5000000000000002 1.5000000000000002 1.5000000000000002 1.5000000000000002 1.5000000000000002 2.5000000000000004 2.5000000000000004 2.5000000000000004 1.0000000180025095e-35 2.5000000000000004 1.5000000000000002 1.0000000180025095e-35
decision_type=2 2 2 2 2 2 2 2 2 2 2 2 2 2 2 2 2 2 2 2 2 2 2 2 2 2 2 2 2 2 2 2 2 2 2 2 2 2 2 2 2 2 2 2 2 2 2 2 2 2 2 2 2 2 2 2 2 2 2 2 2 2 2 2 2 2 2 2 2 2 2 2 2 2 2 2 2 2 2 2 2 2 2 2 2 2 2 2 2 2 2 2 2 2 2 2 2 2 2 2 2 2 2 2 2 2 2 2 2 2 2 2 2 2 2 2 2 2 2 2 2 2 2 2 2 2
left_child=1 2 3 4 103 7 -7 47 16 36 42 13 14 39 105 67 17 20 21 31 29 43 30 32 26 27 48 -26 74 98 79 61 -24 -27 -19 51 58 57 -28 101 71 111 50 97 -32 110 -8 -4 -16 77 92 55 64 -54 87 -5 78 84 60 86 -10 -20 -9 -31 -53 -39 -43 68 -15 -69 -62 -14 106 -66 -6 -63 -47 -41 -33 95 -52 107 -83 -80 -38 120 -60 -3 89 104 91 123 -11 -73 125 -21 -48 -18 -2 -56 -58 -12 -101 -1 -89 -13 -44 -82 -57 -95 -45 -42 -36 -114 115 116 -61 -116 -119 -104 -23 -78 -113 -90 -94 -86
right_child=8 54 5 35 28 6 46 62 9 10 11 12 40 15 24 -17 18 34 19 22 -22 85 23 -25 25 33 38 -29 -30 63 44 56 -34 -35 112 -37 37 65 -40 49 41 66 72 45 -46 76 96 -49 -50 -51 80 52 53 -55 99 108 100 -59 59 114 70 75 -64 -65 73 -67 -68 69 -70 -71 -72 93 -74 -75 -76 -77 121 -79 83 -81 81 82 -84 -85 94 -87 -88 88 90 -91 -92 -93 124 109 -96 -97 -98 -99 -100 102 -102 -103 119 -105 -106 -107 -108 -109 -110 -111 -112 122 113 -115 117 -117 -118 118 -120 -121 -122 -123 -124 -125 -126 -127
leaf_value=0.0054767738946635497 -0.012670214348622744 0.011555656706872001 0.027196479440884259 -0.023515655973082771 -0.028020122578781483 0.010375760707502893 0.0052687110579022201 -0.020800850275417823 0.0017800686225870384 0.011873127780603249 0.019050203591804715 0.012803088641980584 -0.023803490366000622 0.023047638391477186 0.026306655686482147 -0.040606844600199705 0.022598774414722186 -0.0059183209585923439 0.011648440175382288 -0.0097372680837698108 0.026429380640524289 -0.010200111874635771 0.0098980768958134187 0.0090518162356057318 -0.033042674453118599 0.023561016350884874 0.00025092455419744968 0.0041734281176748827 0.0056793140040785894 -0.02752562261445007 0.013334587894997302 0.008783348854971583 -0.041043281891322676 -0.0050703710376273289 0.018069803300798805 0.024611272805493595 -0.016379277113117357 0.025132252969818566 -0.018987783862285432 0.01825129655057171 -0.018851099745508242 0.014480108026905733 0.020665800340131799 0.0063625421843667681 -0.035594388910664417 -0.042263889731929134 -0.045047356287782253 -0.026364090909206411 0.0025216820739279366 0.018874418511227231 -0.018506763140910192 -0.014322847588739552 -0.052319500092609376 0.0047866836996508207 -0.0044203695454194314 0.015221672451533913 0.023856771080675514 -0.035752378994336531 0.026765723096006219 -0.0089714061757607353 0.026863714433618957 -0.022061041288585052 0.020817225892830638 -0.040208709956390531 0.024913921686197299 0.015293135449658553 0.0018777102697528063 -0.012106938514846136 -0.032943007764482592 0.011959970516382352 0.0094506737184176029 0.0044936573263754543 0.030057252113682927 0.0073821430661400109 -0.0013136884930613252 0.037935587760339139 -0.0017698389673181732 -0.0074438409231655624 0.040871803417716734 0.0021632846267557867 -0.024440080189830158 0.020940616188309856 -1.8370384917136347e-05 0.023248677622028202 0.023540999487058331 0.032766873824020833 0.013733782720578722 0.032838321458679105 -0.021261032144349875 -0.020363118892860018 0.014320483192115582 -0.016927480081386333 0.0099614812389902246 -0.0017643152065770972 0.010316990085530754 0.032870054875784253 -0.038147196760511898 -0.011444478617744775 0.01383169449728084 0.02906578631285265 0.0073821802064110561 -0.0043776024310452025 -0.0036289363098948204 0.024024154280968074 0.0013432356933822951 0.024382470431235974 0.0026586659299297163 0.025581124582977996 0.029179693926075528 0.023780752448547063 -0.0054718451116273908 0.032490147831950776 0.033577433943370275 0.0059568109682729166 0.018393928228967158 0.021222063751200962 0.018766524818877257 0.035061569872692863 -0.0063960352686291749 0.016748832793129671 0.02220891665494629 0.018803524227324554 0.017067779904948645 0.015914799615337722 -0.0024692737672794185 0.014371617996986649
leaf_weight=1021.9687089110957 35.054867779836059 1602.844826091954 23.314615483628586 23.852176268585026 3900.320616339799 297.25534047046676 28.343035375699401 22.867270732298493 338.49828618980246 223.30047527700663 255.31725921551697 250.1618609901052 15.067166612949221 80.006262391922064 210.65450688602868 569.08543072640896 16.097740713506937 143.42854059115052 72.319415427511558 13.469753662124274 116.65504818339832 10.01008262299001 43.751991281751543 134.91495487513021 1070.1167044911999 183.08079674956389 393.73146634362638 150.00084495404735 166.30829303851351 511.60435682907701 33.875114733120427 58.519130664877594 690.98726917430758 340.89422338665463 142.60504226479679 405.27315024309792 31.087140525691211 799.74634161149152 505.82061044219881 45.897863749414682 7.6999524431303135 266.65132542105857 103.96888694376685 129.81618597358465 171.2025959296152 7.4885226814076296 966.84588430961594 214.55324661312625 189.72698834189214 101.06576507468708 20.271795914974064 61.85739678144455 73.433813152601942 104.71796392649412 35.274491426534951 152.41295339644421 87.285362052731216 18.533122609369457 274.934355560923 980.01405953732319 409.11180264828727 110.83615856664255 397.63528902584221 446.70629357290454 130.38968167768326 697.25995763158426 919.90987925441004 432.14537411159836 239.57851247349754 136.6509283517953 145.84167673042975 69.121720177354291 315.91298348666169 478.34818772249855 44.60401225881651 8.4082634983933513 25.881212118081748 648.66756436368451 182.22401196393184 276.3492637835443 4.9037203094921997 132.03587377397344 135.66838318970986 164.91646770201623 171.28430921561085 428.54068351269234 301.32328651077114 15.337887167930601 6.9777840115129939 130.10881848912686 618.2401700875489 96.229721651878208 76.191773911821656 19.181603969074786 2105.7447425022256 55.245348662137985 844.8007218700368 237.86004187399521 88.350048228865489 108.45098319498356 185.53161648195237 32.591249111108482 26.486907047918066 47.849545477773063 222.87384674046189 198.14005479984917 73.883723331149668 294.25920739397407 124.77236424176954 791.03975797921885 219.42781076394022 45.67263151681982 160.42033228150103 22.713584029814228 682.77959902677685 423.31688933237456 258.66977387224324 150.91840558778495 946.03883542120457 995.78876892849803 344.43282940040808 486.02235085645225 751.97869323682971 97.562825828557834 384.52431618236005 401.22983643785119
leaf_count=13906 338 22023 634 415 23956 4556 245 187 5027 3374 5013 3108 337 1583 3958 1849 185 1713 1262 121 2089 167 678 2308 5017 2973 3943 2645 2616 2946 598 1298 2345 3573 2398 7728 477 14678 3982 789 115 3914 2038 1887 610 238 3518 899 2177 1509 331 586 400 1177 356 2704 1411 212 5114 10092 6811 1279 6957 1838 3474 11202 11271 3703 863 2781 2394 860 5598 6183 633 313 376 5563 3786 2849 121 2297 1548 2570 2545 10151 5053 60 76 1210 9119 1194 1418 333 30614 611 3596 2291 1409 2367 1889 1023 414 1013 3026 3189 989 6994 3121 13282 1751 1161 3370 388 12680 6829 4659 2726 7254 14184 6040 9405 12292 2326 4554 7432
internal_value=-0.000260367 -0.00805121 -0.0161066 -0.0124246 -0.0196156 -0.024971 -0.0339599 0.00421679 0.00383115 0.00543079 0.000470477 -0.00214616 0.00172081 -0.0118502 -0.0078902 -0.0224932 -0.00157673 -0.0125387 0.00278225 -0.00697952 -0.0235314 0.01451 -0.0211745 -0.030699 -0.0117024 -0.0184281 -0.00267153 -0.0284677 -0.0263665 -0.0289387 -0.00609012 0.0161827 -0.0380005 0.00495947 0.0155295 0.0115312 0.011231 0.0144706 -0.0105761 0.00247313 0.0133484 0.00993967 0.0136883 0.00536701 -0.0274867 0.00963343 -0.0411242 -0.0210225 0.0150701 -0.00257791 0.00965179 0.00690332 0.00296965 -0.018913 0.0113561 0.0179474 0.0225939 0.011121 0.00844189 0.00708165 0.0145443 -0.00652385 0.01851 -0.0334735 0.00880255 0.0205628 0.00471961 -0.0108571 -0.0188979 -0.00631412 0.0223128 0.0209204 0.0240394 0.0111721 -0.0277186 -0.0175502 0.0168169 -0.00572207 0.0291861 0.00666892 0.0166601 0.0179481 0.0103584 0.0325904 0.0114547 0.0275951 0.019987 0.00907212 0.00571255 -0.00496198 0.0105132 -0.00122348 0.00362054 0.0217129 0.0117837 0.0244982 -0.0418525 -0.00920639 0.00626213 0.0168091 0.012721 0.0163922 0.0174747 0.006328 0.00349993 0.0179638 0.0132419 0.0246825 0.0215871 0.0231746 -0.00106732 0.0176152 0.0249626 0.0302027 0.00491571 0.00305286 -0.00316853 0.00665264 -0.000665596 0.0162178 0.0212675 0.0177619 0.0179904 0.0132555 -0.000396392 0.0171512
internal_weight=39171.8 13487.9 9531.72 6736.11 5181.05 2795.62 2137.24 658.37 25683.9 19820.9 10684.6 8919.66 6378.65 2541.01 3492.33 1457.47 5862.95 1667.54 4195.41 2289.84 1198.37 1905.58 1419.8 869.654 3044.03 1744.09 1299.93 1220.12 4111.23 1081.72 550.142 870.04 734.739 523.975 469.167 1555.06 9136.33 4224.89 899.552 1083.54 2886.32 1991.91 1764.92 1122.59 205.078 868.636 1839.99 237.868 400.381 795.631 1271.16 1149.78 848.747 178.152 3956.18 301.037 678.477 2727.88 4911.45 4018 893.452 191.564 420.503 958.311 670.595 1497.01 1186.56 888.381 319.585 568.796 554.953 894.41 493.766 608.738 3944.92 119.244 519.392 694.565 405.66 345.064 587.139 566.867 267.704 347.14 2709.35 782.984 576.258 2790.18 1187.33 368.321 819.011 200.77 684.017 879.343 2678.26 68.7151 1811.65 253.958 123.405 1166 272.817 287.909 1130.73 1069.82 238.212 448.302 177.853 299.163 277.185 810.221 349.244 805.351 325.739 183.134 3441.74 1662 1238.68 1779.74 1096.96 1022.28 354.443 511.904 797.651 104.541 460.716 572.514
internal_count=485634 144859 88504 67912 42124 20592 11915 8677 340775 267867 132068 102806 78130 24676 34565 10779 72908 16489 56419 23928 8620 32491 10120 5331 28268 14208 14060 7662 27205 6531 4789 13808 3023 6546 7869 25788 135799 67160 7925 13897 43565 28753 29262 16133 1208 13657 7359 1533 6135 7861 20637 18060 11820 1577 56355 6240 10954 41280 68639 54407 14232 2854 7144 4784 10243 25880 15185 8930 2446 6484 9205 14812 8625 9657 24589 1592 10019 6352 7654 3581 11291 10960 3845 6356 41068 16358 10167 39034 17011 4296 12715 3596 9346 14475 40591 732 7114 2476 1747 17321 3300 6036 16965 14919 3086 6297 3027 7115 5825 13615 3638 13568 6156 3758 44240 21580 14751 22660 9980 14598 6207 9781 13453 2402 5972 9977
is_linear=0
shrinkage=0.05


Tree=29
num_leaves=127
num_cat=0
split_feature=5 9 7 5 8 8 7 8 8 9 8 9 9 5 9 7 7 8 9 9 7 8 8 7 5 4 9 8 8 4 7 7 9 7 4 4 4 5 9 4 5 7 7 4 7 8 7 0 0 0 8 4 0 4 0 4 7 0 0 7 2 8 8 5 5 8 1 1 3 1 8 3 5 1 8 5 0 1 8 0 3 5 7 5 4 8 4 8 8 0 4 8 7 3 4 1 3 5 0 8 1 5 8 4 1 3 4 0 1 7 7 2 0 9 1 2 8 2 2 4 7 3 7 2 0 3
split_gain=324.034 150.51 145.624 187.138 364.771 233.816 141.108 139.276 110.972 128.758 100.676 92.4936 79.1069 75.3907 41.8262 47.4973 38.0887 28.2478 56.8322 27.4243 139.592 221.733 77.2397 61.854 45.8116 25.7642 25.6199 118.534 34.4416 25.0755 23.1975 21.8683 17.7041 69.0063 16.9938 15.9831 15.4815 15.2808 15.189 14.012 21.4799 13.395 13.0375 12.7937 12.6772 12.6602 12.0369 11.6552 10.6304 10.154 9.9999 9.47334 9.07714 8.95596 8.79904 8.74114 8.26446 7.98623 7.59317 7.06059 7.01435 6.88827 6.70262 54.8568 18.4952 8.32587 6.36652 6.36197 6.32309 6.25556 6.13754 6.11257 6.06881 6.04661 5.89844 12.9889 9.877 6.2885 5.85932 9.07383 8.11101 6.78485 5.8074 5.73973 14.1759 10.7284 5.86277 5.77199 5.07788 4.91581 4.68096 4.53417 7.51293 5.80279 4.52941 4.48072 4.41628 4.38805 4.20655 4.11483 4.08194 5.83046 5.61104 4.04252 3.96313 3.82135 3.82061 4.68311 3.8078 3.75215 3.66341 3.61629 3.38015 3.32282 3.31859 3.30696 3.26899 3.04669 5.87733 3.00981 2.95126 2.88504 2.87284 2.86856 2.85625 2.83439
threshold=1.0000000180025095e-35 1.0000000180025095e-35 1.5000000000000002 1.5000000000000002 1.0000000180025095e-35 1.5000000000000002 1.5000000000000002 1.5000000000000002 1.0000000180025095e-35 1.5000000000000002 1.0000000180025095e-35 1.5000000000000002 1.5000000000000002 1.5000000000000002 1.0000000180025095e-35 1.0000000180025095e-35 1.0000000180025095e-35 1.5000000000000002 1.0000000180025095e-35 1.5000000000000002 1.0000000180025095e-35 1.5000000000000002 1.5000000000000002 1.0000000180025095e-35 1.5000000000000002 3.5000000000000004 1.5000000000000002 1.5000000000000002 1.5000000000000002 3.5000000000000004 1.0000000180025095e-35 1.0000000180025095e-35 1.0000000180025095e-35 1.5000000000000002 3.5000000000000004 3.5000000000000004 3.5000000000000004 1.5000000000000002 1.5000000000000002 3.5000000000000004 1.5000000000000002 1.5000000000000002 1.0000000180025095e-35 3.5000000000000004 1.5000000000000002 2.5000000000000004 1.0000000180025095e-35 2.5000000000000004 2.5000000000000004 2.5000000000000004 1.5000000000000002 3.5000000000000004 3.5000000000000004 3.5000000000000004 2.5000000000000004 3.5000000000000004 1.0000000180025095e-35 2.5000000000000004 2.5000000000000004 1.0000000180025095e-35 2.5000000000000004 1.0000000180025095e-35 1.5000000000000002 1.5000000000000002 1.5000000000000002 1.0000000180025095e-35 2.5000000000000004 3.5000000000000004 3.5000000000000004 2.5000000000000004 1.0000000180025095e-35 3.5000000000000004 1.5000000000000002 3.5000000000000004 1.0000000180025095e-35 1.5000000000000002 2.5000000000000004 2.5000000000000004 1.0000000180025095e-35 2.5000000000000004 2.5000000000000004 1.5000000000000002 1.5000000000000002 1.5000000000000002 3.5000000000000004 1.0000000180025095e-35 3.5000000000000004 1.0000000180025095e-35 1.5000000000000002 3.5000000000000004 3.5000000000000004 1.5000000000000002 1.5000000000000002 2.5000000000000004 3.5000000000000004 2.5000000000000004 2.5000000000000004 1.5000000000000002 2.5000000000000004 1.0000000180025095e-35 2.5000000000000004 2.5000000000000004 1.0000000180025095e-35 3.5000000000000004 2.5000000000000004 2.5000000000000004 3.5000000000000004 2.5000000000000004 3.5000000000000004 1.0000000180025095e-35 1.5000000000000002 2.5000000000000004 3.5000000000000004 1.5000000000000002 3.5000000000000004 2.5000000000000004 1.0000000180025095e-35 3.5000000000000004 2.5000000000000004 2.5000000000000004 1.5000000000000002 2.5000000000000004 1.0000000180025095e-35 2.5000000000000004 2.5000000000000004 2.5000000000000004
decision_type=2 2 2 2 2 2 2 2 2 2 2 2 2 2 2 2 2 2 2 2 2 2 2 2 2 2 2 2 2 2 2 2 2 2 2 2 2 2 2 2 2 2 2 2 2 2 2 2 2 2 2 2 2 2 2 2 2 2 2 2 2 2 2 2 2 2 2 2 2 2 2 2 2 2 2 2 2 2 2 2 2 2 2 2 2 2 2 2 2 2 2 2 2 2 2 2 2 2 2 2 2 2 2 2 2 2 2 2 2 2 2 2 2 2 2 2 2 2 2 2 2 2 2 2 2 2
left_child=8 6 19 5 29 10 7 16 11 17 51 14 47 109 -1 36 39 18 30 22 21 71 23 78 66 37 27 96 -28 38 -10 69 33 98 56 44 48 54 -5 40 70 117 -39 74 57 49 50 -12 -16 -7 -11 58 68 62 111 -29 -15 -33 -4 -27 -18 97 64 -64 65 123 -23 -14 91 -20 -2 -21 -41 121 75 -8 -76 -78 80 -80 -3 106 -17 85 -85 86 125 -86 99 124 -87 93 -93 -48 -51 -40 -6 -55 -19 -45 -66 102 -102 -43 115 -63 107 -82 -50 -9 -37 -24 -106 -31 119 -56 -116 118 -34 -25 -13 -60 -120 -22 -67 -62
right_child=1 2 3 4 26 45 43 13 9 46 12 120 67 34 15 82 60 32 31 20 53 24 25 114 -26 59 28 55 -30 113 -32 35 41 -35 -36 110 -38 42 95 72 -42 103 -44 88 -46 -47 52 -49 108 94 -52 -53 -54 61 104 -57 -58 -59 73 -61 83 105 63 -65 100 89 -68 -69 -70 -71 -72 -73 -74 -75 76 -77 77 -79 79 -81 81 -83 -84 84 87 90 -88 -89 -90 -91 -92 92 -94 -95 -96 -97 -98 -99 -100 -101 101 -103 -104 -105 112 -107 -108 -109 -110 -111 -112 -113 -114 -115 116 -117 -118 -119 122 -121 -122 -123 -124 -125 -126 -127
leaf_value=0.012876880832280242 -0.0099957755053002983 -0.025671044637796622 0.0021268638316990075 -0.012278590299805809 -0.0016203338866116156 -0.0061488457304800844 0.035016886142779639 -0.0052674345687754821 -0.0067012273357405089 0.00045360282858360808 -0.01333571342100205 0.0054599471348329371 -0.0061514518044264339 0.010051150986570131 -0.018092085044934945 0.0018135338144288208 -0.016153428948598239 -0.027272913913768265 0.042408165217330263 0.0085446721274790912 0.020433489690796912 0.017159311579087982 0.013181196551562866 0.013422974167287067 -0.032293737014555408 -0.013622752688917467 0.0039776083724861007 -0.010737708815823116 0.016487596530869529 0.015392323517884374 0.015742466912228241 0.016269577919462968 -0.035974984120223222 -0.025238411103203035 0.01553325339639865 0.015087742116053121 0.0078537611138350671 0.020309681533248702 0.00025894990757492745 0.0087968455876739366 0.039230093124126932 0.018934606492099052 0.0046575158747472504 0.010125940270626363 -0.0096417576013972869 0.013348889647323461 -0.00073751264486175694 0.02051200176737604 0.034348169998269999 -0.026603503685527909 0.0152068306031905 0.0028445451986632946 -0.039995905128884082 -0.011442997235933616 0.014083925307576177 0.0048580585649342931 -0.024876048499620402 -0.021765236493362209 0.003569163801044755 0.0027135752420688426 -0.0064358143037563645 0.029003440990629771 0.017587491354783765 -0.0049913084514066064 -0.010918706281175236 0.010939405967975935 -0.015754234039337903 0.024687633281462572 -0.019740396780929252 0.0012078665071923698 0.017685625874402543 -0.037212706256638452 -0.031913224829547768 0.0150061460395031 -0.023991600046891548 0.007157966103281458 -0.0089345524700658093 0.020386614195927494 -0.043437548823563321 0.0059077754264450465 -0.0031931992550259373 0.027898012815687406 0.015482788557426314 0.011641600487136567 -0.032641390454383176 -0.0018235296169356299 -0.0035645254401013475 0.0043169878899153354 0.015191218483804968 0.025247391975131192 0.016243309351311953 0.016918094619683372 0.0056058093728287061 0.020183713325420419 -0.014868374348844374 -0.02201786893353351 0.016822269843713558 -0.043133456915118454 0.010749097676289955 -0.009281868390588581 0.014959575086134292 -0.026851457487686293 0.0062343252857602512 -0.0032439743543687494 0.018668620876747987 -0.0035436351941587133 -0.0091202414195006229 0.015487323142816407 0.0023624037685077881 0.00083797735432797219 -0.0076296691824569111 -0.027851611171070784 -0.0036830191765068552 -0.0041776046668572124 0.029464924363883711 -0.033294630513996337 -0.002357973053753893 0.024459230080453791 -3.1457478130452169e-05 -0.0060942118084824056 0.018254476169698636 -0.020153914476441437 0.0057007722716681218 0.0031731854492039781 -0.0052720512913193227 0.017899094091242809
leaf_weight=946.68342615221627 21.151643254095688 12.166660397779195 43.821245444472879 573.93046321440488 33.660563470795751 65.305321154184639 49.163863180554472 444.16879613453057 178.89045926416293 271.12657672469504 26.010291954968125 1760.2829605930019 761.11946863960475 16.844353551976383 9.307198114693163 134.10293278086465 37.903841242659837 6.5120646697469047 8.6907254271209222 864.870193738956 24.472351269796491 14.181292522698639 7.4979178113862881 18.979389213956892 742.10764311789535 118.37991742277518 1148.7167702667648 938.82970118219964 1056.4309039631626 53.507508486392908 319.71996158547699 13.434947300702332 8.688151086214928 240.22598399640992 27.493568534497172 49.793675428722054 63.463822129066102 162.09055925230496 22.855430394411087 21.112302885390818 148.61648317822255 204.31295899196994 727.92526386445388 41.743214115267619 417.43569418648258 20.30823520058766 34.683663797564805 549.23609480285086 935.18130510416813 2566.4686465060804 198.3604986993596 57.550055598141626 6.305292220786213 31.312504002358764 6.78669473528862 98.771808665245771 715.08820386580192 613.16598994424567 12.751976905390618 147.70607705088332 12.401513854041694 8.6960603715851885 596.89440093631856 488.40460407314822 25.419220196083188 27.24832187499851 816.96992496156599 16.131744241341949 11.351442816667257 188.47391526133288 247.0544275623979 6.3930358234792939 14.742096032015978 12.02650362998247 12.11570509825833 257.66500201716553 18.037266031838953 1238.1680582067347 8.434770815074442 822.94308368524071 39.604252184741199 73.365827855654061 184.7239115331322 511.91604124812875 25.593012299388647 571.69869632809423 47.167026582174003 17.177528325933963 63.260067897615954 12.954547993838785 37.247723356820643 496.32117756456137 210.13024606811814 713.42695869586896 89.280372000415809 1685.1458529152442 797.7514622163726 16.723089413717389 323.77939130738378 74.751771172508597 302.2278466927819 10.169447975466026 476.62971255881712 22.531970628537238 794.50652857247042 128.36793492361903 21.563131023198366 207.88993095955811 9.5528410668484849 578.3414814111311 26.510833698324859 14.421195464441553 16.973519925959408 35.443831206997856 12.021185179241 6.1149176969192904 20.872465417720377 15.513236837461589 388.79592663096264 2993.6227373586735 45.470596208469942 762.99929068144411 498.21678656316362 456.11770320893265 773.54271174222231 165.8986151877325
leaf_count=15062 471 122 616 6634 408 748 938 4883 1994 3705 352 21972 6985 382 67 2566 658 157 50 13824 214 138 95 147 4387 1179 15456 9861 17349 996 5177 145 241 1421 515 730 1831 2883 218 452 2929 4299 9508 465 3987 116 358 9402 22490 15670 3102 506 122 353 63 1348 4352 5127 201 1935 76 52 10183 5641 313 366 7546 89 162 3004 3895 149 272 91 489 4204 360 19732 190 11960 443 1160 3614 7901 158 7857 318 285 790 96 686 9007 2277 13336 1086 11578 10792 161 4919 964 4267 72 5904 255 14496 1602 449 4169 206 6503 478 361 164 463 115 169 279 108 4412 32472 860 6326 5612 5852 8190 2884
internal_value=4.14089e-05 -0.00259756 -0.00433034 -0.00837425 -0.00274748 -0.0156499 0.00491506 -0.000672806 0.00802311 0.00336188 -0.00366981 0.0142525 0.00492136 -0.0106851 0.0209388 0.0266362 0.00881951 -0.00233403 -0.00667395 -0.000497184 -0.00296403 -0.012063 0.00180746 -0.00202137 -0.0232641 0.00989548 0.00632646 0.00201802 0.00997559 -0.0183364 0.00769287 -0.0121128 0.00228025 -0.00490265 -0.0226077 -0.0148132 0.0319103 0.0121149 -0.0193517 0.0214408 0.0240175 0.00588223 0.0075277 0.0165679 -0.0164272 -0.0254413 0.0136973 0.0189611 0.0335007 -0.0257356 0.00670598 -0.0167288 0.0159208 0.00361983 0.0169244 -0.00924986 -0.0240596 -0.0209251 -0.0180852 -0.00457814 0.00480356 -0.00704689 0.00423998 0.00743137 0.00259477 -0.00112024 -0.0151727 -0.00548049 0.0161884 0.00322876 0.0154736 0.00816664 -0.00835348 -0.0192108 0.0180096 0.0117211 0.0195204 0.0199588 0.00766172 0.00535556 0.0130385 0.0144847 0.00975696 0.00538661 0.00932469 0.0027607 0.012052 -0.0180386 0.00390521 -0.0042002 -0.000693608 0.0164821 0.013566 0.0192141 -0.0262147 -0.0217198 0.0160746 -0.0231303 0.00991939 -0.00230055 0.00849287 0.00913126 0.00963491 0.0167271 0.0177586 -0.00128356 0.0107374 0.0124972 0.0340276 -0.00181671 0.00719833 -0.0138527 0.0181971 0.00763468 -0.00579341 -0.00915155 0.00979811 0.00316705 0.00277141 -0.00596684 0.00579205 -0.0197599 0.00319101 0.00409271 -0.00470747 0.01618
internal_weight=38457.3 28902.1 23485.6 11428.1 6445.04 4983.01 5416.52 3661.62 9555.17 5466.4 2241.65 4088.77 1352.5 1781.94 2283.02 1336.33 1879.68 3524.69 1816.12 12057.6 5823.7 2444.52 6233.87 4231.46 1573.26 2002.4 4074.16 1869.01 2205.15 2370.88 498.61 1317.51 1708.58 570.517 759.426 1120.34 1017.51 1736.32 2281.93 452.677 416.823 1138.06 890.016 1754.9 1044.04 2741.36 1941.71 575.246 954.041 2721.05 469.487 889.149 1472.22 3379.18 846.301 1037.6 731.933 626.601 831.599 266.086 1427 185.1 3194.08 1085.3 2108.78 1294.34 831.151 777.251 1465.91 197.165 268.206 871.263 35.8544 787.778 1575.15 306.829 1268.32 1256.21 1185.97 831.378 354.59 342.423 318.827 1389.1 554.687 834.414 225.467 42.7705 179.755 813.746 608.946 1454.56 706.451 748.111 2655.75 1708 831.412 48.0356 330.291 116.495 814.446 789.027 778.858 226.845 824.382 137.064 269.057 247.494 944.734 1022.51 76.3045 21.9191 811.48 88.9513 3045.5 12.9016 32.8937 911.214 895.701 3012.6 1805.75 775.751 887.013 480.59 800.791 178.3
internal_count=485232 342379 268960 117291 75103 42188 73419 45477 142853 74185 24568 68668 16828 16635 45836 30774 28842 42116 20692 151669 69310 26044 82359 51506 12071 30853 55214 22409 32805 19889 7171 13521 21424 6497 5249 10467 24594 27739 18430 8019 7295 14927 12391 27942 9259 17620 32069 9754 22763 17504 6807 7740 25262 43266 15348 11209 4734 5272 7234 3114 20823 2168 41098 15824 25274 14718 7684 7074 25140 3054 4366 13973 724 6618 25723 5142 20581 20092 18493 12150 6343 6221 6180 20165 8344 11821 3278 443 2219 8652 8543 24978 11284 13694 16756 11796 11200 514 5076 1429 10556 10243 10171 4554 14892 1654 5061 4612 22696 11386 1208 456 14660 1459 33013 232 394 10373 10265 32619 22832 6527 10024 6066 8556 2960
is_linear=0
shrinkage=0.05


Tree=30
num_leaves=127
num_cat=0
split_feature=9 7 8 8 8 7 6 8 7 9 6 6 7 7 7 8 6 6 7 8 6 7 7 6 7 8 8 6 7 7 9 6 7 8 7 4 9 6 8 8 6 9 8 4 8 8 4 4 6 6 4 4 3 6 2 4 0 4 2 4 6 4 6 6 7 4 8 4 6 2 1 8 0 7 6 2 0 3 1 0 6 4 3 8 2 4 7 0 7 3 2 0 4 8 4 0 0 1 3 4 7 1 0 3 9 6 6 3 3 1 3 2 2 1 0 1 0 9 8 3 2 4 1 4 0 0
split_gain=382.705 244.696 164.767 130.633 111.149 82.9949 127.4 82.8284 72.474 54.0555 59.8794 57.3988 266.357 131.067 80.6365 70.6475 50.5847 49.9319 333.181 96.7627 74.0887 189.687 54.2611 42.8871 142.709 182.425 95.3541 38.8472 35.0613 34.1232 129.796 38.9491 32.7319 45.2704 51.5589 30.0523 29.6723 29.4166 260.207 191.005 28.9412 27.8667 27.0144 26.7179 26.4812 26.0165 23.9067 21.3884 19.6516 19.5247 17.7881 16.9028 16.515 15.8357 14.9532 15.628 14.7256 14.4209 13.8562 13.5487 12.9504 12.7011 12.5823 12.3709 11.9663 11.8906 11.8814 11.447 10.7796 10.7484 10.5706 10.4343 10.2877 10.0813 9.83775 9.82531 9.49095 9.60913 9.43948 9.34844 9.1087 12.4823 8.91445 8.63496 8.47099 8.41823 10.0353 8.08967 7.79009 7.68339 7.59261 7.22324 7.08482 7.69229 6.94591 6.88852 6.70732 6.57499 6.47738 6.38454 5.66758 8.15064 6.34381 5.99382 5.65899 31.9918 15.1818 5.41096 5.31066 5.25495 5.13795 5.09212 4.93134 4.91711 4.85849 4.77447 4.43383 4.21166 4.20629 4.06824 3.8756 3.79809 3.78239 3.75051 3.73446 3.52847
threshold=1.0000000180025095e-35 1.5000000000000002 1.0000000180025095e-35 1.0000000180025095e-35 1.5000000000000002 1.5000000000000002 1.0000000180025095e-35 1.5000000000000002 1.0000000180025095e-35 1.5000000000000002 1.0000000180025095e-35 1.0000000180025095e-35 1.5000000000000002 1.5000000000000002 1.0000000180025095e-35 1.5000000000000002 1.5000000000000002 1.5000000000000002 1.0000000180025095e-35 1.0000000180025095e-35 1.0000000180025095e-35 1.0000000180025095e-35 1.0000000180025095e-35 1.5000000000000002 1.5000000000000002 1.5000000000000002 1.5000000000000002 1.5000000000000002 1.0000000180025095e-35 1.0000000180025095e-35 1.5000000000000002 1.5000000000000002 1.0000000180025095e-35 1.5000000000000002 1.5000000000000002 3.5000000000000004 1.5000000000000002 1.5000000000000002 1.5000000000000002 1.5000000000000002 1.5000000000000002 1.5000000000000002 1.5000000000000002 3.5000000000000004 1.5000000000000002 1.5000000000000002 3.5000000000000004 3.5000000000000004 1.5000000000000002 1.5000000000000002 3.5000000000000004 3.5000000000000004 2.5000000000000004 1.0000000180025095e-35 2.5000000000000004 3.5000000000000004 2.5000000000000004 3.5000000000000004 2.5000000000000004 3.5000000000000004 1.0000000180025095e-35 3.5000000000000004 1.0000000180025095e-35 1.0000000180025095e-35 2.5000000000000004 3.5000000000000004 1.5000000000000002 3.5000000000000004 1.5000000000000002 2.5000000000000004 3.5000000000000004 2.5000000000000004 2.5000000000000004 1.5000000000000002 1.5000000000000002 2.5000000000000004 2.5000000000000004 2.5000000000000004 3.5000000000000004 2.5000000000000004 1.5000000000000002 3.5000000000000004 2.5000000000000004 1.5000000000000002 3.5000000000000004 3.5000000000000004 1.0000000180025095e-35 2.5000000000000004 1.5000000000000002 2.5000000000000004 2.5000000000000004 2.5000000000000004 3.5000000000000004 1.5000000000000002 3.5000000000000004 2.5000000000000004 2.5000000000000004 2.5000000000000004 2.5000000000000004 3.5000000000000004 1.0000000180025095e-35 2.5000000000000004 2.5000000000000004 3.5000000000000004 1.5000000000000002 1.5000000000000002 1.5000000000000002 3.5000000000000004 3.5000000000000004 2.5000000000000004 2.5000000000000004 2.5000000000000004 2.5000000000000004 3.5000000000000004 2.5000000000000004 2.5000000000000004 2.5000000000000004 1.5000000000000002 1.5000000000000002 2.5000000000000004 2.5000000000000004 3.5000000000000004 2.5000000000000004 3.5000000000000004 3.5000000000000004 2.5000000000000004
decision_type=2 2 2 2 2 2 2 2 2 2 2 2 2 2 2 2 2 2 2 2 2 2 2 2 2 2 2 2 2 2 2 2 2 2 2 2 2 2 2 2 2 2 2 2 2 2 2 2 2 2 2 2 2 2 2 2 2 2 2 2 2 2 2 2 2 2 2 2 2 2 2 2 2 2 2 2 2 2 2 2 2 2 2 2 2 2 2 2 2 2 2 2 2 2 2 2 2 2 2 2 2 2 2 2 2 2 2 2 2 2 2 2 2 2 2 2 2 2 2 2 2 2 2 2 2 2
left_child=1 4 5 40 17 6 41 54 49 10 67 12 42 14 27 80 -17 19 -19 20 21 -1 82 24 26 109 28 45 -12 31 56 117 44 34 35 111 -33 38 51 -39 -3 96 -11 64 -25 112 66 78 87 59 69 52 -16 61 -5 68 -31 91 -41 63 94 -24 -10 -6 76 -42 -14 70 -56 -35 73 -52 -54 84 -62 -64 -7 -78 114 -50 81 95 -21 -75 100 86 -44 -32 -71 -58 -55 -40 93 -29 -9 -15 -2 -91 -82 -36 101 -4 -103 -104 105 -79 -106 -69 -84 -26 -77 -34 -13 119 -30 -89 -112 123 -102 -97 -20 -99 -27 -8 -100 -90
right_child=2 3 9 7 8 43 29 60 62 11 23 13 46 15 37 16 -18 18 120 22 -22 -23 53 32 25 122 -28 92 47 30 48 36 33 50 99 -37 -38 39 57 58 65 -43 85 -45 -46 -47 -48 -49 79 -51 71 -53 72 90 55 -57 89 -59 -60 -61 74 -63 75 -65 -66 -67 -68 107 -70 88 -72 -73 -74 83 -76 110 77 104 -80 -81 98 -83 108 -85 -86 -87 -88 115 125 97 -92 -93 -94 -95 -96 113 -98 121 124 -101 118 102 103 -105 106 -107 -108 -109 -110 -111 116 -113 -114 -115 -116 -117 -118 -119 -120 -121 -122 -123 -124 -125 -126 -127
leaf_value=-0.0046435130426939709 -0.0023468345464261625 -0.0090082895905123639 -0.038312795204562849 0.0090966877546990281 0.0247515904489428 -0.00043447315208213638 -0.0043431757837608101 -0.020261134342915644 0.0067269832115256561 0.014636738220296637 0.0041080249935848438 0.015048351743899955 -0.022357543083354449 -0.02134207301097861 0.008777326136996064 0.014334302340891059 -0.00407398585860657 -0.043317787396550199 -0.0086307637720486746 0.00020197513304625478 0.016519259627558746 -0.044486199467287733 0.016508342754367425 0.006032553366516813 0.00044435399408713859 -0.0094724252343019073 -0.0033142549041441983 0.016190554935363883 0.0010562588248739049 -0.030140834898928832 0.023080214137619001 -0.02591427912229154 -0.016623407759163294 -0.034281904573271862 -0.003498475869954336 -0.0072710319250313812 0.013910680691217212 0.0082996590276142312 -0.016185293585221677 0.0043707988227275904 0.023437343148577722 0.008436171758563869 -0.0028178080360673845 -0.00080910587606405784 -0.012543432527254917 0.011478855006776277 0.012458230466464874 -0.001026443135285472 -0.038396436356244866 -0.016797169765539393 -0.0044370546317732944 0.014434179039598691 0.017152162622751727 0.025849901490353624 -0.02104034441133935 -0.0054521374840053143 -0.017737855213667341 -0.0058091338987392559 -0.027098365824808804 -0.024269318252565453 0.0019495027874450619 -0.011221323636482206 -0.014635326686067452 0.0016285190448865597 -0.04388603216996264 -0.0066578374523532562 -0.03345846117981973 -2.858571764128472e-05 -0.029309969308795272 0.010766567685608762 -0.031012653295726361 0.050754593886889104 -0.019589727327057452 0.012039178931948885 -0.01028646718026132 -0.019252351438072884 -0.0011577606654488994 0.030125381416271815 -0.0310685494724325 0.0033234289325263242 -0.010591456423080925 -0.037004673715415014 0.027603769820435598 0.026810136216731062 -0.04174587677650092 -0.026277214337257788 0.0084154300232010589 0.012067253779414741 0.0038518012696332304 -0.026547665130473071 -0.0055249797731944236 0.022026790382274172 -0.0018724479393493626 0.031619625657824155 0.0057922317200744438 0.0044862820793396653 0.018168128768162772 0.022518177040521808 0.014703319275495834 0.0086181098216026094 0.011544762815271652 -0.032715627913313637 0.017674440304752109 -0.010985038567252182 0.016479233768802056 0.0077841978777923211 0.030769142108997602 0.03359080502918739 -0.0086553841822091544 -0.025868159980555819 -0.0054902578121873748 0.023781780516095932 -0.010863551859656312 -0.0024027797445153446 0.027795746506364738 -0.013450716499877981 0.024663529846112406 0.007388158626760755 0.0039506593725825113 0.028161631999877024 0.016713597318272887 0.0042486301961877212 0.020590479649448296 0.020723308493133977 -0.0107250447119797 0.020014990229411195
leaf_weight=1332.2315730098635 40.660145889036357 146.14522585819941 6.1058411858975878 28.936492066830397 67.11855057394132 49.377779268659651 273.34072190336883 273.70728632900864 153.79865858552512 519.11492728232406 394.52928221179172 18.623330153757706 416.98914746951777 7.3297987449914208 54.949152311775833 523.60209266911261 1292.0797216824722 520.05590916995425 15.059305137954651 35.638010902330279 231.17612875043415 384.18900585826486 203.15493965265341 341.36140934820287 19.295937926042825 10.32364725274965 1644.3659761856543 210.783053830266 17.603860993869603 13.852908202446995 15.079188081435857 364.74733698554337 7.3027304820716372 9.6424319492652995 1358.0581071975175 104.83938502101228 52.989130169153214 645.19793028163258 11.918972793268038 35.9208675166592 214.61374961026013 1683.276730534737 557.05301003833301 157.05806327960454 435.70661309361458 265.24214151431806 35.524712816579267 81.567922077840194 12.959295765496789 175.63214126345702 157.43009868147783 40.795864483807236 18.610046263318509 19.083344521466643 516.323392377235 83.532564588123932 12.218496730551122 52.184632653137669 1046.8531068896409 41.971245449967682 272.70595224597491 51.008134510368109 16.584870299324393 384.59151199285407 6.2151086241938165 38.260132093913853 607.86068671569228 259.97019380819984 1867.3533773280215 408.9425950429868 12.866964996326713 8.0536787919700128 1308.5950094922446 190.78680587443523 411.07429316232447 6.2168662073090664 43.984544016420841 320.43603784579318 6.2994844452477983 352.62674648361281 25.980098677100614 7.6175500540994099 326.04573006485589 211.22092892159708 6.6894339616410425 27.832927568349987 307.88407491729595 18.031670391559601 35.882007751613855 6.3411982804536811 494.80323950236198 681.02929371339269 33.078226800309494 135.12484423164278 27.779370290227234 19.726534402463585 1567.4080088527407 624.39356599946041 1050.9142329400638 117.22477798582986 422.19449471891858 5.7256941194646052 465.89655873412266 18.34676030324772 303.65009128418751 321.39691654330818 496.99124809348723 11.545867569744585 9.9883038671687228 1032.3044304565992 12.09558836231008 366.82061155606061 319.92742245248519 14.970593521371482 557.44122870394494 789.72735297423787 626.46539829066023 146.75512583996169 323.05456760036759 306.41239079122897 422.78131531202234 30.350298814242706 277.53677703184076 14.796803262084721 13.96737829223275 765.60003838298144
leaf_count=14557 496 1312 95 202 1484 803 3168 2015 2837 8651 5077 143 3065 174 408 8012 15023 2314 345 431 4497 1812 3546 5096 263 263 19748 3634 320 299 157 2065 270 383 13131 933 1217 8807 287 312 4154 22539 8071 2119 4089 3973 433 1281 154 989 2040 594 250 176 4329 1130 237 734 7499 482 2621 250 252 4922 164 301 3855 2993 10685 6103 280 19 11392 2935 5370 131 576 6521 181 4736 609 393 5900 4569 174 509 4585 180 291 199 7183 12217 348 2761 176 228 26022 10732 15302 1636 5455 190 8363 217 5549 6234 10047 50 155 7185 182 6691 3203 123 12270 7173 10423 2809 4156 6293 6994 824 5772 261 92 13159
internal_value=-5.13932e-05 -0.00879076 0.002842 -0.0184139 -0.00203563 0.00907647 0.00631995 -0.0215193 0.00966211 0.000517653 0.00313732 -0.00197345 -0.00864433 5.30736e-05 -0.00513444 0.00780958 0.00123952 -0.00632969 -0.0162965 -0.00323302 -0.0100026 -0.0135823 0.00833376 0.0012614 -0.00239733 -0.0157354 0.00421861 0.00765856 0.0159246 -0.00166953 0.0021012 -0.00995697 0.00485265 0.00700283 0.00209902 0.0163343 -0.0208414 -0.0083626 -0.0044807 -0.0132278 0.00866583 0.012941 0.00557869 0.0188327 -0.00438585 -0.000223147 -0.0275696 0.0229404 -0.00789946 -0.00252989 0.0139129 -0.0170117 -0.0179497 0.000736635 -0.0263639 -0.0267834 0.0193835 0.0194401 -0.0260513 0.00256954 -0.00923115 0.0109211 0.0196636 0.00511141 0.0208324 0.0188756 -0.0289679 0.0110441 -0.0275283 0.0159978 0.0125975 -0.00146229 -0.019062 0.0129561 -0.00541078 0.0226572 0.0211227 0.0218386 0.0262991 0.00174384 0.0160475 0.023008 0.0239889 0.0198473 0.0107223 0.00030126 0.00118589 -0.0121809 0.0164263 0.0204456 -0.00431192 0.0213472 0.0201831 0.0222915 -0.0178493 0.0244222 0.0176483 0.0211771 0.0137566 -0.00253052 0.0110384 0.0151835 0.0159268 0.0165682 0.0225402 0.0189676 0.0253769 0.00151905 0.0265035 -0.0253854 0.0236377 0.0229509 -0.00939804 0.0254651 0.0269804 -0.0128669 0.0240847 0.000521895 0.00826254 0.0267477 0.0158242 0.0216791 0.0194833 -0.00298871 0.01436 0.0192971
internal_weight=37835 9410.12 28424.9 3880.43 5529.69 7718.66 6019.55 3481.41 1484.47 20706.2 10092.5 10613.7 2472.26 8141.43 4878.83 3262.6 1815.68 4045.21 957.897 3087.32 1947.6 1716.42 1139.72 8158.13 4041.27 1339.46 2701.81 982.779 1057.44 2728.21 1875.58 852.629 4116.86 3339.8 1954.25 478.963 417.736 3896.05 2168.08 1727.97 399.019 3291.34 1411.88 1699.11 777.068 603.793 1060.37 662.912 1188.42 669.313 1385.55 1422.95 1382.15 768.05 2496.15 2467.21 687.156 745.133 1082.77 493.681 985.267 254.163 815.161 451.71 1542.05 252.874 1024.85 1934.4 2383.68 1220.07 1662.89 165.484 1327.21 1650.02 683.78 661.363 1535.84 1486.46 581.345 365.586 1446.92 356.057 371.672 402.008 1248.01 892.77 864.937 822.838 1210.42 673.304 513.887 692.948 378.986 345.908 301.487 348.439 1608.07 661.085 1090.86 1475.28 1241.32 496.075 489.969 484.243 1442.47 641.833 800.641 271.516 336.034 1051.6 644.778 374.123 338.551 341.11 575.045 807.759 638.561 434.893 745.249 326.139 437.841 654.744 287.86 288.138 1064.88 801.482
internal_count=485096 102157 382939 32295 69862 115281 83268 26528 21702 267658 135678 131980 29169 102811 56562 46249 23035 48160 9653 38507 20866 16369 17641 106201 52360 13483 38877 14062 19129 34211 24691 9520 53841 44656 22661 7894 3282 42500 25882 16618 5767 49057 21816 32013 9185 7319 7353 14052 12400 7877 21995 12644 12050 11155 16346 16144 12291 13238 7811 6888 10182 3796 13825 6406 29894 4455 6920 29477 15014 19936 26434 2059 11642 26154 7991 10988 29730 28927 12771 4890 23214 7211 6486 7504 18650 13165 12656 7510 19553 11992 7359 12504 6743 6395 2191 6818 26518 11755 16003 14767 18476 8865 8770 8580 28351 12755 15596 3043 6055 7448 10736 6961 3346 6644 12590 7353 10605 6238 9611 6521 7339 11556 6035 3429 15394 13450
is_linear=0
shrinkage=0.05


Tree=31
num_leaves=127
num_cat=0
split_feature=5 9 8 8 9 9 6 6 6 6 6 9 8 9 5 8 9 5 8 5 6 9 9 8 5 5 8 4 4 4 5 9 5 5 8 4 4 4 6 4 4 6 4 0 4 4 9 8 4 4 0 8 6 2 2 1 3 1 9 3 2 1 9 5 1 8 2 3 8 1 4 2 4 9 9 9 5 3 5 2 8 8 2 3 2 0 3 2 0 6 2 3 0 5 8 2 1 6 4 8 3 8 0 5 3 6 2 5 4 3 2 4 0 8 2 1 0 2 5 8 3 0 4 6 1 6
split_gain=343.347 298.67 240.962 345.779 194.671 119.605 190.542 177.259 81.3433 61.247 37.8502 237.535 114.677 156.85 208.794 211.757 101.907 110.785 97.6123 91.5065 84.4279 231.875 163.27 102.385 189.732 94.5817 52.036 45.4554 37.8994 36.9438 32.3445 30.1618 103.347 79.5426 29.0145 26.5789 25.8656 25.1158 24.5314 24.0868 21.9299 21.3826 19.2434 19.2363 15.625 14.495 17.2738 14.0617 13.8177 13.4018 12.7184 12.2539 16.5344 11.2114 10.6164 9.76062 9.97743 9.65779 9.32902 8.46854 12.7524 8.37301 8.61438 33.5458 8.18109 8.02351 7.97711 7.71709 13.989 7.61741 7.58214 7.15323 7.14375 6.75097 6.72328 7.65194 6.62431 6.53372 6.50396 6.01055 5.97567 5.88605 5.56817 5.52752 5.50272 5.28482 5.25909 5.08243 4.7082 4.53747 5.32141 4.41756 4.37604 4.89933 10.2348 6.72995 4.12192 3.81771 3.7537 3.66322 3.58182 4.2986 6.71994 3.55898 3.51832 3.49715 3.4705 3.38541 3.20675 3.11383 3.01888 2.95029 2.92365 3.18207 2.88737 4.3855 2.70293 2.66508 2.6173 2.60789 3.35308 2.57352 2.52023 2.51433 6.2692 6.55586
threshold=1.0000000180025095e-35 1.0000000180025095e-35 1.5000000000000002 1.0000000180025095e-35 1.5000000000000002 1.5000000000000002 1.5000000000000002 1.5000000000000002 1.0000000180025095e-35 1.0000000180025095e-35 1.5000000000000002 1.5000000000000002 1.5000000000000002 1.5000000000000002 1.5000000000000002 1.0000000180025095e-35 1.0000000180025095e-35 1.5000000000000002 1.0000000180025095e-35 1.5000000000000002 1.0000000180025095e-35 1.0000000180025095e-35 1.0000000180025095e-35 1.5000000000000002 1.5000000000000002 1.5000000000000002 1.5000000000000002 3.5000000000000004 3.5000000000000004 3.5000000000000004 1.5000000000000002 1.0000000180025095e-35 1.5000000000000002 1.5000000000000002 1.0000000180025095e-35 3.5000000000000004 3.5000000000000004 3.5000000000000004 1.0000000180025095e-35 3.5000000000000004 3.5000000000000004 1.0000000180025095e-35 3.5000000000000004 2.5000000000000004 3.5000000000000004 3.5000000000000004 1.5000000000000002 1.0000000180025095e-35 3.5000000000000004 3.5000000000000004 2.5000000000000004 1.0000000180025095e-35 1.0000000180025095e-35 2.5000000000000004 3.5000000000000004 2.5000000000000004 2.5000000000000004 3.5000000000000004 1.0000000180025095e-35 2.5000000000000004 2.5000000000000004 3.5000000000000004 1.5000000000000002 1.5000000000000002 2.5000000000000004 1.5000000000000002 2.5000000000000004 3.5000000000000004 1.5000000000000002 2.5000000000000004 3.5000000000000004 2.5000000000000004 3.5000000000000004 2.5000000000000004 2.5000000000000004 1.5000000000000002 1.5000000000000002 2.5000000000000004 1.5000000000000002 2.5000000000000004 1.5000000000000002 1.0000000180025095e-35 3.5000000000000004 2.5000000000000004 2.5000000000000004 3.5000000000000004 3.5000000000000004 2.5000000000000004 2.5000000000000004 1.5000000000000002 2.5000000000000004 2.5000000000000004 3.5000000000000004 1.5000000000000002 1.0000000180025095e-35 2.5000000000000004 2.5000000000000004 1.0000000180025095e-35 2.5000000000000004 1.5000000000000002 2.5000000000000004 1.0000000180025095e-35 2.5000000000000004 2.5000000000000004 2.5000000000000004 1.5000000000000002 2.5000000000000004 1.5000000000000002 3.5000000000000004 2.5000000000000004 2.5000000000000004 3.5000000000000004 3.5000000000000004 1.5000000000000002 3.5000000000000004 3.5000000000000004 2.5000000000000004 2.5000000000000004 1.5000000000000002 1.0000000180025095e-35 2.5000000000000004 2.5000000000000004 3.5000000000000004 1.0000000180025095e-35 2.5000000000000004 1.5000000000000002
decision_type=2 2 2 2 2 2 2 2 2 2 2 2 2 2 2 2 2 2 2 2 2 2 2 2 2 2 2 2 2 2 2 2 2 2 2 2 2 2 2 2 2 2 2 2 2 2 2 2 2 2 2 2 2 2 2 2 2 2 2 2 2 2 2 2 2 2 2 2 2 2 2 2 2 2 2 2 2 2 2 2 2 2 2 2 2 2 2 2 2 2 2 2 2 2 2 2 2 2 2 2 2 2 2 2 2 2 2 2 2 2 2 2 2 2 2 2 2 2 2 2 2 2 2 2 2 2
left_child=1 42 3 4 38 6 8 9 -4 72 11 20 13 18 44 -16 17 -14 31 114 22 23 57 30 -25 26 81 58 66 -11 48 33 37 122 96 47 -34 109 39 -3 43 73 51 87 100 46 50 -27 -22 83 -5 117 -53 -18 55 106 -57 92 79 -52 -61 62 63 111 -47 -30 -23 71 -69 -62 -8 -58 -7 -6 75 -66 -67 -68 -64 -21 97 -24 88 -17 -36 98 -71 -13 107 -54 -91 -48 93 95 -95 -2 -32 -56 -73 -49 -15 -102 -103 104 -60 -43 -45 -79 121 -33 -35 116 -90 -114 115 -20 -55 -1 -63 -42 -121 -10 -12 -93 -125 -126
right_child=10 2 5 45 41 7 70 -9 108 29 12 40 16 14 15 49 53 -19 19 27 21 28 25 24 -26 35 -28 -29 65 -31 34 32 36 110 84 -37 -38 -39 -40 -41 119 105 -44 54 -46 64 91 99 -50 -51 59 52 89 61 80 56 67 -59 103 60 69 118 78 -65 74 76 77 68 -70 86 -72 85 -74 -75 -76 -77 -78 82 -80 -81 -82 -83 -84 -85 -86 -87 -88 -89 112 90 -92 123 -94 94 -96 -97 -98 -99 -100 -101 101 102 -104 -105 -106 -107 -108 -109 -110 -111 -112 -113 113 -115 -116 -117 -118 -119 -120 120 -122 -123 -124 124 125 -127
leaf_value=-0.01010515115030072 -0.021029824564059288 -0.01983459541352401 -0.010982931096864932 -0.0070541884007387151 0.0010793189850706335 -0.011824566170467139 -0.03295032244288084 0.014794751689878686 -0.0014814890030194162 -0.038195850850070941 -0.018642873641522728 0.013756295487572562 -0.022421998439778767 -0.0095265842344859977 0.0061858471009007925 -0.001773723244106687 -0.0090138253762220202 0.018204162658944732 0.00088562182686958567 -0.01303284117643814 0.01737739697260219 -0.0029407550043759529 -0.002257060221138306 -0.024912229259450649 0.02560966735940003 -0.032524613763509423 0.0085198553150906461 -0.0035353495828992138 0.0041383172891016392 0.0048062046982076077 -0.0055595841334889562 0.0011273062740763951 -0.022920347898584745 -0.010707497717242512 0.016769555504299403 0.0053505816542421206 0.018053579696825681 -0.014321693353423565 -0.0069258034063200934 0.0080686119894810161 0.010657223354690555 0.019810758246578051 -0.0029515829017071164 0.016451216020478412 -0.012253558975734361 0.049649247481972913 -0.0040428303868531058 -0.015690915401089075 -0.0047929410503182402 -0.0024331073946990845 0.00034959704195358497 0.00046881156496879491 0.011589748797413405 0.0093445620128544092 0.022709717266011415 0.0022846391853846631 0.00012555303284305893 -0.039806029280134464 0.0064351356542650152 -0.03919317652115055 -0.029366750358991833 -0.040261592205057165 0.011654012165060505 0.0061315371401964988 -0.002652009954703828 -0.0037216376031283162 -0.0041850117408920402 0.012653923548708061 -0.056715028767467049 0.027992803254050125 -0.01165074884438522 -0.011659789937013547 0.023237070106325614 -0.014072146914379339 0.029813592295940734 -0.04004866872290716 -0.025952118940241926 -0.010804476901672196 0.019579603781425866 0.030069710662771344 -0.043234904873403139 -0.012545453476800549 -0.013175348022463602 -0.026273864005155575 -0.0099918146308707288 0.0018294766855362903 0.0048560411699979256 -0.0066336282464033855 0.016277961850630317 -0.022773804752248619 0.023030709134241576 0.0082300238652858841 -0.02067823230722023 0.023727135226976583 0.0039949805636560641 0.017995713595073088 0.018543592716118874 -0.017191337937500925 0.018516291708408933 -0.023404800602416859 0.0076675763381024026 -0.0031786132464085163 0.016102449544562435 -0.0058526756717542216 0.021137440080775172 -0.00042808174386119841 -0.00083016490468483268 0.014575330746704269 0.0057257934833622147 0.028935889659887894 0.023322194312179672 0.0061535445189439524 -0.013597744029802386 0.016999860884062364 -0.023534860917144858 0.029291468419659718 0.024090066331274002 0.018559538575588324 -0.0040179790579951578 0.024240911397414269 -0.003686526544006077 0.021216783902619829 -0.00081063233923889364 -0.032943353192751518 0.020599449595057592 0.01068015839870874
leaf_weight=7.6086225789040318 10.49239471182227 3132.5941709936596 420.69569965917617 34.953559292946011 1575.6054738191888 222.98922221362591 560.6119112726301 212.93977776519023 12.743554505519567 1558.0241819797084 216.89558337908238 40.274896488524973 467.7888429556042 20.89888792228885 732.73773212917149 23.454580337041989 55.466419473756105 260.45520831237081 1279.2064026367152 7.7294293399900189 404.18396168411709 60.481617014622316 170.23575954430271 1115.5542390906485 222.08968416205607 376.63657416473143 563.34725022909697 183.83092226879671 192.00520934024826 51.381759768817574 19.893522942438722 10.809221793431787 661.54987703706138 6.1406728709116569 19.091666501946747 78.42811038531363 40.177172505529597 45.175619308138266 472.45589979144279 78.793255536817014 49.053195770829916 181.26593762077391 192.05146888503805 39.097620924469084 79.734524903120473 6.5727768242359152 43.187351252418011 266.86601638514549 84.573651710525155 62.619322296231985 36.069449924165383 313.94535639765672 354.24150288361125 35.346116582863033 10.811679589562118 108.78814141638577 55.651786328759044 7.5504568614996961 44.391690578311682 6.7023024670779696 5.3149802275001994 6.9514570981264123 391.02617824694607 1024.6374473124743 113.26523271598853 99.404863792937249 41.736528008244932 27.607253958471119 8.7524041943252069 505.96677940327208 46.672968066763133 9.711737697478382 14.620510772569103 76.115172429941595 12.574956389376892 14.586342273978515 49.875413379631937 27.890110893407837 802.23090226389468 408.50752628128976 9.4684302471578139 769.34931350150146 15.94738177070394 1906.8873370420188 502.90398483560421 48.86932995216921 26.301379981683567 116.81342296372168 2723.3670342603 5.8148289937525979 173.35888334154151 293.78914800146595 8.2764599723741394 89.355202833656222 243.02605040150229 511.8645419512759 137.04347559739836 11.189075864385813 3432.4009787734831 401.66463368851691 490.85207539750263 49.710727015510201 465.04686756525189 12.883977599209173 688.30854686431121 24.128098023124039 105.14509796630591 23.103202569298446 40.95326032768935 163.88537594932131 264.07041726226453 28.505703272065148 16.782371153123677 15.277459419332443 10.920211421325801 12.735184360295532 427.29107447713614 777.49285700020846 14.023187216371298 10.402221865020691 188.01322667778004 415.60847452562302 21.898280769120902 6.2106303113978347 259.04556190303992 478.59108410531189
leaf_count=229 185 23341 3753 415 18390 2721 2605 3820 139 7304 1520 351 4544 356 9512 484 866 4287 18395 181 8051 967 2528 7701 3488 1436 7538 1947 2868 517 154 161 5666 119 149 1153 698 600 5673 1876 723 3446 2036 430 739 39 689 3065 772 570 773 4113 5299 309 112 1271 749 169 371 159 124 127 6428 13862 1679 1104 815 398 134 10050 345 111 178 431 245 456 634 559 14785 8718 291 6964 406 12457 5906 651 313 1701 43354 62 3416 4056 194 1472 3142 8416 2403 277 61922 3553 6816 443 6978 89 9951 577 1244 291 659 3531 4875 774 246 151 157 97 7631 13580 184 83 2543 7505 177 176 5355 6654
internal_value=-4.8214e-05 -0.00671796 -0.00984106 -0.00468971 -0.0109298 -0.0205298 -0.00976665 -0.0283446 0.00496912 -0.0333234 0.00336248 0.00515071 0.00124284 -0.00209574 -0.00935841 -0.0167921 0.00875803 -0.00788708 0.00472747 0.0104107 0.000654166 0.00436869 -0.00547536 -0.00707249 -0.0165112 -0.0116945 -0.003486 0.0195504 0.013145 -0.0368208 0.00374485 -0.00579391 -0.0111851 0.00397016 -0.00331551 -0.0226613 -0.020552 0.0186675 -0.0175825 -0.0191477 0.0149036 0.00226926 0.0120059 0.0157917 0.00895622 0.0140653 0.01537 -0.0247664 0.0135391 -0.0252391 0.0220604 0.0137663 0.00957755 0.013111 0.0164882 0.0167261 0.0172247 0.0132798 0.0232031 0.023823 0.0253751 0.0135637 0.0138091 0.011292 -0.000990166 -0.00261559 0.0149844 0.0176775 -0.00511551 0.0262514 -0.0313352 0.0179126 -0.00957882 0.000373012 -0.00369469 -0.00719622 -0.0112722 0.0153639 0.0169943 0.02924 -0.0121318 -0.0106858 0.0156543 -0.0259772 -0.00898284 0.018196 0.0268608 -0.00135203 0.0158228 0.0149277 0.021426 0.0115442 0.0137898 0.0141474 0.0093549 0.0171731 0.0154724 0.0025518 0.0184278 -0.0203536 0.010614 0.0110416 0.0142379 0.0197983 0.0202567 0.0174427 0.00393505 0.000753359 0.0192618 0.0272314 0.0225122 0.0220236 0.0161013 0.0010561 0.000962956 0.00118807 0.0229861 0.0182692 -0.0173155 0.000454891 -0.00210817 0.0205396 -0.0170178 0.0121963 0.0137496 0.0141868
internal_weight=37731 12765.8 10941.3 7384.09 5540.96 3557.24 1497.29 2059.96 890.001 1847.02 24965.1 13540.3 11424.8 7911.06 3831.94 2725.7 3513.72 728.244 4079.12 2648.51 9268.3 5771.21 3497.09 2505.33 1337.64 2626.53 1502.93 1345.65 3265.87 1609.41 1167.69 1430.6 921.597 509.005 678.933 1123.6 701.727 219.87 3683.84 3211.39 4272.05 1857.11 1824.51 4024.58 1106.24 1843.13 1696.13 1045.17 488.758 1992.96 615.308 1632.46 847.361 2785.48 3867.49 3836.02 3691.78 870.565 1161.82 580.355 544.285 2730.01 2709.04 1515.78 146.999 341.285 2924.59 3582.99 36.3597 537.583 607.285 3546.63 237.61 1651.72 140.427 127.852 149.28 2864.1 1193.26 416.237 31.4692 939.585 2822.37 1930.34 521.996 3490.98 532.268 157.088 2806.42 533.415 179.174 1080.82 863.015 854.738 332.381 522.357 156.937 22.0008 3442.11 668.531 1026.51 1005.61 514.758 745.584 732.7 205.394 144.243 50.9933 469.305 174.695 270.211 491.143 2755.43 32.0598 1302.86 1291.94 462.637 785.101 20.9746 247.469 198.415 428.352 238.794 1037.64 743.847 737.637
internal_count=485428 143198 114463 84917 53734 29546 15006 14540 12056 10720 342230 192825 149405 95608 38355 23023 53797 8831 57253 39906 119834 80019 39815 28624 11189 26237 17030 21257 51395 7821 17435 17347 10656 6691 8612 9207 6364 4292 30890 25217 72991 22844 28735 69642 15332 31183 28764 8054 8823 13511 11834 26699 12890 44966 67590 66910 65236 13578 19310 11419 10646 44100 43789 22576 2419 4606 46789 63965 532 10487 2950 63433 2899 18821 2380 2135 1738 45822 21213 8899 680 9492 45007 12941 6055 62684 10363 2052 44601 8777 3478 16930 13409 13215 4614 8601 2557 389 62033 6618 14593 14237 7421 10411 10322 4023 1674 850 8303 3692 4994 8714 43751 397 18649 18492 7940 13809 311 3349 2626 7644 1697 16241 12185 12009
is_linear=0
shrinkage=0.05


Tree=32
num_leaves=127
num_cat=0
split_feature=5 7 9 6 6 8 9 6 8 9 5 8 7 8 9 6 6 7 7 9 8 9 7 6 7 6 8 7 9 9 7 6 9 7 4 5 8 8 8 9 5 8 8 9 8 6 4 8 4 9 6 4 9 8 5 6 6 6 2 8 1 3 4 9 7 6 6 8 9 6 5 8 8 7 9 6 4 3 4 8 6 9 2 9 7 6 7 6 6 5 8 8 4 6 4 7 4 6 3 3 9 6 5 1 4 4 2 8 6 1 1 1 3 6 6 3 5 4 8 6 8 9 3 6 7 6
split_gain=204.971 190.549 479.249 211.735 242.807 159.474 124.859 253.82 114.994 113.384 103.807 103.121 163.564 88.008 131.628 122.636 120.692 101.87 86.4759 126 87.6044 82.1593 71.2015 68.5749 67.784 66.7031 62.472 108.507 71.7812 60.4231 53.3051 73.9446 65.7026 53.1959 46.1492 45.0005 149.072 92.1862 49.0498 39.435 38.0571 182.136 87.2702 36.1165 35.6641 85.6772 33.019 30.4536 29.5596 29.2519 28.6296 25.787 25.1002 24.792 33.1799 22.9478 21.6599 19.0218 18.798 18.7596 18.5339 17.1676 17.0231 16.9364 15.6817 102.28 19.9396 61.1884 79.9838 15.0575 47.514 27.0391 22.5189 14.9668 18.7751 14.9363 14.8529 13.9359 13.3039 13.1325 12.9619 13.9231 12.5743 12.4744 12.2638 11.8752 11.6683 11.6557 11.3788 11.0834 27.1791 12.5004 14.8411 10.8789 10.6279 10.1359 11.8094 10.0747 9.64611 9.45796 9.34587 8.54974 8.22468 8.19766 8.01143 7.95922 7.27476 6.70389 6.66628 6.35308 6.32338 6.13251 5.94945 5.9295 5.67413 6.28487 5.61804 5.56169 5.48044 5.37111 5.34905 5.32758 5.4829 5.18986 11.1758 5.04535
threshold=1.0000000180025095e-35 1.5000000000000002 1.5000000000000002 1.5000000000000002 1.0000000180025095e-35 1.0000000180025095e-35 1.5000000000000002 1.0000000180025095e-35 1.0000000180025095e-35 1.0000000180025095e-35 1.5000000000000002 1.5000000000000002 1.0000000180025095e-35 1.5000000000000002 1.0000000180025095e-35 1.5000000000000002 1.5000000000000002 1.0000000180025095e-35 1.0000000180025095e-35 1.5000000000000002 1.5000000000000002 1.0000000180025095e-35 1.0000000180025095e-35 1.0000000180025095e-35 1.0000000180025095e-35 1.0000000180025095e-35 1.0000000180025095e-35 1.0000000180025095e-35 1.0000000180025095e-35 1.0000000180025095e-35 1.5000000000000002 1.5000000000000002 1.0000000180025095e-35 1.0000000180025095e-35 3.5000000000000004 1.5000000000000002 1.5000000000000002 1.5000000000000002 1.0000000180025095e-35 1.0000000180025095e-35 1.5000000000000002 1.5000000000000002 1.5000000000000002 1.0000000180025095e-35 1.5000000000000002 1.5000000000000002 3.5000000000000004 1.5000000000000002 3.5000000000000004 1.5000000000000002 1.0000000180025095e-35 3.5000000000000004 1.5000000000000002 1.0000000180025095e-35 1.5000000000000002 1.5000000000000002 1.0000000180025095e-35 1.5000000000000002 2.5000000000000004 1.5000000000000002 3.5000000000000004 3.5000000000000004 3.5000000000000004 1.0000000180025095e-35 1.0000000180025095e-35 1.5000000000000002 1.5000000000000002 1.5000000000000002 1.0000000180025095e-35 1.5000000000000002 1.5000000000000002 1.0000000180025095e-35 1.0000000180025095e-35 1.5000000000000002 1.5000000000000002 1.0000000180025095e-35 3.5000000000000004 2.5000000000000004 3.5000000000000004 1.0000000180025095e-35 1.5000000000000002 1.5000000000000002 3.5000000000000004 2.5000000000000004 1.0000000180025095e-35 1.0000000180025095e-35 1.0000000180025095e-35 1.5000000000000002 1.5000000000000002 1.5000000000000002 1.5000000000000002 1.0000000180025095e-35 3.5000000000000004 1.5000000000000002 3.5000000000000004 1.0000000180025095e-35 3.5000000000000004 1.0000000180025095e-35 2.5000000000000004 2.5000000000000004 1.0000000180025095e-35 1.5000000000000002 1.5000000000000002 2.5000000000000004 3.5000000000000004 3.5000000000000004 2.5000000000000004 1.5000000000000002 1.0000000180025095e-35 2.5000000000000004 3.5000000000000004 2.5000000000000004 3.5000000000000004 1.5000000000000002 1.5000000000000002 2.5000000000000004 2.5000000000000004 3.5000000000000004 1.5000000000000002 1.0000000180025095e-35 1.5000000000000002 2.5000000000000004 2.5000000000000004 1.5000000000000002 1.5000000000000002 1.5000000000000002
decision_type=2 2 2 2 2 2 2 2 2 2 2 2 2 2 2 2 2 2 2 2 2 2 2 2 2 2 2 2 2 2 2 2 2 2 2 2 2 2 2 2 2 2 2 2 2 2 2 2 2 2 2 2 2 2 2 2 2 2 2 2 2 2 2 2 2 2 2 2 2 2 2 2 2 2 2 2 2 2 2 2 2 2 2 2 2 2 2 2 2 2 2 2 2 2 2 2 2 2 2 2 2 2 2 2 2 2 2 2 2 2 2 2 2 2 2 2 2 2 2 2 2 2 2 2 2 2
left_child=5 6 34 4 -4 9 10 11 -6 75 26 53 -13 15 16 21 84 63 20 30 43 24 69 104 25 -12 27 -2 46 -19 31 -20 -33 52 47 37 79 38 -5 76 41 -10 -42 113 101 85 87 60 59 51 -22 55 78 54 58 61 73 -49 -8 123 112 -45 88 -17 65 -28 82 -68 -69 72 71 -71 -9 -35 -75 -1 -32 -55 108 -37 -52 -82 -66 -60 -15 -46 -16 -29 97 106 91 -91 -93 -51 125 -25 -97 -30 -31 -81 -67 119 -14 -79 -23 -26 -24 -73 -11 -36 -108 -77 -3 -7 115 -61 -101 -100 -72 -41 -34 122 -58 -21 -125 -88
right_child=1 2 3 35 8 18 7 22 40 33 13 12 102 14 86 17 -18 29 19 48 50 23 89 95 105 -27 64 28 62 98 39 32 120 56 109 36 -38 -39 -40 44 42 -43 -44 49 45 -47 -48 57 -50 93 80 -53 -54 77 -56 -57 121 -59 83 114 -62 -63 -64 -65 66 100 67 68 -70 70 118 107 -74 74 -76 111 -78 103 -80 99 81 -83 -84 -85 -86 -87 94 -89 -90 90 -92 92 -94 -95 -96 96 -98 -99 117 116 -102 -103 -104 -105 -106 -107 110 -109 -110 -111 -112 -113 -114 -115 -116 -117 -118 -119 -120 -121 -122 -123 -124 124 -126 -127
leaf_value=0.0023869949650337143 0.012726366343740376 0.019360579744128983 0.020800671222179851 0.0046479630834547689 0.0087546551794051384 0.0010727988358314258 0.033084640314930823 -0.012524626753507021 -0.036113575249287377 0.029134036516872842 -0.030848204496034665 0.029457747081586241 -0.013792080259582437 0.010133593177185624 0.020896329424963982 0.025643702219332598 0.019701508131353129 -0.048849304866391774 -0.0012910609095139994 0.010442031382200479 0.024951459402874198 0.024423051900706243 -0.0038367940674136889 -0.012505009489106756 0.019296420293789949 0.019449980206427048 -0.010129375353399408 0.0092267516500817038 0.0099286111437195523 0.0058662316970132383 0.03068942984106935 -0.039677135444000484 -0.0031848389321796275 0.0065532877554815797 -0.034903670745846167 0.013333570433019741 -0.0079502448198139255 0.026644037460535081 -0.022308894747633198 -0.0079295439944132122 -0.015282956022356431 0.022745461451034912 -0.042181930089497777 -0.04382849336403169 -0.00068913010163125792 0.030474443392681318 -0.025687389357006509 0.017204400864347959 -0.0095553651684382405 -0.0045573611230941202 0.0039433384812992845 0.010677093596219999 0.016645091392245483 0.0013598385351434455 0.016685342106879327 -0.0051901255159708193 -0.028406337857451031 0.0063764327028621448 -0.024879320912506674 -0.018038759145131002 -0.029035465141314692 0.0032385734274672979 0.014597175123359575 -0.0073901506034783227 0.0037017881333396441 0.033244903204684609 0.006829045376398374 0.023838740850811835 -0.034919816461669521 0.014397512816511335 0.028462539269472942 -0.017562825631984892 0.0091853772175065473 0.012370643677596847 -0.03274614136125352 0.0075958291660302314 -0.0013699304679630172 0.0050116666729210927 0.0076653429636605475 -0.0099555834964073272 0.027258589572669797 -0.0161679640175625 -0.053367808986321874 0.026744986508987351 -0.031283237796872643 -0.028019382506164481 0.012577224582269063 0.037442294932572583 -0.013119541777259606 0.0089054524550196672 0.00011034424574647613 0.026791557292747195 -0.011553693218309161 -0.021255319672302497 -0.014871244942974197 -0.026130999929043382 -0.0011597655833933771 -0.02723571726564078 -0.02808941050433314 0.026395185595181628 0.014154982209276494 0.0050053194819679424 -0.028746684394236804 -0.030279760453421095 -0.0021401909902998197 -0.0096219670793621093 0.018260316758758142 -0.033517905888968427 0.0080010461364155658 0.0017116255642716086 -0.024949631698891209 -0.021149245912077581 -0.0091929329385318642 0.035514660030383581 0.016993644970727046 0.030766304510414951 -0.015433532003963158 -0.0046053096651715994 0.007881827097586799 0.027361798299472995 0.019394547214527744 -0.0082625737541454618 0.014286804009371559 0.012987938712773395 0.032290922704298536 0.0036600362096403205
leaf_weight=1134.1272128592245 342.76629784645047 2749.7353678834625 347.24588290374959 238.46875141584314 236.11172213731334 124.01673526642844 15.046286359429358 159.98490326758474 420.39701249659993 1094.862128824112 197.69524412695318 298.05388844572008 327.47540484229103 18.009797333041206 166.42727772262879 44.914640672737733 153.35244620428421 483.64382135821506 1124.4689014996402 475.21110171684995 129.43305495055392 90.181039695162326 39.174209266435355 222.36355425836518 368.67156939918641 97.813382384949364 1703.1674488181015 119.5643920218572 18.116104683838785 22.253161752596498 195.00257100746967 281.24168968666345 102.02274726820178 103.93684495228808 11.083853217307476 622.33572411793284 1065.6299816584215 163.54929375625215 573.67976340325549 11.378961763810365 462.5761023266241 190.20337090315297 873.97223209030926 309.48227863688953 48.275148792890832 100.91209352447186 56.751925519667566 644.46830961527303 101.4272660522256 186.32873071543872 441.913239632966 31.583021537866443 1148.2166219743085 38.349389615468681 77.135661498876289 52.428144001401961 6.7595355436205855 1097.1312101917574 276.73642649617977 6.1170379840768865 19.235969592584297 20.521852673962712 28.101417380850762 249.63242250587791 2040.9452162674279 81.210307104163803 409.8876837650314 73.596671917708591 260.81415690574795 51.465178771642968 56.305602381937206 149.74390254868194 462.31007432006299 31.816510250791907 78.750093705020845 22.173687117407098 44.189831683412194 16.559511752799153 83.928889585193247 18.866630028933287 19.746828741859645 172.24256310099736 8.701426513027398 11.427540975622831 570.03495220807963 225.32245636777952 307.59301108308136 52.394966321066022 191.78548139333725 265.98090182547458 399.78348661540076 297.27282884600572 27.016002659453079 205.30764334951527 54.367423986084759 780.19344766484573 50.502707752864808 964.89627341600135 742.91340985777788 465.38306785048917 309.94270730880089 100.39975992846303 129.50979337980971 739.18870019493625 40.995237815193832 24.845914692268707 1205.7189063117839 123.74624064122327 39.56983373593539 604.68764769867994 7.7018733290024093 100.29121717484668 17.821723208995536 12.905661351513116 121.61994044715539 334.28652226552367 7.5582068227231494 26.543158671353012 76.82238283008337 122.72061353852041 34.212141227442771 29.267386367544532 425.38489173317794 275.3904112004675 103.60337202297524 328.81862806831487
leaf_count=13968 5741 45848 7182 2591 3629 1718 62 2367 2208 22269 893 6820 3295 428 3225 731 1979 2138 13927 8099 2555 2040 585 1833 6319 1566 17690 2215 218 184 3817 1258 1179 1857 198 8469 11251 3561 3869 296 3973 2962 3551 1763 1092 2014 334 11512 1230 2122 6274 535 17530 294 1199 587 190 15801 2904 97 405 203 589 2708 28520 2065 6822 1324 1777 1089 1261 1028 6343 587 603 201 307 146 1825 447 400 872 320 64 2890 1408 4910 849 1303 3507 5196 5531 299 1615 740 4428 566 5713 4107 9952 4766 1575 792 5016 542 316 19351 658 600 7353 294 940 336 251 2828 7798 78 314 1371 2634 535 135 8165 3591 1621 4616
internal_value=-0.000202091 -0.0023959 0.00278488 -0.00721892 -0.0179902 0.00600978 -0.00570476 0.000699887 -0.0241666 0.0132272 -0.00857875 -0.0137203 0.000697544 -0.0139912 -0.00429268 -0.0184915 -0.0197067 -0.0287961 0.000380938 0.00457197 -0.00897116 -0.00984496 0.00907443 -0.017827 0.00387982 -0.0141901 -0.00448153 -0.0125148 -0.0185629 -0.0349128 -0.00243337 -0.00796968 -0.0259124 0.0184441 0.0138416 0.00142202 0.0054163 -0.00749789 -0.0143977 0.00762862 -0.0281611 -0.0177716 -0.0328906 -0.0191597 0.000860543 -0.00870725 0.00708782 0.0155876 0.0163763 -0.0231904 0.00361831 -0.032451 0.0219766 -0.0229821 -0.0124373 -0.0360313 0.00606177 0.0103908 -0.0198765 0.0183803 0.0188304 -0.0409006 -0.0234418 -0.00228319 -0.00156359 -0.00483348 0.000888341 -0.00611599 -0.0219558 -0.00146989 -0.00834033 -0.0186325 0.00359284 -0.00704335 -0.0197689 0.000591077 0.0247855 -0.0280107 0.0269834 0.0181965 -0.000770029 -0.0115833 0.0034336 -0.0227467 -0.0299997 -0.0232171 0.00904634 0.0179906 -0.0243633 0.0141525 0.0101804 0.016989 0.0235714 -0.0133428 0.00616528 -0.022073 -0.0246161 -0.0265414 -0.0263483 0.0243105 0.0181931 0.016113 -0.0180837 -0.0295009 0.0161681 0.0174508 0.0172814 -0.0248778 0.0284046 0.00099703 0.0179657 -0.0159253 0.0191735 0.00455309 0.0265017 0.029839 0.0256956 -0.0272863 0.0167336 0.0243306 0.00258544 0.0121562 0.013555 0.0139617 0.0183358 0.0079829
internal_weight=37599.9 27787.1 10830.1 5685.98 2530.51 9812.8 16956.9 5252.51 2183.26 4299.08 11704.4 1929.48 755.039 5041.77 1598.6 3443.16 741.397 1569.9 5513.71 3807.8 1705.91 1873.26 3323.03 1184.24 689.026 295.509 6662.64 1774.38 1431.61 1275.35 2390.15 1541.95 417.477 3042.49 5144.16 3155.47 2179.77 975.698 812.149 848.201 1947.15 610.6 1336.55 942.574 609.009 374.51 228.711 4528.39 1417.66 805.652 763.336 414.015 2366.58 1174.44 380.346 382.432 675.915 1741.6 303.21 1316.23 2786.79 330.004 1202.9 294.547 4888.27 2094.32 2793.95 744.299 334.411 1080.38 458.083 324.955 622.295 214.503 110.567 1256.59 239.192 794.098 1218.36 1114.14 633.903 191.989 2049.65 288.164 588.045 273.598 857.206 171.959 1174.8 2242.65 990.053 590.27 324.289 391.636 690.779 1053.06 830.696 983.012 791.71 491.808 391.153 234.499 456.985 755.748 131.176 393.517 1252.59 273.49 1134.43 615.772 1213.42 122.465 2767.56 136.922 462.024 340.404 472.941 769.457 133.128 134.1 136.235 461.412 432.144 854.205 378.994 636.412
internal_count=485438 342367 145176 63723 23505 143071 197191 69472 16323 68870 127719 20592 10907 47473 18788 28685 5297 10182 74201 55306 18895 18503 48880 9409 9094 2459 80246 16962 11221 6743 30042 16899 2972 53761 81453 40218 30197 10021 6460 13143 12694 5170 7524 8794 9019 4514 3398 73902 25264 6825 10101 3088 42224 9685 4229 2553 11537 27313 3030 24034 46589 1966 7823 3439 63284 24521 38763 9923 3101 14117 5407 2775 8710 3047 1190 15109 4124 5456 24694 18946 7546 1272 28840 2968 3318 2500 13491 3064 7234 34763 14533 9337 5830 3737 10266 6827 4994 5931 4605 10477 6831 4505 4087 5162 2582 6635 20230 1686 22869 7551 19645 1141 46184 1969 10723 7895 10030 4421 2632 2930 1714 8490 8355 13311 5212 9526
is_linear=0
shrinkage=0.05


Tree=33
num_leaves=127
num_cat=0
split_feature=7 9 9 5 5 8 6 8 5 6 5 9 4 5 8 6 8 6 6 6 8 5 6 6 8 8 4 6 7 8 5 5 6 6 6 8 8 6 6 8 7 5 8 6 8 8 7 9 6 8 5 5 6 8 4 4 5 3 6 8 5 6 6 6 7 8 6 6 8 6 4 4 8 1 8 4 8 2 4 3 6 6 4 4 8 1 2 6 6 6 1 3 9 6 6 6 1 3 6 4 3 3 5 6 8 2 3 4 3 6 5 6 7 1 5 4 2 8 6 2 2 4 3 4 5 1
split_gain=270.131 287.894 236.774 224.758 204.056 198.541 128.284 118.981 101.194 93.375 90.4188 306.403 81.388 73.5358 295.933 228.7 162.556 101.194 91.2262 71.2749 65.4987 64.824 60.9257 131.425 93.0139 61.8992 59.0148 57.4025 55.7277 153.269 57.5915 45.2306 165.338 61.1122 101.157 111.111 56.1661 235.948 154.588 50.1761 41.3361 38.3508 89.2886 59.7833 37.9003 34.252 31.4463 66.9094 30.9216 39.1213 31.4964 29.1782 28.9064 27.2117 26.8456 26.6628 26.4289 19.9034 19.7565 19.6223 36.498 31.5872 24.8449 18.9211 17.6034 17.5585 15.3845 15.2158 15.0552 14.6407 14.3844 14.2984 14.0758 13.5501 12.7707 12.6386 12.5357 11.5243 11.5228 10.3197 9.62492 9.60002 9.30762 8.78831 8.4987 8.49736 8.64758 7.78102 7.7683 9.39496 7.53552 7.45407 7.0946 10.3971 18.8991 9.47733 6.73081 6.40801 6.20999 6.13798 6.13774 6.06988 5.8558 5.74729 5.48589 5.45345 5.37079 5.15464 5.61631 4.92325 5.42931 4.85349 4.84354 4.8174 4.77694 14.3652 4.70072 4.66555 4.64303 4.62275 4.49334 4.39666 4.83531 4.22034 4.09075 3.90455
threshold=1.5000000000000002 1.5000000000000002 1.5000000000000002 1.0000000180025095e-35 1.5000000000000002 1.5000000000000002 1.5000000000000002 1.0000000180025095e-35 1.0000000180025095e-35 1.5000000000000002 1.5000000000000002 1.0000000180025095e-35 3.5000000000000004 1.5000000000000002 1.0000000180025095e-35 1.5000000000000002 1.0000000180025095e-35 1.5000000000000002 1.0000000180025095e-35 1.0000000180025095e-35 1.5000000000000002 1.5000000000000002 1.0000000180025095e-35 1.5000000000000002 1.0000000180025095e-35 1.0000000180025095e-35 3.5000000000000004 1.5000000000000002 1.0000000180025095e-35 1.0000000180025095e-35 1.0000000180025095e-35 1.0000000180025095e-35 1.0000000180025095e-35 1.5000000000000002 1.0000000180025095e-35 1.5000000000000002 1.5000000000000002 1.5000000000000002 1.5000000000000002 1.5000000000000002 1.0000000180025095e-35 1.5000000000000002 1.5000000000000002 1.5000000000000002 1.0000000180025095e-35 1.0000000180025095e-35 1.0000000180025095e-35 1.0000000180025095e-35 1.5000000000000002 1.5000000000000002 1.0000000180025095e-35 1.5000000000000002 1.0000000180025095e-35 1.0000000180025095e-35 3.5000000000000004 3.5000000000000004 1.0000000180025095e-35 2.5000000000000004 1.5000000000000002 1.0000000180025095e-35 1.0000000180025095e-35 1.0000000180025095e-35 1.0000000180025095e-35 1.5000000000000002 1.0000000180025095e-35 1.5000000000000002 1.5000000000000002 1.0000000180025095e-35 1.0000000180025095e-35 1.5000000000000002 3.5000000000000004 3.5000000000000004 1.5000000000000002 2.5000000000000004 1.0000000180025095e-35 3.5000000000000004 1.0000000180025095e-35 2.5000000000000004 3.5000000000000004 2.5000000000000004 1.0000000180025095e-35 1.0000000180025095e-35 3.5000000000000004 3.5000000000000004 1.5000000000000002 3.5000000000000004 2.5000000000000004 1.0000000180025095e-35 1.0000000180025095e-35 1.5000000000000002 3.5000000000000004 2.5000000000000004 1.0000000180025095e-35 1.0000000180025095e-35 1.5000000000000002 1.0000000180025095e-35 2.5000000000000004 2.5000000000000004 1.5000000000000002 3.5000000000000004 3.5000000000000004 2.5000000000000004 1.5000000000000002 1.5000000000000002 1.5000000000000002 2.5000000000000004 2.5000000000000004 3.5000000000000004 2.5000000000000004 1.5000000000000002 2.5000000000000004 1.0000000180025095e-35 1.0000000180025095e-35 2.5000000000000004 1.5000000000000002 3.5000000000000004 3.5000000000000004 1.0000000180025095e-35 1.0000000180025095e-35 2.5000000000000004 2.5000000000000004 3.5000000000000004 3.5000000000000004 3.5000000000000004 1.0000000180025095e-35 2.5000000000000004
decision_type=2 2 2 2 2 2 2 2 2 2 2 2 2 2 2 2 2 2 2 2 2 2 2 2 2 2 2 2 2 2 2 2 2 2 2 2 2 2 2 2 2 2 2 2 2 2 2 2 2 2 2 2 2 2 2 2 2 2 2 2 2 2 2 2 2 2 2 2 2 2 2 2 2 2 2 2 2 2 2 2 2 2 2 2 2 2 2 2 2 2 2 2 2 2 2 2 2 2 2 2 2 2 2 2 2 2 2 2 2 2 2 2 2 2 2 2 2 2 2 2 2 2 2 2 2 2
left_child=2 3 10 91 28 12 19 21 9 67 46 22 13 16 17 -16 58 18 -15 114 55 125 24 45 -12 -25 41 -23 29 30 -4 33 -33 34 35 -30 38 -38 54 74 -26 42 -10 80 -40 -24 47 56 59 -50 -51 70 -18 96 105 76 -1 -17 -5 62 61 65 -49 73 -47 121 -54 -9 -58 71 -21 85 -36 77 -35 111 103 -31 102 -78 -44 -75 -63 -65 -69 86 -48 -32 -22 -90 101 -2 93 -93 -95 -94 -6 -88 -97 104 -71 -43 -8 -13 -27 -34 -19 108 -70 110 120 -55 -77 -99 123 -116 -115 -100 -98 -110 -103 -61 -123 -7 -64 -3
right_child=1 7 4 5 53 6 78 8 26 -11 11 20 -14 14 15 57 52 106 -20 51 88 27 23 25 40 99 -28 -29 31 63 87 32 36 39 72 -37 37 -39 44 -41 -42 90 43 -45 -46 64 69 48 49 50 -52 -53 66 75 -56 -57 68 -59 -60 60 -62 82 124 83 -66 -67 -68 84 107 100 -72 -73 -74 81 -76 112 79 -79 -80 -81 -82 -83 -84 -85 -86 -87 97 -89 89 -91 -92 92 95 94 -96 98 118 113 117 -101 -102 109 -104 -105 -106 -107 -108 -109 119 -111 -112 -113 -114 116 115 -117 -118 -119 -120 -121 -122 122 -124 -125 -126 -127
leaf_value=0.012142497104197883 -0.016553409489872162 -0.021046146640937805 -0.011414722457621996 -0.034873918131796681 -0.034731067255703039 -0.00073175306005919397 0.017211075827923784 0.027607265648007778 0.027720809420286416 -0.025655489069721951 0.023444550501421368 0.028050118591896579 0.0050830604821421486 0.034800878092291203 0.008516539936019132 0.0032033011924239873 0.026312038248906253 0.0036521541256240423 -0.02326405212081048 -0.026915169093858566 0.017403468603915829 0.0093074877447609696 -0.0092270247803624885 0.029205509639599343 0.029151803640169834 -0.020269727589171522 -0.014488482210458165 -0.01602251349720003 0.0087715683976315705 0.0093555013067899151 0.025279793933263142 0.022444188963533271 -0.006351217875872138 0.017837518706517227 0.0075152283753432683 -0.053964038347242317 -0.033165637566937585 0.028384773499378207 -0.030239377059416359 0.012687722067656516 -0.038273683841247623 -0.0021644140916166365 0.021144600321083576 0.019137723659856779 -0.0084835450363382053 0.0048435026101221077 0.00043732272574252231 0.005778849055569777 0.0076607365703691387 0.038787860088028273 -0.021076262393575927 -0.0012803753956157811 -0.010307666934499688 0.024684940093279865 -0.01204832388729434 0.0034348100119155978 -0.0052415033170835875 -0.033414655217369457 -0.015839961181051767 0.016462428302514206 0.020781161618552781 0.019219601771212749 0.0063676246019677479 0.029115126962908508 0.025827461116713427 -0.019442199619472893 0.0039867955301735531 -0.013172228715640937 -0.0058786596842578661 0.0085632770075721142 0.0045684231821265719 0.0052217207958933035 0.020750061457777753 0.016020161307640397 -0.022412828648194605 -0.013981080276336292 -0.0048311093400264602 -0.056735868458423433 -0.0036283579903221446 0.02637638765103946 -0.015820549430629476 0.0059045913045386606 -0.010984645553298302 -0.0055258389276079964 0.012144300386773726 -0.014471101351939806 6.1466307427031041e-05 0.0058088480351681107 -0.00099655804892162959 0.0095367623924637844 -0.017107911654261523 0.02038813355745395 -0.0014548862659403976 -0.012636680498996807 0.013195357650108803 0.02201084105493635 -0.004806874380316576 -0.00023072878097605493 0.0039706167587994388 0.0012451379544146908 -0.033197194850046567 -0.015304031942083619 0.0096192521018658283 0.04811187344194718 -0.031047763306572447 0.023444081844738104 0.028846391140715907 0.0072699515329804915 -0.0021171570597427057 0.018825946449837972 -0.014791014589878172 0.016897520126931562 0.0092982713309012477 0.017779093456568563 0.023190426421038603 -0.021724807705123798 -0.0020111904481941354 0.015995168221608871 0.0069271013258877653 0.031503955535418064 0.025903522065361225 -0.030974595607018842 0.021804776588583416 0.016474605448714704 -0.011032153957144176 0.014067936458370317
leaf_weight=1209.0881691381801 23.390727649908513 7.2572412644512942 1966.7539609801024 466.44576978962868 10.304385981522499 346.48662558873184 437.63134019431891 113.82652358827181 350.53555484151002 347.62936460552737 78.079882673919201 63.715609388658777 372.05568490480073 85.802300786599517 371.306697180029 37.392201724462211 113.4215735134203 23.060032024979591 306.15975434239954 629.8337107708212 134.2909979110118 278.50149863003753 165.92197296908125 52.448775090277195 23.181865406921133 176.87290622992441 173.56994915707037 1123.3578114123084 143.01545113569591 12.188127582892776 110.33467056252994 290.23124514508527 15.753773073665796 19.712928676046431 551.42629781505093 137.88370581623167 1117.7692178683355 180.09064094116911 516.46943529578857 135.41715846466832 469.9563592497725 29.337377349846065 17.560835515439976 194.14481382770464 328.16491195280105 165.56838745588902 81.41218359163031 1970.3489192787092 293.44429523899453 22.64945892826654 325.71805125847459 159.11684738309123 270.47411013417877 271.20550564583391 69.659819530323148 124.81615847419016 35.608570528449491 3079.8168130940758 196.20136901922524 55.882976477965713 545.15042908920441 194.04601827054285 37.526639380725101 214.46863768994808 253.29486160282977 170.58239626325667 612.84910395176848 50.600962116615847 10.485689234919844 981.0354209622601 38.209144318941981 326.68946557032177 316.86921544419602 505.50218857824802 562.93619816564023 38.286308381939307 27.441833781078458 12.774225213564932 118.6444081896916 587.20236894022673 409.58502984419465 440.19597412785515 28.681752409785986 19.691093411063775 91.827515395125374 21.586943592410535 54.928537147585303 96.587224151939154 406.24798556999303 440.6390463472344 12.85161584522575 91.662821316625923 83.871930864872411 132.36934964521788 149.94384204829112 280.02198559988756 107.77282219333574 38.570480197900906 120.9454082918819 18.577755057951435 7.9174115257337681 6.0908395498991004 618.6550829000771 102.21060417057015 416.58099166012835 311.21626713545993 304.96900072833523 27.928214488783851 10.363103030249475 1147.8083347007632 7.9363086957018814 844.4721786583541 50.817417816258967 2686.4100124747492 78.58561206352897 22.073634316213429 30.149251746479422 246.29116921359673 376.44999731169082 404.80901466036448 513.00538887921721 10.875413957051935 5.9628779217600814 38.714759179390967 291.93711007572711 334.76589958439581
leaf_count=18625 365 134 17486 2163 158 3720 6643 1989 6620 1856 1400 1153 4726 1349 5773 363 1820 195 2887 3916 2498 3766 1764 1324 464 1461 2225 8396 2525 127 2245 6003 193 399 7706 771 5047 2430 3501 2801 2059 684 887 3335 3217 1774 1445 25434 4438 382 2362 2351 2883 4876 400 1762 680 13270 2015 1235 10694 3669 620 3937 4887 963 7560 1045 145 15773 353 4464 5489 9312 3695 313 315 145 1587 10928 2868 5633 260 216 1520 579 904 2107 4732 6261 240 1260 1948 798 2183 4790 1158 633 2153 248 161 73 9137 2570 1811 5467 6396 593 191 20221 108 14199 697 45624 1858 269 623 3468 4855 8096 10105 272 20 264 2518 4923
internal_value=0.000138292 -0.00508156 0.00350486 -0.0101063 -0.00242977 -0.0128213 -0.000877757 0.00442417 0.00978252 -0.00880596 0.00777411 0.00111484 -0.0175824 -0.0190201 -0.0225351 -0.0285572 -0.0100974 0.00664223 -0.0104972 -0.0116136 0.0152317 -0.00622611 -0.0135148 -0.00731896 -0.0270287 -0.0225176 0.0137058 -0.0109873 -0.00574403 -0.000846191 -0.00877371 -0.00926635 -0.0132515 -0.00322395 0.00392623 -0.0221054 -0.0173389 -0.0246096 -0.00972302 -0.0146567 -0.0350515 0.0155305 0.0075823 -0.00380625 -0.0218066 0.00995992 0.0102724 0.00782974 0.00426159 -0.00577622 -0.0170843 -0.0205333 0.0026657 0.0133137 0.0159995 0.0249235 0.0161273 -0.0329745 -0.0292706 0.0062085 0.0120105 0.00172824 0.00365337 0.0134517 0.0175642 -0.010706 -0.000396884 0.0140626 0.0259314 0.0135341 -0.0251103 0.0151606 0.0123634 0.0103547 -0.0210228 0.0173649 0.0283508 -0.0253487 0.0111196 0.0249775 -0.014255 0.0113229 0.0152983 0.026191 0.0031209 0.016273 0.0165075 0.0162628 0.00627228 0.00448876 0.0200221 0.0108841 0.0114793 0.0058554 0.00108153 0.014344 0.003429 0.0169727 0.0163904 -0.0269905 0.00819575 0.020312 0.0127779 0.0406224 -0.027875 0.0219935 0.0270918 0.0283848 0.0297499 0.0207068 0.0247596 0.0188109 -0.000748611 0.0173098 0.00358288 0.0132241 0.0175588 0.0120565 0.00431096 0.0306617 0.0253915 0.00977221 -0.0121095 0.00103576 -0.00903701 0.0132637
internal_weight=38427.9 15066.6 23361.3 9856.4 9774.42 8727.91 2487.95 5210.19 3466.31 603.884 13586.8 3707.05 6239.95 5867.9 4208.51 3488.52 1659.39 719.991 391.962 1313.02 1886.56 1743.88 1820.48 1249.27 571.218 664.48 2862.43 1401.86 8075.11 3378.5 2173.68 4696.62 2829.36 1867.26 1149.19 280.899 2539.12 1297.86 1241.26 718.066 493.138 2688.86 971.826 621.291 844.634 584.785 9879.79 5651.09 3952.81 641.812 348.368 827.16 996.745 1699.31 396.63 905.387 1698.28 3117.21 662.647 3310.99 1011.18 466.031 2299.81 1204.82 418.863 243.304 883.323 256.255 489.195 4228.7 668.043 3239.75 868.296 970.661 582.649 1204.78 780.57 24.9624 1174.93 614.644 427.146 945.698 222.728 234.16 142.428 2913.06 2891.47 206.922 981.178 846.887 1717.03 1128.5 1105.11 373.976 282.313 731.13 494.527 2810.06 647.259 612.032 988.953 1704.18 1056.29 165.926 593.454 326.97 328.029 453.586 425.658 1674.84 527.033 1115.68 89.1037 2755.13 485.861 100.659 2716.56 367.237 484.223 415.172 519.096 72.7213 16.8383 385.201 329.464 342.023
internal_count=485380 169458 315922 98463 117108 81498 30098 70995 53776 6410 198814 47411 51400 46674 30233 19406 16441 10827 4236 12731 30219 17219 17192 13269 3923 4844 47366 12162 90852 41208 21838 49644 26258 23386 16491 3296 20255 7477 12778 6895 2523 45141 13710 7090 6718 8425 151403 81197 52867 7182 2744 6620 12263 26256 6060 16728 28330 13633 4178 45685 17113 6419 28572 19370 6661 2490 10443 4554 9705 70206 4269 54272 13195 15217 4094 20085 14966 272 17367 11243 3755 14945 3929 4153 2565 49808 49229 4352 13491 10993 31431 16965 16600 4241 2981 12359 6171 47784 10411 3520 15934 31191 15780 3723 3272 5660 6591 9025 8432 30507 10286 19075 1010 46880 6111 2127 46247 5621 6013 8287 10178 1527 292 3984 3138 5057
is_linear=0
shrinkage=0.05


Tree=34
num_leaves=127
num_cat=0
split_feature=9 8 8 7 5 6 8 8 7 7 5 5 6 7 6 7 6 9 7 6 5 9 6 5 7 5 5 6 6 9 6 9 7 7 7 6 6 7 5 6 7 7 5 7 6 6 5 7 9 5 5 4 6 7 5 6 6 7 5 7 7 9 6 5 5 5 5 4 6 7 7 6 6 4 3 7 9 4 5 4 7 6 5 7 6 9 7 7 4 6 5 5 7 7 7 9 4 7 2 1 2 6 7 7 5 6 7 7 4 4 4 3 4 3 4 9 5 4 6 1 7 1 2 7 7 6
split_gain=117.775 342.842 200.794 133.525 125.222 122.42 94.1181 90.8512 446.838 184.29 167.158 102.671 98.8118 152.051 75.8954 80.59 71.0117 64.1863 61.3222 51.8564 42.1894 42.7912 38.5972 38.2609 48.5988 37.7907 35.6541 471.365 222.418 174.056 232.213 163.955 136.852 136.537 35.6814 113.311 74.0224 34.842 33.4137 33.2675 32.3847 31.6801 29.5167 61.0982 30.8045 29.0635 29.0222 36.32 28.3859 121.409 51.5504 41.1208 27.0397 25.8113 25.4844 28.4407 23.8084 20.8833 20.5278 20.3875 20.1312 19.3175 73.6261 178.051 82.0291 29.8969 46.8806 18.8847 18.8096 18.5712 64.2062 18.0897 23.6026 27.7639 17.1267 16.1914 16.0661 15.298 15.1765 14.9226 14.8732 30.1927 23.8202 14.4114 14.3513 14.3325 14.1707 13.8751 13.5475 13.4954 107.616 64.1266 28.7559 24.1188 13.1011 15.0509 11.8871 19.8608 11.5792 11.5409 11.4958 11.2976 11.2319 10.6252 10.2638 9.85672 9.79174 9.7512 8.62461 8.43145 8.32589 8.16557 7.64332 7.33884 7.1918 8.48709 6.96925 6.96778 6.87782 6.70783 6.57925 6.52083 6.33274 6.32591 6.16494 6.13038
threshold=1.0000000180025095e-35 1.0000000180025095e-35 1.5000000000000002 1.0000000180025095e-35 1.0000000180025095e-35 1.5000000000000002 1.5000000000000002 1.0000000180025095e-35 1.5000000000000002 1.5000000000000002 1.5000000000000002 1.5000000000000002 1.0000000180025095e-35 1.0000000180025095e-35 1.5000000000000002 1.0000000180025095e-35 1.5000000000000002 1.5000000000000002 1.0000000180025095e-35 1.0000000180025095e-35 1.5000000000000002 1.5000000000000002 1.0000000180025095e-35 1.5000000000000002 1.5000000000000002 1.0000000180025095e-35 1.5000000000000002 1.0000000180025095e-35 1.0000000180025095e-35 1.5000000000000002 1.5000000000000002 1.5000000000000002 1.0000000180025095e-35 1.5000000000000002 1.5000000000000002 1.5000000000000002 1.5000000000000002 1.5000000000000002 1.5000000000000002 1.5000000000000002 1.0000000180025095e-35 1.0000000180025095e-35 1.0000000180025095e-35 1.5000000000000002 1.0000000180025095e-35 1.5000000000000002 1.0000000180025095e-35 1.5000000000000002 1.5000000000000002 1.5000000000000002 1.5000000000000002 3.5000000000000004 1.0000000180025095e-35 1.0000000180025095e-35 1.0000000180025095e-35 1.5000000000000002 1.5000000000000002 1.0000000180025095e-35 1.0000000180025095e-35 1.5000000000000002 1.0000000180025095e-35 1.5000000000000002 1.0000000180025095e-35 1.0000000180025095e-35 1.5000000000000002 1.5000000000000002 1.0000000180025095e-35 3.5000000000000004 1.0000000180025095e-35 1.5000000000000002 1.0000000180025095e-35 1.0000000180025095e-35 1.5000000000000002 3.5000000000000004 2.5000000000000004 1.5000000000000002 1.5000000000000002 3.5000000000000004 1.0000000180025095e-35 3.5000000000000004 1.5000000000000002 1.0000000180025095e-35 1.5000000000000002 1.0000000180025095e-35 1.5000000000000002 1.5000000000000002 1.5000000000000002 1.0000000180025095e-35 3.5000000000000004 1.0000000180025095e-35 1.5000000000000002 1.5000000000000002 1.0000000180025095e-35 1.0000000180025095e-35 1.0000000180025095e-35 1.5000000000000002 3.5000000000000004 1.5000000000000002 2.5000000000000004 2.5000000000000004 2.5000000000000004 1.0000000180025095e-35 1.5000000000000002 1.5000000000000002 1.0000000180025095e-35 1.0000000180025095e-35 1.5000000000000002 1.5000000000000002 3.5000000000000004 3.5000000000000004 3.5000000000000004 2.5000000000000004 3.5000000000000004 2.5000000000000004 3.5000000000000004 1.5000000000000002 1.5000000000000002 3.5000000000000004 1.0000000180025095e-35 3.5000000000000004 1.0000000180025095e-35 2.5000000000000004 3.5000000000000004 1.5000000000000002 1.0000000180025095e-35 1.5000000000000002
decision_type=2 2 2 2 2 2 2 2 2 2 2 2 2 2 2 2 2 2 2 2 2 2 2 2 2 2 2 2 2 2 2 2 2 2 2 2 2 2 2 2 2 2 2 2 2 2 2 2 2 2 2 2 2 2 2 2 2 2 2 2 2 2 2 2 2 2 2 2 2 2 2 2 2 2 2 2 2 2 2 2 2 2 2 2 2 2 2 2 2 2 2 2 2 2 2 2 2 2 2 2 2 2 2 2 2 2 2 2 2 2 2 2 2 2 2 2 2 2 2 2 2 2 2 2 2 2
left_child=2 3 4 79 37 61 14 9 10 38 12 -11 109 84 17 20 77 42 19 -4 -16 -22 -12 24 -7 39 28 31 94 32 87 40 45 53 36 -36 98 101 71 75 -28 -29 43 44 60 -30 47 52 50 78 58 74 -20 -32 -21 -56 105 125 -17 85 -3 62 64 123 100 66 -63 -65 -68 70 -33 -6 73 -73 -52 -8 -26 -13 -50 -2 82 104 111 -41 -14 -25 89 -31 99 90 -44 93 -93 -91 95 -27 97 -85 -34 -10 -5 -1 -76 -51 -82 -48 -98 -70 -58 124 120 117 -95 -61 115 -115 -83 -19 -39 -113 -92 -96 -43 -64 -9 -24
right_child=1 6 18 5 7 23 25 8 88 11 22 16 13 -15 15 48 -18 80 46 54 21 -23 57 59 76 26 27 41 29 30 33 69 34 -35 35 -37 -38 118 -40 83 -42 122 86 -45 -46 -47 56 -49 49 103 51 -53 -54 -55 55 -57 108 -59 -60 113 -62 65 63 67 -66 -67 68 -69 107 -71 -72 72 -74 -75 102 -77 -78 -79 -80 -81 81 116 -84 96 -86 -87 -88 -89 -90 91 110 92 -94 112 121 -97 106 -99 -100 -101 -102 -103 -104 -105 -106 -107 -108 -109 -110 -111 -112 119 -114 114 -116 -117 -118 -119 -120 -121 -122 -123 -124 -125 -126 -127
leaf_value=0.0033095942995890249 0.019239628062719106 0.011626952957700998 -0.024326293463713327 -0.018376141206298116 0.01411285200059869 0.025675245368232281 0.0025968682081753316 -0.035714383781659267 -0.031401640281233593 0.023734322789517742 0.03364827922595124 0.027122736450435669 -0.038831092783321725 0.0089391461398712364 0.0030461483831447618 -0.0054837793483602246 -0.042482653459698518 -0.010186161593975483 0.014417221447928626 -0.0051843507102353505 -0.029301564545865258 0.013266216862566181 0.0080207588018517649 0.021592319829987692 0.010719061136479146 -0.0031446265984372483 -0.0088630150865564982 -0.0066627282798715944 -0.0029498567695098459 0.012404026754496398 0.0090305751023376669 -0.034320273870375846 0.0014608387971109919 0.014538122078636568 0.019763238600545477 -0.027743479230167047 0.01700321152602138 -0.019137868683438492 0.011040051423382193 -0.01861169735336634 0.025849358506623218 0.010303575244916719 0.022229116007309112 -0.027779256894334844 0.01263368836484593 0.029870776909826691 0.013941061342380955 0.025175791912949254 0.031792545408716989 0.0082227669074670193 0.0023179855945687877 0.0001765571783018961 -0.022508989042879901 -0.031805463124588373 0.038110145829510209 5.5647048448929917e-06 0.010523541605958198 -0.0092775421595244125 0.011963047873002265 -0.00064446901912703399 -0.017317822711565772 0.012031336431339065 -0.030643932398873926 0.024562209470235973 -0.033869489277249941 0.011492372903193576 0.014027395028384064 -0.0050663106360172155 -0.020518045792391845 -0.042268808801239045 0.026015404523222332 -0.030017570926660395 0.0036107278609807184 0.021459364587037434 0.024761412270330838 0.016504758996778595 -0.0079130297539272716 -0.01806264894705881 0.016651224785916359 0.0060282854278503909 -0.019385277800726693 0.015456859522395339 -0.0013953765453157054 0.013671508246342981 -0.019379372940014756 -0.0054786854740390759 0.0034287606552176422 0.028949243737146576 0.0048096176337476303 0.00073597935137826535 -0.032943304571118104 -0.0076127413119549143 0.018125033230334219 -0.018721225494577498 -0.022429046372731617 0.013306735500967049 -0.036645747636170171 -0.0093871092507215193 -0.03778240680586175 0.03213471359193245 0.021782629735306386 0.015776298971936012 0.040812947293202527 -0.0059313724029624801 -0.0032685958893043246 0.026917667234476264 0.0086617739716813441 -0.0022895940074872259 -0.013429688898174584 -0.019310921750164869 0.0019715424165752493 0.012333294543295993 0.0053542411561976954 0.044749041633712357 0.013438746469276104 0.028171720332947087 0.0028529231922936275 0.034558066406605185 -0.005342527219657966 -0.029725797909679965 -0.015533724092867341 0.017273202817266853 -0.032702421014202669 -0.016423379635860467 -0.045293757800734302 0.031638504246422387
leaf_weight=1186.8041863295948 3016.4959600822767 74.76995240454562 222.84438451239839 21.055628910660744 59.342129606055096 255.35881610307842 1418.6014165418455 349.41884203953668 6.4888526587747029 68.976046356605366 96.84397296293173 43.020934308180586 349.82904868200421 373.48691410606261 425.74570798419882 228.23897683166433 989.76319764554501 69.17120465869084 71.905422686366364 259.94085413403809 278.09278663853183 74.243244419107214 126.46512085571885 111.36628172034398 181.09887956397142 264.60594074288383 138.02245443593711 312.3706216980936 184.22341889888048 192.38464558217674 40.906631769379601 508.13491055322811 19.075138362124562 245.00715472153388 146.86814315232914 837.69676128518768 66.857353089842945 177.97105256794021 276.43000973132439 230.84680713631678 129.23748583171982 2613.0640273180325 292.73893798806239 420.86200574832037 207.68721561890561 105.27137824660167 214.23498814160121 100.54293283680454 259.95155692659318 152.24873833195306 44.376723843626678 124.76801985129714 154.76082807360217 607.59042179607786 95.035673950682394 99.920069481944665 434.43158543028403 280.82265362679027 638.88246905093547 20.816216753795743 292.58916535275057 295.78229914454278 210.83094996679574 460.6551574235782 352.05290777771734 551.61351597658359 55.777153088129126 60.523100823862478 342.53484057029709 545.90425425721332 47.552382495487109 221.23110222117975 111.58441565651447 28.97190970228985 181.53702936996706 244.60293194127735 316.32297975639813 31.69953603670001 467.67324502649717 231.25954312714748 197.54129857104272 167.99820741766598 589.39798114541918 156.30700605432503 134.56217812048271 85.969186223577708 611.60723519814201 383.9718112697592 52.950588759267703 219.12551763886586 126.00630842940882 176.29978514555842 279.43675222748425 848.80539381655399 9.7324498542584461 291.21583718736656 41.824601103318855 228.80407986883074 1019.9428268957417 560.38522042508703 95.383857447654009 213.79848543414846 300.37671154655982 987.03739654109813 197.58307438530028 488.16981352993753 16.068165138363838 93.635002139955759 40.278532383497804 51.169673412106931 31.686253272928298 1106.5171944618924 33.887797142378986 100.2416084225988 63.699137517018244 399.92940493870992 314.15926728653722 8.946514839306472 184.64210306177847 8.6441972027532739 100.36975730210543 516.88896228361409 7.6443441696465007 131.06703848624602 395.9699771029409 34.535810444969684
leaf_count=15632 50690 1560 1721 357 1126 5741 18052 1191 296 1063 2091 703 1614 6784 5831 2802 3717 957 1246 2401 1863 1185 1476 1862 3703 2903 1438 3935 2488 2464 658 2331 125 3534 2915 4804 1804 1154 4473 1263 2582 38655 5219 2905 3534 2338 3712 1421 5330 1882 368 1317 1345 2403 2840 944 7373 3243 9859 263 2013 4806 1634 9693 1714 7407 890 801 2136 2509 785 1602 1002 353 2375 4622 2712 170 7130 3699 1354 3225 6755 3041 1213 1008 7749 8010 977 2878 873 1503 4028 6659 253 4554 271 2089 5660 12368 1985 3672 5917 10418 1967 8350 142 1536 526 275 342 16609 588 3026 851 7953 4004 70 1731 281 1063 8593 222 877 1746 668
internal_value=-8.34311e-05 0.00141397 -0.00523697 0.0106869 -0.00969802 0.0048042 -0.00171234 -0.0140044 -0.00835724 -0.0226705 -0.0189512 -0.0351058 -0.0268239 -0.0150226 0.00170581 0.00695587 -0.0389372 -0.00172284 0.00786038 -0.0046227 -0.007547 -0.0203196 0.00523346 0.0160525 0.00799041 -0.00482545 -0.00626282 -0.0029351 -0.00916409 -0.0147935 -0.00126333 -0.0271512 -0.0231458 -0.017218 -0.0276061 -0.020644 -0.0337803 0.00164546 -0.00244318 0.000854129 0.00795645 0.00837183 -0.0059667 -0.0133271 -0.00272003 0.00904672 0.0134837 0.00030925 0.0102907 0.00615662 0.015367 0.0259905 -0.010783 -0.0292196 0.00506186 0.0186802 0.0171425 -0.00105675 0.00736976 0.0237931 -0.011411 -0.0016631 -0.0059256 0.00273964 -0.0218609 0.00257593 -0.00367454 0.0211184 -0.0131229 -0.0356683 -0.0291197 -0.0112988 -0.0154943 -0.0239952 0.0320983 0.00465095 -0.00112165 0.00796783 0.0220968 0.018301 0.00420571 -0.00112328 0.00682735 -0.00851023 -0.0334785 0.00983068 -0.00326781 0.0234576 0.0290972 -0.0052111 0.00151385 -0.0075887 0.00817361 -0.0141098 0.0108525 0.00548328 -0.00321635 -1.70209e-05 -0.0370612 0.0313534 0.0144261 0.0052225 0.0348301 -0.00403433 -0.0113547 0.0229852 -0.0241371 -0.016619 0.00846718 -0.0394989 -0.0219801 0.0108866 -0.0177919 0.0284807 0.0295551 0.0315767 0.00726742 -0.00468976 -0.0121473 0.0119809 -0.0253266 0.0164983 0.0101657 -0.0252563 -0.0408571 0.013251
internal_weight=38152.9 29563.7 8589.23 7453.47 6407.16 4205.71 22110.2 4643.95 2812.93 1831.02 2193.1 1133.46 1654.44 857.878 10539 4163.17 1064.48 6375.83 2182.07 677.741 778.082 352.336 538.668 1534.8 752.781 11571.2 9234.17 4301.93 4932.24 3849.8 1469.86 1368.85 2379.94 893.504 2090.44 984.565 1105.88 1763.22 697.56 2337.06 267.26 2933.08 3715.87 995.908 575.046 289.495 1504.32 327.209 3385.09 1866.91 1518.18 651.058 226.666 648.497 454.897 194.956 1177.11 441.824 867.121 782.022 367.359 2670.91 1331.57 863.076 468.492 1339.34 787.729 521.178 491.947 1101.59 555.687 421.13 361.787 250.203 526.29 1663.2 497.422 74.7205 727.625 3247.76 2659.96 877.282 1782.68 673.851 484.391 197.335 2719.96 576.356 619.825 2108.36 550.801 1557.56 455.737 1101.82 1082.44 555.822 443.004 385.111 1039.02 566.874 116.439 1400.6 481.914 1139.29 395.124 702.405 57.8928 436.17 474.71 796.558 258.062 1193.28 882.693 584.686 563.87 500.171 482.157 78.1177 362.613 1115.16 226.376 526.621 2620.71 341.898 745.389 161.001
internal_count=485419 383200 102219 115344 70340 60955 267856 48151 33942 14209 20301 5653 12823 9611 132413 56277 4590 76136 31879 7906 8879 3048 7478 27119 12156 135443 105963 52457 53506 37203 17069 9645 20134 6595 15308 7719 7589 22189 8556 29480 4020 42812 40914 10012 7107 4826 23973 4012 47398 24760 22638 9977 2591 3061 6185 3784 19961 5387 12661 14963 3573 33836 17061 13005 4056 16775 9368 10494 4562 5625 3116 4083 2957 1955 8660 22674 6415 873 12460 54389 35222 10550 24672 6806 2827 2870 30902 10474 13641 23153 7497 15656 5531 10125 16303 7457 5543 5130 5785 12664 2342 19304 8292 12300 3321 12062 413 3672 7899 3212 2278 17917 7247 12093 11830 10979 7229 1027 2885 16890 1936 8846 38877 2511 2937 2144
is_linear=0
shrinkage=0.05


Tree=35
num_leaves=127
num_cat=0
split_feature=6 8 9 9 7 5 7 7 9 8 6 8 9 9 8 7 4 5 8 7 5 8 5 9 6 6 5 9 9 7 7 9 5 9 7 4 9 7 7 9 7 7 5 5 4 5 6 4 7 5 6 5 5 5 9 8 8 9 9 9 8 4 2 6 8 6 6 4 6 9 4 5 4 2 2 5 8 9 6 9 6 8 8 7 4 6 4 8 4 6 7 9 4 5 6 1 9 9 9 4 9 4 1 4 4 6 9 8 1 5 1 4 6 4 0 4 1 2 1 2 8 9 9 7 5 7
split_gain=608.142 525.062 688.181 677.833 266.077 104.763 232.657 189.676 72.0154 90.5645 99.3115 65.1016 92.1496 72.1135 57.724 55.6985 53.6544 51.8844 46.9634 52.2481 117.958 117.644 44.564 43.4811 116.746 40.6166 37.9357 45.4277 37.7507 166.417 47.9238 36.6267 31.7345 26.4151 35.2822 25.6027 28.6088 70.8616 88.597 47.5555 46.8674 50.0591 42.3194 28.9281 21.8575 21.6065 21.447 20.9199 24.4156 19.9227 19.0787 17.7812 17.6812 17.6268 16.9669 30.7971 17.92 16.7793 16.6971 17.6837 18.6645 16.6714 17.3065 16.1329 14.9241 46.307 22.2627 14.7729 14.4604 17.2465 14.2586 13.9034 13.6533 13.2381 13.1863 13.0278 12.8529 209.548 163.683 161.093 21.6572 52.0639 21.9308 12.1081 12.0924 10.7339 10.4839 10.4603 10.3678 9.73292 9.76834 9.19874 9.0857 8.80113 8.71891 7.85099 7.76509 7.74023 11.2333 7.70292 7.06917 6.78631 8.06252 6.46638 6.37309 6.35946 15.1322 6.30246 8.5701 6.27175 6.15858 5.99583 5.61433 5.47868 5.27283 5.20599 5.12857 4.81014 4.72561 6.91792 4.71345 4.58793 7.95938 4.49625 6.2262 4.43099
threshold=1.0000000180025095e-35 1.0000000180025095e-35 1.5000000000000002 1.0000000180025095e-35 1.0000000180025095e-35 1.5000000000000002 1.5000000000000002 1.0000000180025095e-35 1.5000000000000002 1.5000000000000002 1.5000000000000002 1.5000000000000002 1.0000000180025095e-35 1.0000000180025095e-35 1.5000000000000002 1.0000000180025095e-35 3.5000000000000004 1.0000000180025095e-35 1.5000000000000002 1.5000000000000002 1.0000000180025095e-35 1.0000000180025095e-35 1.0000000180025095e-35 1.0000000180025095e-35 1.5000000000000002 1.5000000000000002 1.5000000000000002 1.5000000000000002 1.5000000000000002 1.5000000000000002 1.5000000000000002 1.5000000000000002 1.0000000180025095e-35 1.0000000180025095e-35 1.5000000000000002 3.5000000000000004 1.0000000180025095e-35 1.0000000180025095e-35 1.5000000000000002 1.5000000000000002 1.5000000000000002 1.0000000180025095e-35 1.0000000180025095e-35 1.0000000180025095e-35 3.5000000000000004 1.0000000180025095e-35 1.5000000000000002 3.5000000000000004 1.0000000180025095e-35 1.5000000000000002 1.5000000000000002 1.5000000000000002 1.5000000000000002 1.0000000180025095e-35 1.5000000000000002 1.0000000180025095e-35 1.0000000180025095e-35 1.5000000000000002 1.5000000000000002 1.0000000180025095e-35 1.0000000180025095e-35 3.5000000000000004 2.5000000000000004 1.5000000000000002 1.0000000180025095e-35 1.5000000000000002 1.5000000000000002 3.5000000000000004 1.5000000000000002 1.5000000000000002 3.5000000000000004 1.5000000000000002 3.5000000000000004 2.5000000000000004 2.5000000000000004 1.0000000180025095e-35 1.5000000000000002 1.0000000180025095e-35 1.5000000000000002 1.0000000180025095e-35 1.5000000000000002 1.0000000180025095e-35 1.0000000180025095e-35 1.5000000000000002 3.5000000000000004 1.5000000000000002 3.5000000000000004 1.0000000180025095e-35 3.5000000000000004 1.5000000000000002 2.5000000000000004 1.5000000000000002 3.5000000000000004 1.0000000180025095e-35 1.5000000000000002 2.5000000000000004 1.0000000180025095e-35 2.5000000000000004 1.5000000000000002 3.5000000000000004 1.0000000180025095e-35 3.5000000000000004 2.5000000000000004 3.5000000000000004 3.5000000000000004 1.5000000000000002 1.5000000000000002 1.0000000180025095e-35 2.5000000000000004 1.5000000000000002 2.5000000000000004 3.5000000000000004 1.5000000000000002 3.5000000000000004 2.5000000000000004 3.5000000000000004 2.5000000000000004 2.5000000000000004 2.5000000000000004 2.5000000000000004 2.5000000000000004 1.0000000180025095e-35 1.5000000000000002 1.0000000180025095e-35 1.0000000180025095e-35 1.5000000000000002
decision_type=2 2 2 2 2 2 2 2 2 2 2 2 2 2 2 2 2 2 2 2 2 2 2 2 2 2 2 2 2 2 2 2 2 2 2 2 2 2 2 2 2 2 2 2 2 2 2 2 2 2 2 2 2 2 2 2 2 2 2 2 2 2 2 2 2 2 2 2 2 2 2 2 2 2 2 2 2 2 2 2 2 2 2 2 2 2 2 2 2 2 2 2 2 2 2 2 2 2 2 2 2 2 2 2 2 2 2 2 2 2 2 2 2 2 2 2 2 2 2 2 2 2 2 2 2 2
left_child=1 2 3 47 16 18 7 101 76 87 -11 13 88 89 33 26 17 -5 19 45 72 86 96 24 -23 -25 27 44 30 52 92 -27 99 73 49 36 37 -20 75 118 41 42 -41 -43 -16 57 70 48 -1 -35 -44 -6 -30 -40 55 84 -56 85 59 -48 -61 62 -12 -42 65 -59 -66 -28 69 -14 74 -50 105 -3 -47 -39 79 78 -78 103 82 -82 -81 114 -15 107 -22 -10 -13 90 -8 -76 -24 -29 -79 -34 -17 98 -85 -4 -74 102 -7 116 -36 106 -21 -2 -109 -31 -58 -51 -89 -112 -37 -62 -9 -60 -38 -120 123 -104 -123 -121 -125 -49
right_child=5 14 32 4 51 6 11 8 9 10 61 12 68 54 15 22 -18 -19 35 20 21 23 28 25 -26 31 67 93 29 109 -32 -33 95 34 104 83 39 38 53 40 63 43 50 -45 -46 46 58 125 71 111 -52 -53 -54 -55 56 -57 110 64 117 60 115 -63 -64 -65 66 -67 -68 -69 -70 -71 -72 -73 100 -75 91 -77 77 94 -80 80 81 -83 -84 97 -86 -87 -88 112 -90 -91 -92 -93 -94 -95 -96 -97 -98 -99 -100 -101 -102 -103 121 -105 -106 -107 -108 108 -110 -111 113 -113 -114 -115 -116 -117 -118 -119 119 120 -122 122 -124 124 -126 -127
leaf_value=0.016874507839502756 0.013967306619457696 -0.037811311998894877 0.01684269117871794 -0.035526351521018233 0.010466546813360388 -0.031409681035524883 0.012578563405157357 -0.010975458412434467 0.0040898318437742592 -0.029661501054094153 -0.011520773967611265 -0.024085702816195782 -0.002117410089549385 0.023667630120869598 0.02633388435405868 0.00065921483569040076 0.0027579910881520868 0.010254353259736386 0.027063324003931851 0.034064581208030825 0.019704768492145235 -0.045680240951219954 0.018002231202362693 0.01250838141299057 0.0031495185163563015 -0.0011283517860586009 0.033030832820980884 0.008616983566052925 -0.023124835421942713 0.014009390554608229 -0.010717383000711787 -0.019626944918649445 0.038975788712272488 0.00067061517442195437 0.021613486416668343 -0.034839451146824386 -0.0015374208181299081 0.014370715823009883 0.011458726222440575 0.032856192764453167 0.0069222640738894059 0.013335990694044987 -0.012295022128192905 0.031320652273335553 -0.0046556784406822536 -0.015539888608348776 0.012064797995042108 -0.016430294469693931 0.016451873389315089 0.021167564405180125 0.023723019529201597 0.039734683518148461 -0.041911720449335901 0.039415452984535859 0.0067137995840666365 8.6374155733123673e-05 -0.021154830230479892 0.00074878827455673207 -0.019368658612108482 -0.010655897785749742 0.0065411845994294802 -0.012445636864211636 0.035955127732744042 -0.008012846556116263 -0.0037317707378488906 -0.042366314996476348 0.013417088882549368 -0.0089343384333645665 0.003755222186756212 0.024452696279851856 0.0020574206452647764 -0.01617774770995337 0.013246968964982831 0.021370424475049176 0.017766973144443983 -0.011212332342650032 -0.036636999588877929 0.017205219857320347 0.033613571414285809 -0.030669175468007612 -0.0044101438679791096 -0.034353028126661272 -0.011361886910758616 -0.015541492195470852 6.7068833816272771e-05 0.018874775228102381 -0.0014507737404263945 0.020306211945221465 0.0016296345773344015 0.028068859714452943 0.067315367029079101 0.010115329410637572 -0.0070368811483264059 -0.0081878674866806798 0.0054153391190327142 -0.00041946116870268213 0.016906032266782989 -0.040429392536287231 0.019461588157442672 0.0022210539954404225 -0.022936786985252911 -0.00064935138414257533 0.010187998362182262 -0.01102335756593981 -0.011908417834467038 0.016515851213290304 0.001848545072345154 0.040661841820012985 0.00028220471875548789 0.038367228906741491 0.018234179058081498 -0.00065712172663512293 0.0081989681965634314 -0.0042597358157036259 0.0076562847032405961 -0.018802207760587816 0.0194779026665866 0.013511444754603447 -0.0037889548449155808 0.017963217866879717 -0.0061681013265251512 0.024614442779610213 0.012971891671558062 0.01946421592555389 0.027457435351867017 0.016471900349105933
leaf_weight=853.04570067452732 154.71475302835461 8.7641743915155512 1127.8065147220623 4816.8137208009139 128.65799316240009 7.8582718214020124 185.5206750309444 13.933037629816679 312.06661169533618 379.30509821511805 23.412990605458617 343.36523624463007 88.936251131119207 231.06432982138358 236.40777291543782 114.57037595752627 96.104775643674657 62.291818281169981 296.98225159570575 171.36080036929343 402.33582344267052 274.96494911331683 247.65432972094277 228.05902664700989 219.76985025242902 517.75393344229087 175.18200683081523 94.189737963024527 429.20924916118383 37.915979968383908 551.2216164264828 553.07986380485818 11.989802456460891 1171.1469875177136 369.80041102319956 6.5908832978457204 22.491675432771444 52.855331391794607 107.64382469980046 79.7143549551256 352.24085979978554 485.58581079891883 280.96407363051549 417.67830811208114 74.479377262759954 34.093526704236865 317.8879720919067 74.274394679348916 48.094011823413894 174.74132842512336 41.338107804534957 87.157730326987803 180.35806980275083 120.08511689258739 909.04740984458476 1068.8110750429332 9.6652245419099909 298.79962580325082 10.510796343442051 338.63396995258518 385.37326603406109 34.624371733516455 96.088790556415915 369.43964412575588 423.8589733412955 77.663688566535711 340.44876635656692 23.380264205858111 1492.6942514840048 192.89929617021699 242.07285741576925 96.679278379306197 24.363546462729573 469.07418558292557 1331.4044593233848 677.70826241699979 676.97464613383636 283.21963333350141 93.677883211057633 203.08335188310593 182.26265616458841 718.67016097996384 535.27936904504895 100.97728986409493 70.852869639871642 218.35205946885981 68.354977160925046 279.70624572574161 44.092545097693801 616.45443246641662 7.6057903971523038 564.26527630293276 41.858740556053817 431.14986357209273 352.92830728786066 478.12677904171869 204.80272782698739 20.178364999126643 28.647050507366657 98.243210798129439 27.985198468901217 63.158387232106179 197.64865572378039 19.909224053146318 14.140124480007215 401.79497082775924 46.376395112252794 12.675582457333801 336.01415528124198 100.4108546837233 769.55581669404637 38.262163069099188 148.44541654014029 27.701449527987279 204.51427636202425 20.432208254467696 277.36872916447464 551.85525178955868 26.333200800698251 454.30317691760138 14.391002578660844 310.89445067069028 286.04254351486452 440.85952449159231 589.14257724786876 11.020179629325865
leaf_count=13575 2937 142 17819 22323 2338 220 2976 169 3521 2656 233 2597 1777 5264 4797 1386 1971 1247 5463 3497 7234 1033 4267 4308 2263 5912 3609 1500 3265 970 6045 3903 87 15423 6079 109 440 1272 1223 1517 4233 7915 2337 7062 689 732 5021 1007 954 3907 585 1727 784 3374 10579 9982 230 3307 284 2770 5937 187 2128 3422 4965 449 5333 262 19129 3581 2670 831 259 8339 23636 4925 2545 4295 1883 964 1857 2724 4059 1124 825 4070 567 3929 337 11504 20 8490 520 4549 4886 5882 4135 187 340 1079 569 1013 2412 427 438 6551 987 126 4669 2477 13712 427 1901 518 3723 465 5612 8591 453 7275 174 5711 5192 6783 13279 182
internal_value=7.91292e-05 -0.0086321 -0.0166737 -0.0243472 -0.0318532 0.00460976 0.00109804 -0.00634997 -0.0103658 -0.000241977 -0.0159313 0.00785542 0.000896578 0.0117156 0.00375224 -0.000855258 -0.0342113 -0.0349399 0.00755286 0.00528399 -0.000128095 -0.00558812 -0.00592018 -0.0114263 -0.0240266 -0.00661214 0.00848043 0.00380103 -0.00934629 -0.0175105 -0.00207147 -0.0106922 0.011378 0.00978703 0.00696079 0.0113082 0.0122679 0.00576782 -0.000853148 0.0145483 0.00950163 0.0151514 0.000470451 0.0216777 0.0189186 0.00809158 0.0102553 0.0116227 0.0136552 0.0032345 -0.0076163 0.0224153 -0.028743 0.0263086 0.00822687 0.00407489 0.0115392 0.00367791 0.00590487 0.00221247 -0.00200518 0.017832 0.0266352 -0.000723763 -9.84716e-05 -0.00823445 0.00391447 0.0280695 0.00572228 0.0160904 0.0135056 -0.00529961 0.0182538 0.0202083 0.0149398 -0.00934432 -0.0142052 -0.0105482 -0.0280651 -0.016836 -0.0230954 -0.0283071 -0.0167066 -0.00153386 0.0181476 0.00963854 0.0166359 0.0110707 -0.0211626 0.0249904 0.0150699 0.0154959 0.0143702 -0.00516423 0.0106831 0.000621671 0.011098 -0.0123614 -0.00771602 0.0156738 -0.00616392 0.0151217 0.0163623 0.0161034 0.0203512 0.0203236 0.0272426 0.00560284 0.00186217 0.0318391 0.0169603 0.0172624 0.0161374 0.0174482 0.00617153 0.00522207 0.0179887 0.0128636 0.0211481 0.0214835 0.0219298 0.0168736 0.0190665 0.0222062 0.0240584 -0.0120377
internal_weight=38519.8 13179 7990.31 6274.14 5191.03 25340.7 11554.8 5496.56 4630.96 1273.65 533.431 6058.27 2161.99 3896.28 5188.72 2942.79 4975.21 4879.11 13785.9 8595.26 2936.2 2264.32 1908 1793.63 494.735 1298.89 1034.79 836.227 1588.63 747.894 840.735 1070.83 1716.17 2245.93 1768.09 5190.66 4829.76 1255.27 958.293 3574.48 2026.96 1305.28 402.017 903.264 310.887 5659.06 3796.53 1083.11 997.819 1384.15 322.302 215.816 609.567 227.729 3086.7 1370.73 1715.97 1862.53 1624.69 1062.33 744.439 154.126 119.502 721.681 1140.77 376.463 764.308 198.562 1774.53 281.836 2171.84 144.773 671.881 477.838 1929.76 730.564 3357.31 1406.8 770.653 1950.51 1639.3 900.933 738.363 360.908 301.917 721.757 470.691 740.218 387.458 809.581 193.126 1895.67 289.513 525.34 636.148 490.117 319.373 149.803 129.624 1226.05 52.3487 865.602 802.444 311.211 383.941 619.532 217.737 503.404 348.69 138.327 806.922 213.003 428.152 797.257 211.105 405.805 291.302 562.366 1547.52 1525.03 1498.7 794.586 596.937 1484.31 1030 85.2946
internal_count=485337 145032 71022 46155 29606 340305 141555 58524 43976 14555 5204 83031 27421 55610 74010 39255 25541 23570 198750 121535 37083 25220 23849 17419 3296 14123 15406 11535 18328 7496 10832 9815 24867 34755 26274 77215 71732 16257 10794 55475 27071 19416 4439 14977 5486 84452 58596 16549 15360 19757 2922 4065 4049 4597 41110 16071 25039 25856 23068 14193 9172 2548 2361 7655 14054 3756 10298 3871 24487 5358 35528 1785 11863 8481 32858 6197 29421 13609 4428 15812 9604 4581 5023 5483 6089 11802 7801 9351 2934 14500 2996 32126 4787 6049 9181 5969 5521 1651 1464 18898 828 14548 13535 6208 6517 11035 4484 7732 4795 3447 14460 4334 5830 14230 3832 6402 5781 8875 28404 27964 27511 13315 10903 27337 20062 1189
is_linear=0
shrinkage=0.05


Tree=36
num_leaves=127
num_cat=0
split_feature=6 9 7 6 9 5 7 5 8 8 5 5 7 9 8 7 8 9 8 9 5 8 8 8 7 8 7 8 5 9 8 4 5 9 9 9 9 8 8 4 8 7 7 5 9 8 8 8 7 4 7 9 5 5 4 7 0 8 8 9 9 8 8 7 4 7 8 8 7 7 5 8 5 3 5 7 4 5 8 8 3 5 8 8 3 5 4 9 4 9 4 7 7 0 3 8 5 3 4 0 4 8 5 7 7 4 3 5 9 7 5 7 8 8 7 8 7 3 7 7 7 7 4 4 4 3
split_gain=156.994 594.06 232.115 139.196 173.675 185.267 145.008 131.691 260.862 190.872 114.342 169.596 246.785 124.289 106.297 103.807 102.768 529.847 224.688 191.697 84.9409 71.7207 67.9803 64.6142 64.1956 63.0746 60.272 56.1746 55.5742 48.6134 42.5394 34.8281 32.2119 211.934 138.67 135.923 325.101 89.7485 75.6275 70.8751 59.5032 32.7513 31.5565 29.0607 28.2333 39.7752 57.8417 27.3732 38.1808 26.4983 26.2149 26.1102 26.4155 24.8027 24.2369 24.1776 23.8942 22.0137 21.6644 45.9551 30.3526 21.4232 20.8126 19.3215 19.264 22.7955 109.525 32.3585 191.443 122.9 32.2992 18.513 18.0511 17.6174 17.4011 34.5545 19.1556 16.696 16.1239 14.9555 14.7614 13.7242 13.4334 13.3329 12.7925 11.9513 11.0333 10.599 10.5021 10.2933 9.57163 9.33581 9.26727 8.75146 8.44298 8.17981 16.537 7.81542 7.70391 7.6899 7.92986 7.53996 21.3019 11.0611 10.0386 8.03309 7.5253 7.37494 7.31027 7.22969 10.1753 6.86169 9.03187 7.33147 6.85194 11.9863 6.84947 6.48135 6.20393 5.902 5.86672 5.64493 5.41785 5.28842 5.25736 5.21963
threshold=1.5000000000000002 1.0000000180025095e-35 1.0000000180025095e-35 1.0000000180025095e-35 1.0000000180025095e-35 1.0000000180025095e-35 1.5000000000000002 1.5000000000000002 1.0000000180025095e-35 1.5000000000000002 1.0000000180025095e-35 1.5000000000000002 1.0000000180025095e-35 1.5000000000000002 1.5000000000000002 1.0000000180025095e-35 1.0000000180025095e-35 1.5000000000000002 1.5000000000000002 1.5000000000000002 1.0000000180025095e-35 1.5000000000000002 1.0000000180025095e-35 1.5000000000000002 1.0000000180025095e-35 1.0000000180025095e-35 1.5000000000000002 1.5000000000000002 1.5000000000000002 1.5000000000000002 1.0000000180025095e-35 3.5000000000000004 1.0000000180025095e-35 1.5000000000000002 1.0000000180025095e-35 1.5000000000000002 1.0000000180025095e-35 1.0000000180025095e-35 1.0000000180025095e-35 3.5000000000000004 1.5000000000000002 1.5000000000000002 1.0000000180025095e-35 1.0000000180025095e-35 1.5000000000000002 1.5000000000000002 1.0000000180025095e-35 1.0000000180025095e-35 1.5000000000000002 3.5000000000000004 1.5000000000000002 1.5000000000000002 1.5000000000000002 1.0000000180025095e-35 3.5000000000000004 1.0000000180025095e-35 2.5000000000000004 1.0000000180025095e-35 1.5000000000000002 1.5000000000000002 1.5000000000000002 1.5000000000000002 1.5000000000000002 1.0000000180025095e-35 3.5000000000000004 1.0000000180025095e-35 1.5000000000000002 1.5000000000000002 1.5000000000000002 1.5000000000000002 1.5000000000000002 1.5000000000000002 1.0000000180025095e-35 3.5000000000000004 1.5000000000000002 1.0000000180025095e-35 3.5000000000000004 1.5000000000000002 1.5000000000000002 1.5000000000000002 2.5000000000000004 1.0000000180025095e-35 1.0000000180025095e-35 1.0000000180025095e-35 2.5000000000000004 1.5000000000000002 3.5000000000000004 1.5000000000000002 3.5000000000000004 1.5000000000000002 3.5000000000000004 1.0000000180025095e-35 1.5000000000000002 3.5000000000000004 2.5000000000000004 1.5000000000000002 1.5000000000000002 2.5000000000000004 3.5000000000000004 2.5000000000000004 3.5000000000000004 1.0000000180025095e-35 1.5000000000000002 1.5000000000000002 1.5000000000000002 3.5000000000000004 3.5000000000000004 1.5000000000000002 1.5000000000000002 1.5000000000000002 1.0000000180025095e-35 1.5000000000000002 1.5000000000000002 1.0000000180025095e-35 1.5000000000000002 1.0000000180025095e-35 1.5000000000000002 2.5000000000000004 1.5000000000000002 1.0000000180025095e-35 1.0000000180025095e-35 1.5000000000000002 3.5000000000000004 3.5000000000000004 3.5000000000000004 2.5000000000000004
decision_type=2 2 2 2 2 2 2 2 2 2 2 2 2 2 2 2 2 2 2 2 2 2 2 2 2 2 2 2 2 2 2 2 2 2 2 2 2 2 2 2 2 2 2 2 2 2 2 2 2 2 2 2 2 2 2 2 2 2 2 2 2 2 2 2 2 2 2 2 2 2 2 2 2 2 2 2 2 2 2 2 2 2 2 2 2 2 2 2 2 2 2 2 2 2 2 2 2 2 2 2 2 2 2 2 2 2 2 2 2 2 2 2 2 2 2 2 2 2 2 2 2 2 2 2 2 2
left_child=3 7 21 32 5 24 10 15 118 26 13 12 25 14 119 27 19 -18 123 -14 -4 29 50 101 83 108 -10 -2 53 -3 -13 56 35 34 74 36 42 92 55 41 47 84 57 44 45 46 -8 -35 91 -15 -17 61 -53 -23 -25 86 -22 124 59 -32 -60 122 109 -16 65 66 -39 68 -67 85 -70 82 -31 80 76 -76 94 -68 -27 -78 -58 -64 -54 -5 -38 -69 -37 -80 125 93 -52 -49 -36 95 -34 96 114 -61 -65 -99 -101 102 105 120 -104 -7 -86 111 -12 110 -24 112 -91 -113 115 -82 -26 -40 -9 -6 -103 -98 -45 -19 -1 -42
right_child=1 2 20 4 6 23 43 8 9 -11 11 30 16 49 63 22 17 18 -20 -21 31 28 62 54 116 78 -28 -29 -30 72 58 -33 33 40 37 38 39 64 117 -41 88 -43 -44 51 -46 -47 -48 48 -50 -51 90 52 71 -55 -56 -57 73 -59 60 97 -62 -63 81 98 -66 67 77 69 70 -71 -72 -73 -74 -75 75 -77 79 -79 87 -81 89 -83 -84 -85 106 -87 -88 -89 -90 107 -92 -93 -94 -95 -96 -97 121 99 -100 100 -102 103 104 -105 -106 -107 -108 -109 -110 -111 -112 113 -114 -115 -116 -117 -118 -119 -120 -121 -122 -123 -124 -125 -126 -127
leaf_value=-0.0052686896865715149 0.0031447167726099071 0.015873358969120979 0.0026530480364117975 0.0036378904540068473 0.0016316256778668222 0.026347651364461468 -0.023381118708202722 0.012599454983427676 0.0075089787430172809 0.015160018939183848 -0.017358147871122349 0.014935000322660012 -0.039647294882440419 0.014808625264607151 -0.010619895996925012 0.0031072659817548819 0.019584859292624518 0.0054762491580321428 -0.04192680640883726 0.026713364511951818 0.00032734037672904479 -0.0070756148349245575 0.020176218092618312 0.03081569607604186 0.014556744308361874 0.004385589977567504 -0.034920059378554101 -0.03700642053761409 0.007176219570468447 0.010913139193687707 0.0034297204672776166 0.0044012099854168953 -0.015674825194179051 0.016022312746325408 0.0010170914983886202 -0.010560829633046534 -0.015895657240131846 0.02039008931830846 -0.021450044409565144 -0.0021958946245594019 -0.014732843749471411 0.0035738102622201611 0.015072748729829761 0.020154183897125037 0.011668945739405958 -0.029452021823091541 0.017581365697205368 0.00083795986401441849 -0.016529424888570957 -0.014244099988664265 -0.030275212011653913 0.0097217508142946833 0.0026901775268564961 -0.029249080254802391 -0.0025458751777764736 0.013872017234885684 0.0028692409621231506 -0.023504612887216773 -0.0036571768201071782 0.0082296440468314584 0.023215253944972671 0.0012892456101692444 0.007431191623462426 -0.027563716837290149 -0.0027597622837852 0.016350107353727331 -0.025088006364246636 -0.013670407011873581 -0.042257899589355156 0.028216136989661779 -0.010596421426787961 0.0064132449567653425 -0.012632980701237376 -0.011907128597195735 -0.015906646481111082 0.012783376462486805 -0.022450421000758732 -0.041177585506870389 0.010615082233628358 0.021569070346387758 0.029128485005387523 0.03429039662478512 -0.013426757642707454 -0.027175190540880134 0.035817390806825063 -0.031414668809227858 0.0064693753327886051 0.029852695715335709 0.00064505478882629903 0.012322790001048717 0.0023947192450078881 0.01901580928849908 0.020018595249110302 -0.011730187583914685 0.020302009015193929 0.018272029582343682 0.036017884927704538 0.014439015111782041 0.0058832846790762665 -0.020865097482902523 0.013936372035905318 0.014655824468660351 0.0022297765084121888 0.021706897426687011 -0.019352188262626149 0.00069888509327392038 0.0031522561182067452 0.015440035819812951 0.0039648820081887616 0.015321774322542362 -0.0015387388138447503 0.016574110496245364 0.02637446932553672 0.029272293259133577 0.022595174252574585 0.0056370166289271524 -0.0023530931826480179 0.016114777030292664 0.029181644164864618 0.017137452966574346 0.0039731235737190396 0.026298481826867462 0.0043287748932803209 -0.015651622198045577 0.010188640276303396 0.026655395309107034
leaf_weight=1114.0302792009898 131.47593748487998 443.69339893152937 1274.0700664666947 37.756630529183894 84.243288419791497 86.477038545999676 163.50405561039224 81.522288606269285 87.917752262204885 236.26121932349633 328.27801993023604 319.11656791646965 1469.7014595665969 879.79482545680366 291.83552870899439 145.00997403543442 664.57266737089958 307.87774774362333 1379.1779665898066 116.84187620785087 189.20187667105347 173.3326219470473 70.325889164581895 588.06741069292184 126.86302078235894 434.2095082947053 1620.6136597376317 256.31916249473579 194.44010616326705 104.53428748180158 427.75445760786533 526.11676652461756 16.253299410454929 360.55199322768021 99.290215290267952 1771.1778871035203 11.788858602056278 113.34839353011921 10.984859521966426 164.7161504025571 7.1132529806345692 90.510160746984184 183.33450018649455 427.16191100189462 154.32299685128964 211.54901185142808 180.01513813040219 132.39767919864971 239.44337516953237 85.37539905461017 151.56998170679435 491.39646406774409 176.09985005087219 469.73340089945123 59.823286410188302 115.16629616700811 145.35830416250974 174.51161427330226 433.38196259026881 27.118979593738914 137.63123183487915 306.40796655090526 66.4961031768471 546.18467037938535 229.27661576168612 243.01028809393756 352.89987267414108 238.04746581567451 461.83936747396365 186.4013939043507 98.498409240040928 269.74788344372064 356.71298756124452 46.9978734604083 173.87055289233103 261.49202931768377 54.281690134201199 309.35072556976229 155.5287973782979 28.702663674019277 73.855268582934514 172.0410077420529 482.32637310214341 460.75271442718804 1169.4712572448188 160.19225257867947 99.856990310363472 134.51769667887129 42.713354353560135 380.19707407208625 26.117263691499829 150.64338404021692 180.97680144198239 19.144710327498615 426.7774256557459 1037.3154244229663 215.07968930434436 16.102120758965611 17.4452507738024 573.1065930663608 16.194536270108074 187.96546132827643 113.77743144962005 173.98847348557319 101.03510225657374 46.976858983747661 18.106966663151979 2154.3240679561859 45.405628845328465 252.47236036299728 220.91206847922876 181.83434822456911 165.22967208083719 327.59507951734122 364.41599330469035 200.27047419012524 112.18556511378847 407.73366703174543 200.82635693042539 227.26675630826503 405.47653828002512 590.18171169469133 62.626043732976541 31.791868090629578 56.958395813126117 682.83611013996415
leaf_count=12600 1555 7142 16701 536 1381 1876 899 1309 1546 4272 2502 5215 5968 13768 3182 1175 13039 3744 5062 2123 2356 1237 1241 10236 2566 5231 7875 888 2762 1660 5543 7498 170 6021 1979 16003 525 3110 476 2799 117 1706 3000 7566 2638 1373 2611 2745 1968 828 688 6657 2122 2992 853 1809 1893 1670 4690 136 3448 4618 757 3380 2167 3632 2470 1844 1719 3613 1133 3561 3364 688 1007 3695 449 1335 2443 349 1194 3689 3995 2532 27576 968 990 2460 555 6051 148 2654 2324 293 7919 16795 3958 84 301 4252 208 3129 1761 3223 801 362 213 32772 1026 3720 2886 2138 2154 6126 6351 3446 787 6985 3656 4360 6286 8803 830 233 939 13682
internal_value=-0.000105496 0.00427788 0.0108309 -0.00242692 -0.00560044 0.00638969 -0.0080842 -0.0126913 -0.0203905 -0.0269105 -0.0111818 -0.0142621 -0.0190831 -0.00104062 -0.0120146 -0.00119822 -0.0248842 -0.0183076 -0.0329612 -0.0347464 0.0144776 -0.005683 0.00661519 0.0151878 -0.0146397 0.00189648 -0.0327336 -0.0234207 -0.0162187 0.00407478 -0.00173189 0.0167535 0.0019215 -0.000865732 -0.00756335 0.00463693 0.0117651 -0.0134191 -0.00420719 0.0286779 0.0141959 0.0326191 -0.00433454 0.00160617 -0.0071951 -0.0124513 -0.00192673 0.00544538 -0.00187014 0.0122266 -0.0126676 0.00442593 0.000359188 -0.0232927 0.0277361 -0.00827884 0.0178196 -0.00698816 -0.00499945 -0.00922503 0.00284914 0.0116671 0.0145758 -0.0211145 -0.0165546 -0.0180144 -0.0248862 -0.0141594 -0.0206669 -0.00519761 -0.0367211 -0.00460269 -0.00728457 0.0183802 0.0087157 0.00131526 0.0148266 -0.0326545 0.0105008 -0.00714941 0.0186253 0.0268652 -0.00911865 -0.0248388 0.0348062 -0.0208689 -0.00964896 0.019609 0.0247206 0.0190259 -0.0254867 0.0105457 0.0133145 0.0214441 0.0189498 0.0217047 0.0241566 -0.0177749 -0.0265199 -0.0189515 -0.0198867 0.00788267 0.00177421 0.0106488 -0.00796374 0.0173914 0.0353224 0.0171358 -0.0147636 0.0091448 0.00375592 0.0205811 0.01662 0.0247812 0.0180936 0.012049 0.00664421 0.0150805 0.0244552 0.0129628 0.0073757 0.0289359 0.0181436 0.00345862 -0.00450877 0.026208
internal_weight=38568.8 13353.5 9633.64 25215.3 14576.8 2501.15 12075.6 3719.88 2227.14 1944.79 9150.46 7018.31 5067.9 2132.15 1166.98 1492.74 3969.96 2383.42 1718.85 1586.54 7891.19 1742.45 1104.94 1763.59 737.558 1097.94 1708.53 387.795 837.506 904.941 1950.41 6617.12 10638.6 5250.21 3634.51 5388.35 2983.43 2673.13 2404.92 1454.59 1615.7 1289.88 1528.83 2925.16 709.391 555.068 343.519 883.036 522.484 965.17 322.697 2215.77 1419.57 643.066 647.891 1986.2 6091 1345.5 1631.29 1060.28 571.013 796.196 782.247 855.465 2392.86 2163.59 775.599 1387.99 803.348 584.641 560.338 928.174 461.247 5901.8 961.378 435.363 526.015 662.251 724.256 82.9844 5854.8 238.537 658.426 498.509 1199.37 398.24 1871.03 290.046 732.663 5709.44 177.687 283.041 280.267 2500.26 443.031 2481.12 1443.8 632.522 563.63 605.403 589.301 1115.7 348.266 767.43 214.813 133.454 1187.58 3209.18 373.684 543.71 291.238 1054.86 545.427 509.429 638.542 274.126 239.049 418.719 282.349 311.51 593.442 805.261 489.788 339.67 1170.99 689.949
internal_count=485120 173779 138374 311341 166425 34948 131477 35405 18658 13693 94607 67407 43831 27200 12604 16747 30169 22078 9039 8091 119217 19157 14304 28527 6421 13662 9421 2443 6991 12166 23576 102516 144916 67625 39883 77291 51028 26294 26263 32819 27742 30020 18209 36870 7521 4883 3510 13388 7367 14596 2011 29349 16335 4229 11089 18802 95018 15209 18361 10223 8138 13014 12293 6863 21991 19824 6915 12909 6484 6425 2852 9678 5024 92662 13589 4702 8887 3805 10134 798 91974 4446 6117 3068 28314 2812 16993 4903 14354 90081 836 5399 4303 40840 8089 40547 23752 4680 3681 4544 4460 17438 4800 12638 2562 2238 27789 49241 3528 7847 4127 16469 8205 8264 10991 4640 3353 7461 4965 5741 9415 12761 8396 3977 13539 13799
is_linear=0
shrinkage=0.05


Tree=37
num_leaves=127
num_cat=0
split_feature=5 6 9 9 8 6 5 7 8 9 5 5 5 8 8 6 8 4 6 5 8 7 7 7 7 8 7 8 7 5 8 7 8 5 6 8 7 4 4 9 7 8 7 9 5 4 7 7 7 8 8 9 8 9 6 7 7 7 4 7 8 9 8 8 8 4 4 8 7 4 9 7 5 6 9 5 8 8 4 1 7 6 6 7 7 7 7 4 8 9 9 0 4 7 8 9 0 8 9 7 2 8 9 7 9 7 4 7 8 8 8 8 5 8 0 8 9 7 0 7 7 0 7 5 4 7
split_gain=433.105 252.357 408.685 334.738 246.554 214.664 198.451 179.736 168.315 153.399 222.858 153.071 136.644 218.286 125.827 113.985 184.885 82.8399 80.4275 66.7387 73.2991 61.8543 48.8939 44.6086 44.2711 42.5599 39.343 53.326 55.23 59.5853 40.2427 37.4907 36.1342 38.5958 35.9694 35.6807 61.7115 35.407 31.6799 31.3725 30.2409 29.5446 77.9256 45.3384 39.1336 30.0151 27.0981 26.3205 23.8569 253.729 21.6908 166.243 91.5555 106.544 21.2225 21.0785 20.4495 19.4848 19.4409 16.3667 62.4476 24.9471 37.0217 15.7344 15.6989 15.235 14.6065 14.1187 13.9852 13.5344 13.4163 12.6531 12.5397 11.5194 11.471 11.2852 14.2228 14.1638 11.1969 10.3344 10.3326 44.3975 22.7726 10.1095 10.0482 29.4376 9.43569 9.31719 10.3785 11.5656 8.46465 8.23232 7.91358 7.90019 11.035 7.71268 7.60157 7.3674 6.84976 6.81992 6.74648 6.60249 34.1458 9.8924 7.50549 21.3678 6.46113 6.42273 30.6486 24.14 16.3977 7.91479 6.38853 7.42519 6.16058 6.04007 10.1683 14.4484 5.97836 5.77216 5.48865 5.3943 5.3584 7.30451 5.21991 5.192
threshold=1.0000000180025095e-35 1.5000000000000002 1.0000000180025095e-35 1.0000000180025095e-35 1.0000000180025095e-35 1.0000000180025095e-35 1.5000000000000002 1.0000000180025095e-35 1.5000000000000002 1.5000000000000002 1.5000000000000002 1.5000000000000002 1.5000000000000002 1.5000000000000002 1.5000000000000002 1.0000000180025095e-35 1.5000000000000002 3.5000000000000004 1.0000000180025095e-35 1.5000000000000002 1.0000000180025095e-35 1.5000000000000002 1.5000000000000002 1.0000000180025095e-35 1.0000000180025095e-35 1.0000000180025095e-35 1.5000000000000002 1.5000000000000002 1.0000000180025095e-35 1.5000000000000002 1.0000000180025095e-35 1.0000000180025095e-35 1.0000000180025095e-35 1.5000000000000002 1.5000000000000002 1.0000000180025095e-35 1.5000000000000002 3.5000000000000004 3.5000000000000004 1.0000000180025095e-35 1.5000000000000002 1.0000000180025095e-35 1.5000000000000002 1.5000000000000002 1.5000000000000002 3.5000000000000004 1.5000000000000002 1.5000000000000002 1.5000000000000002 1.0000000180025095e-35 1.5000000000000002 1.5000000000000002 1.0000000180025095e-35 1.5000000000000002 1.0000000180025095e-35 1.5000000000000002 1.0000000180025095e-35 1.5000000000000002 3.5000000000000004 1.5000000000000002 1.5000000000000002 1.5000000000000002 1.5000000000000002 1.5000000000000002 1.5000000000000002 3.5000000000000004 3.5000000000000004 1.0000000180025095e-35 1.0000000180025095e-35 3.5000000000000004 1.5000000000000002 1.0000000180025095e-35 1.5000000000000002 1.0000000180025095e-35 1.0000000180025095e-35 1.5000000000000002 1.5000000000000002 1.5000000000000002 3.5000000000000004 2.5000000000000004 1.0000000180025095e-35 1.0000000180025095e-35 1.0000000180025095e-35 1.0000000180025095e-35 1.0000000180025095e-35 1.5000000000000002 1.0000000180025095e-35 3.5000000000000004 1.5000000000000002 1.0000000180025095e-35 1.5000000000000002 2.5000000000000004 3.5000000000000004 1.5000000000000002 1.5000000000000002 1.0000000180025095e-35 2.5000000000000004 1.0000000180025095e-35 1.5000000000000002 1.0000000180025095e-35 3.5000000000000004 1.5000000000000002 1.5000000000000002 1.0000000180025095e-35 1.5000000000000002 1.0000000180025095e-35 3.5000000000000004 1.5000000000000002 1.5000000000000002 1.5000000000000002 1.0000000180025095e-35 1.0000000180025095e-35 1.5000000000000002 1.5000000000000002 2.5000000000000004 1.5000000000000002 1.5000000000000002 1.5000000000000002 2.5000000000000004 1.5000000000000002 1.5000000000000002 2.5000000000000004 1.0000000180025095e-35 1.5000000000000002 3.5000000000000004 1.0000000180025095e-35
decision_type=2 2 2 2 2 2 2 2 2 2 2 2 2 2 2 2 2 2 2 2 2 2 2 2 2 2 2 2 2 2 2 2 2 2 2 2 2 2 2 2 2 2 2 2 2 2 2 2 2 2 2 2 2 2 2 2 2 2 2 2 2 2 2 2 2 2 2 2 2 2 2 2 2 2 2 2 2 2 2 2 2 2 2 2 2 2 2 2 2 2 2 2 2 2 2 2 2 2 2 2 2 2 2 2 2 2 2 2 2 2 2 2 2 2 2 2 2 2 2 2 2 2 2 2 2 2
left_child=4 2 8 26 31 6 69 32 19 10 107 18 13 35 17 16 -6 48 22 25 78 39 68 63 -13 54 27 106 -29 -30 72 38 33 -5 59 36 -11 -31 73 -18 -15 42 43 122 70 56 -16 71 49 -12 52 -52 53 -8 -2 -37 -43 80 74 61 -61 87 -63 -17 -14 75 -41 -50 -10 91 -44 -20 -28 98 -36 77 -77 -32 -21 -58 82 -82 -22 -27 -53 -86 -45 88 -25 -90 -62 -4 -26 101 97 -60 -76 -95 -1 -47 112 104 -103 -104 105 -93 118 109 111 110 -9 -109 114 119 -81 -116 -117 -118 -3 -114 -56 -42 123 -7 -65 -106
right_child=1 3 5 7 15 41 50 9 11 12 14 24 64 40 46 23 21 -19 47 20 57 -23 -24 34 92 83 30 28 29 37 65 -33 -34 -35 58 55 -38 -39 -40 66 121 45 44 86 -46 99 -48 -49 67 -51 51 84 -54 -55 120 -57 79 -59 95 60 90 62 -64 124 -66 -67 -68 -69 -70 -71 -72 -73 -74 -75 96 76 -78 -79 -80 100 81 -83 -84 -85 85 -87 -88 -89 89 -91 -92 93 -94 94 -96 -97 -98 -99 -100 -101 -102 102 103 -105 125 -107 -108 108 -110 -111 -112 -113 113 -115 115 116 117 -119 -120 -121 -122 -123 -124 -125 -126 -127
leaf_value=0.021471014840830683 -0.019165157173953541 -0.021672616037460984 -0.0041648463339505884 0.014968928672490785 0.010539365139273591 0.024615858088854865 -0.03500214480552695 -0.011137594311856888 -0.0038612032272222784 0.01439501032485937 -0.0422258520078733 -0.030392947722655536 -0.0023745895590375297 -0.03912399058786218 -0.019796471786829823 0.0089487352052917257 0.0023189228926027462 0.0043845243861778873 -0.033872460743514007 0.019269597002771002 0.026255839973737545 0.011838230765008928 0.024967872591233221 0.0076267839876671614 0.024015108569437324 0.0275026544653863 0.027959349147706172 0.037296380797710013 -0.033191449017462932 0.014708610281262939 0.0084031206747089172 0.0081314967081054443 0.015401227043558728 -0.021739488693093219 0.0045453074885425651 -0.0009897544175715338 -0.020104163240552128 -0.052808208573469829 0.0047161505913771769 -0.03248194253503451 -0.00020340078442368295 0.0090351878480756549 -0.025978963898493759 -0.0049459944328754148 0.0059996367664527451 -0.0091001482518711409 -0.0056852454765019406 -0.043941527035934284 -0.028040711893773454 0.026005821336871078 0.02284373795622904 -0.032773779096755482 0.012427460184012121 0.0098640510063135334 0.003259735108301911 0.018805394005237754 0.0036494600214470201 -0.025554079972209865 -0.028200300902509568 -0.017294158757343314 0.02510002928796928 0.013577860563980269 -0.0079690352244366196 0.0267714736208386 0.005192517748637447 0.0013979843570224436 -0.0035527848378152441 -0.037213487985868453 -0.026244660283850904 -0.0034469849573483969 -0.0034890340640974177 -0.023370439797950934 0.00067751790260181532 0.0076289683771013674 -0.0064590607306401829 0.036868714189516726 0.01375630292195351 0.03045196722856517 -0.015103459904136252 -0.0075385153759050172 -0.01824818502915555 0.017196964391256037 -0.023218022889472362 0.012910245952740275 0.021189176808367377 -0.025956913622908417 0.010164975285781639 -0.0084243626644311172 0.0031491499429963988 0.029829588641147216 0.0054474871412950208 0.019565280786289767 -0.00017563280564078336 0.011365335836778061 0.0092103877799414278 0.00025074768021466829 0.017996069352808047 0.033748084345808761 0.026966742892318263 0.0056837993159155557 -0.014265272094102863 0.030145384334699783 0.00067054992218649816 0.015456731552451551 0.0054582365065356242 -0.0050170423620277491 -0.0048429319794067215 0.006382077264625358 0.011321745514553021 -0.022004961066746175 0.0091204092845421549 -0.0085883298258061201 0.029072969900221648 0.017171330222489175 0.014160876707799098 0.014792761755719423 0.036712586142056546 0.01744874584038637 0.017620353781008034 0.019904625981647776 0.029619537059199248 -0.023647617128877814 0.032422431489459592 -0.0082342184234449386 0.0051502197093577879 0.017987358754667122
leaf_weight=1973.1188972981181 147.82917979313061 9.1048183990642411 99.877257429994643 126.99325158377178 716.00555121479556 118.29850445047487 388.82579628936946 182.91118856449611 126.28080411721021 190.17017017910257 505.15640701213852 51.177950753131881 1999.5901421706658 621.12448372785002 599.91179730044678 244.81248452595901 79.076022922294214 165.04960410413332 528.39474705280736 214.79042977583595 25.119331214344129 111.80660116206855 95.260965711204335 237.96455089945812 213.21014907833887 176.52475593495183 46.894688116619363 54.551570452284068 219.42783212382346 150.26857845112681 160.84657788625918 700.91422040737234 702.11529914231505 161.6565251396969 246.34657423500903 273.01740134134889 402.29724328010343 21.288388315588236 276.54286893620156 720.60575767233968 25.92324498295784 816.9153599498095 221.26836131233722 140.03998340317048 296.2335441922769 103.09565368713811 786.90905208047479 339.99224994936958 602.75137562537566 185.66586937219836 200.10673783812672 456.02612284570932 351.62928345915861 199.76112206932157 134.95541340881027 263.84648866369389 123.00977253890596 312.0737680203747 29.664582767523825 421.49942060210742 111.90173862257507 288.39999881130643 639.75336118973792 366.17247593239881 1041.6145357906353 69.751159839099273 46.719706698320806 1539.596273934003 156.08898775558919 213.79611321655102 95.000425304286182 659.90941600129008 349.74304548231885 126.89159284671769 32.722289485391229 296.07585040666163 87.911435431917198 133.77109509822913 25.870701103936881 25.434365620254539 234.7052063154988 140.36114575667307 223.13629812793806 370.77868735592347 35.541481888620183 377.43760240054689 387.4642701363191 46.984658585861325 55.186958373757079 155.60809491947293 107.8232218392659 119.33816145651508 40.126042035175487 56.250153318047523 208.113223309163 106.64684265223332 741.01153980311938 113.35993402567692 829.65090206218883 310.55451569834258 14.994011654518543 194.85567206889391 341.69263992388733 168.16884370427579 176.14638379437383 332.13404696946964 37.495627384399995 102.14113164297305 362.59486204723362 183.20134164905176 217.65554778999649 621.28737864503637 375.60003893799148 614.07973713905085 921.52149294107221 444.43935970682651 173.62376003497047 228.30065716686659 407.40386871912051 339.96392665791791 22.203865662915632 463.33965265611187 272.62761575204786 19.220874070655555 30.794511703308672 156.99433882941958
leaf_count=34770 1172 149 1429 2326 11281 2494 1790 1541 1514 3487 1778 420 21793 2406 4864 3762 1331 1994 2519 3777 332 1862 1499 3408 3686 2926 715 950 1341 1772 2003 12514 12324 888 3189 3229 2604 111 3813 4461 346 12468 1104 2399 4570 1094 7910 1384 3106 2510 4030 2284 6457 2886 1964 3903 1651 2295 208 3801 2000 4768 5504 7072 13826 1086 406 6158 1294 2284 1523 3831 3684 1586 372 7405 2092 2209 268 736 1761 2362 1493 6981 791 2495 4660 804 1235 3419 1503 3029 409 873 3106 1067 12282 2517 16078 4191 493 4253 4360 3116 3186 2681 645 1564 4758 1815 4009 5878 7119 10885 13502 7566 4500 2730 7110 5873 271 3195 6942 336 533 2498
internal_value=-0.000285991 -0.0033292 0.0013317 -0.00802212 0.00900658 0.00674001 -0.00195635 -0.0111299 -0.0117216 -0.0129149 -0.0183465 -0.0212626 -0.00668497 -0.0160541 -0.0242648 0.00221979 -0.00867399 -0.0300248 -0.0265202 -0.0013187 -0.00903642 -0.0230269 -0.00583886 0.00694179 0.0116237 0.00932892 0.0107111 0.00288081 -0.0093979 -0.0159914 0.0168549 0.0186224 0.00928515 -0.00559347 0.00454052 -0.000572155 -0.00902502 0.00607301 0.0209126 -0.027641 -0.0317855 0.0127705 0.00681235 0.0158663 -0.00705125 0.0148248 -0.0117994 -0.0316233 -0.0320302 -0.0238768 -0.0132891 -0.01816 -0.00773694 -0.0197841 -0.00562723 0.00875562 0.0161263 -0.0153661 0.0115968 0.000585596 -0.00604169 0.00357221 -0.00126648 0.0189695 0.000218004 0.0236721 -0.0307275 -0.034647 -0.0162833 0.00848696 -0.0192558 -0.0280649 0.00396527 0.0224393 0.0139653 0.0259562 0.0316268 0.0184835 0.0155273 0.0178994 -0.0102326 -0.00497308 -0.0181268 0.0176584 -0.0276174 -0.0218581 0.0061516 0.0126157 0.0148324 0.0228924 0.0155245 0.00978521 0.0201979 0.0105333 0.0169942 -0.00610115 0.0169548 0.0264351 0.0231068 0.00198608 0.0184567 0.00888437 0.0123969 0.00556822 0.00571771 0.00150971 0.0149247 -0.00279931 -0.000524024 -0.00702406 -0.000134723 -0.00646876 0.0186183 0.0212659 0.0166445 0.0169965 0.0200636 0.0258408 0.0167116 0.024751 0.00714765 -0.0224084 0.0283154 0.0199982 0.0251114 0.0113988
internal_weight=38286.2 28841.6 14470.5 14371.1 9444.63 10231.7 4190.05 12326.5 4238.79 11335.8 6054.83 2210.44 5280.92 2239.72 4385.04 5537.51 1674.21 2998.22 1905.93 2028.35 1176.06 958.208 377.631 3863.29 304.514 852.292 2044.53 899.541 445.536 390.985 1144.99 3907.12 990.765 288.65 3221.51 1129.33 592.467 171.557 3206.2 846.401 1110.39 6041.69 1550.15 937.651 612.502 4491.53 1386.82 1528.3 2833.17 690.822 2009.33 1069.11 940.216 588.587 304.988 536.864 4077.88 935.396 1156.39 2065.12 641.224 1423.9 928.153 641.779 3041.2 748.356 767.325 2142.35 282.37 2180.73 316.269 1188.3 396.638 2929.66 1020.08 678.605 383.987 294.618 240.661 3260.97 623.322 375.066 248.256 547.303 869.005 412.979 527.504 495.744 448.76 210.795 219.725 1966.93 253.336 1867.05 377.723 136.311 773.734 169.61 2802.77 413.65 3137.96 1489.33 704.717 509.861 784.613 451.472 454.004 1669.79 1086.02 583.768 400.567 723.429 3122.96 1329.64 1793.32 1767.89 846.364 401.924 416.509 715.564 157.159 489.263 410.147 137.519 396.967 333.141
internal_count=485572 342543 193059 149484 143029 150901 54065 118212 42158 102674 47885 16556 54789 19170 28320 74268 19341 15546 12041 25602 12288 8060 4307 54927 4515 13314 31272 12078 4174 3224 19194 68761 15538 3214 43560 13223 6091 1883 56247 6198 5947 96836 24028 16831 7197 72808 12774 7734 13552 4288 20733 9600 11133 4676 3407 7132 67523 8243 17118 26442 7304 19138 10272 11367 35619 14795 4867 9264 2808 33332 2627 6350 4399 52434 15843 13709 9497 4212 4045 55055 5948 4123 1825 9907 5570 3286 7059 8866 8062 4654 3503 31048 4095 29619 6496 1275 12654 3390 50848 5285 53404 23123 11729 7476 11394 5710 7904 19565 12200 7365 5550 7442 52911 23877 29034 28298 14796 7230 7259 12992 2235 3541 9772 2830 7605 5684
is_linear=0
shrinkage=0.05


Tree=38
num_leaves=127
num_cat=0
split_feature=8 7 7 8 6 5 5 6 6 5 9 9 8 8 5 5 9 7 5 9 9 5 9 5 9 9 8 5 9 6 9 9 9 5 8 9 6 9 5 5 9 6 5 6 6 0 6 5 9 9 9 6 6 8 8 7 6 9 5 9 6 0 9 6 9 5 9 3 2 8 6 9 5 6 9 2 1 9 9 5 9 7 6 5 6 5 5 5 6 6 6 2 7 3 3 6 1 9 9 5 6 3 0 3 3 9 6 5 5 9 3 9 7 7 1 3 6 9 9 9 9 5 2 3 5 1
split_gain=95.5338 192.957 168.06 305.632 277.35 642.128 178.113 173.982 111.367 118.211 105.97 214.474 178.928 129.133 88.9363 171.878 93.6947 116.576 57.221 98.2868 71.7104 55.9031 53.2272 45.3643 40.6276 39.2272 36.0381 35.6647 109.419 116.497 86.9246 48.0243 71.3798 38.3355 34.6064 91.1223 77.3524 56.8536 102.657 94.1546 37.0909 191.113 90.963 39.7625 39.0156 30.8199 28.0133 24.2595 71.0161 30.8731 24.0647 23.4478 22.9529 22.7778 22.2432 20.7871 27.26 19.548 29.8463 17.7025 23.2348 16.8529 16.6748 14.9393 15.1538 32.0711 21.3619 13.5357 12.9891 13.9527 12.7008 12.6893 24.8411 11.9077 11.3038 10.5686 10.3093 9.64858 10.4161 9.62708 9.25568 8.45771 34.4856 13.541 8.5412 8.36483 8.317 8.1342 9.05514 7.74781 7.57617 7.3715 7.26332 6.96025 6.56981 7.54988 6.54713 6.5122 6.50283 6.28859 6.19503 5.89854 5.86454 5.86366 5.26242 5.23387 5.1409 18.5983 9.07341 4.97706 7.21303 4.90044 38.8942 21.3673 4.74557 4.60802 4.74915 53.6136 81.4165 33.7935 29.738 4.52355 4.36225 4.33691 4.19052 4.04131
threshold=1.0000000180025095e-35 1.5000000000000002 1.5000000000000002 1.5000000000000002 1.5000000000000002 1.5000000000000002 1.0000000180025095e-35 1.5000000000000002 1.5000000000000002 1.5000000000000002 1.5000000000000002 1.0000000180025095e-35 1.5000000000000002 1.5000000000000002 1.5000000000000002 1.0000000180025095e-35 1.0000000180025095e-35 1.0000000180025095e-35 1.5000000000000002 1.5000000000000002 1.0000000180025095e-35 1.0000000180025095e-35 1.5000000000000002 1.0000000180025095e-35 1.0000000180025095e-35 1.5000000000000002 1.5000000000000002 1.0000000180025095e-35 1.0000000180025095e-35 1.5000000000000002 1.5000000000000002 1.5000000000000002 1.0000000180025095e-35 1.5000000000000002 1.5000000000000002 1.0000000180025095e-35 1.0000000180025095e-35 1.5000000000000002 1.5000000000000002 1.5000000000000002 1.5000000000000002 1.0000000180025095e-35 1.5000000000000002 1.0000000180025095e-35 1.0000000180025095e-35 2.5000000000000004 1.0000000180025095e-35 1.0000000180025095e-35 1.5000000000000002 1.5000000000000002 1.5000000000000002 1.0000000180025095e-35 1.0000000180025095e-35 1.5000000000000002 1.5000000000000002 1.0000000180025095e-35 1.5000000000000002 1.5000000000000002 1.5000000000000002 1.5000000000000002 1.0000000180025095e-35 2.5000000000000004 1.0000000180025095e-35 1.5000000000000002 1.0000000180025095e-35 1.5000000000000002 1.5000000000000002 2.5000000000000004 2.5000000000000004 2.5000000000000004 1.0000000180025095e-35 1.0000000180025095e-35 1.5000000000000002 1.0000000180025095e-35 1.5000000000000002 2.5000000000000004 2.5000000000000004 1.5000000000000002 1.0000000180025095e-35 1.0000000180025095e-35 1.5000000000000002 1.0000000180025095e-35 1.0000000180025095e-35 1.5000000000000002 1.0000000180025095e-35 1.0000000180025095e-35 1.5000000000000002 1.0000000180025095e-35 1.0000000180025095e-35 1.0000000180025095e-35 1.0000000180025095e-35 3.5000000000000004 1.0000000180025095e-35 2.5000000000000004 2.5000000000000004 2.5000000000000004 2.5000000000000004 1.0000000180025095e-35 2.5000000000000004 1.5000000000000002 1.0000000180025095e-35 3.5000000000000004 2.5000000000000004 2.5000000000000004 2.5000000000000004 2.5000000000000004 1.0000000180025095e-35 1.5000000000000002 1.0000000180025095e-35 1.5000000000000002 2.5000000000000004 1.0000000180025095e-35 1.0000000180025095e-35 1.0000000180025095e-35 3.5000000000000004 2.5000000000000004 1.0000000180025095e-35 1.0000000180025095e-35 1.5000000000000002 1.0000000180025095e-35 1.5000000000000002 1.5000000000000002 2.5000000000000004 2.5000000000000004 1.0000000180025095e-35 2.5000000000000004
decision_type=2 2 2 2 2 2 2 2 2 2 2 2 2 2 2 2 2 2 2 2 2 2 2 2 2 2 2 2 2 2 2 2 2 2 2 2 2 2 2 2 2 2 2 2 2 2 2 2 2 2 2 2 2 2 2 2 2 2 2 2 2 2 2 2 2 2 2 2 2 2 2 2 2 2 2 2 2 2 2 2 2 2 2 2 2 2 2 2 2 2 2 2 2 2 2 2 2 2 2 2 2 2 2 2 2 2 2 2 2 2 2 2 2 2 2 2 2 2 2 2 2 2 2 2 2 2
left_child=1 27 3 8 6 10 24 68 9 21 11 13 45 -6 15 25 -16 22 20 67 -10 59 -18 -15 26 -9 -4 31 29 52 70 32 -1 -32 35 75 57 39 -39 -38 42 86 44 -44 62 -12 -34 49 114 -22 -19 -35 -29 77 93 -53 -57 -37 -59 102 -61 -14 -36 64 65 -3 106 -20 -5 71 -30 72 87 -26 79 -8 -43 78 -7 90 -75 82 83 -76 -83 -65 -42 -70 -89 -33 -73 96 -27 -13 -87 105 -17 -46 104 -31 -77 103 -2 -11 -68 -96 108 -108 -66 110 -55 113 -113 -69 -49 -23 117 -117 -119 -118 -121 -86 -98 -104 -56 -91
right_child=2 63 4 7 5 53 34 14 18 101 12 54 61 23 16 91 17 50 19 -21 47 115 -24 -25 73 92 -28 28 30 99 33 89 46 51 40 36 37 38 -40 -41 41 76 43 -45 97 -47 -48 48 -50 -51 -52 55 -54 109 124 56 -58 58 -60 60 -62 -63 -64 85 66 -67 98 111 69 -71 -72 74 -74 80 81 100 -78 -79 -80 -81 -82 84 -84 -85 121 94 -88 88 -90 125 -92 -93 -94 -95 95 -97 122 -99 -100 -101 -102 -103 123 -105 -106 -107 107 -109 -110 -111 -112 112 -114 -115 -116 116 119 118 -120 120 -122 -123 -124 -125 -126 -127
leaf_value=0.0058879856951461187 -0.0084812786216129903 -0.024283151380326023 0.016082988610563811 -0.0036461418256165377 0.0043924973413694487 0.021504238103327217 -0.034339725203442882 0.023208099903356913 0.01358673341606741 -0.0068308072839875006 0.014083983040256523 -0.021149415468672859 -0.020512633110042436 0.014240456698636368 -0.02979096096871325 -0.016467864504885216 -0.033412725456878768 0.027853813533894774 0.013481749042144884 0.011366902881626539 0.0037040237493829171 0.0036111080969166219 0.011928471794998072 -0.038204551547529685 0.0055608956406878228 -0.022844358074014349 -0.021745755442831763 0.023190588142333185 0.0050075425767234661 -0.022392061848536551 0.010212193639240348 0.0035119690222688801 -0.010180646874815034 0.018233434002281165 -0.021789495030951594 0.019501633579569091 0.012349453029654525 -0.026363017094199765 0.016880329490217116 -0.037321465934883592 0.0074459037402576913 0.0016123662342400293 -0.040491809219993347 -0.014293553322203185 0.025177090702738408 -0.033360006579380291 0.012931771483060815 -0.015939023382696163 0.015337857130965572 -0.020925355351528802 0.0036107375219442623 0.013308964321173046 -0.00090892514944897218 -0.03089671126595115 0.010253000397516162 -0.020349759312547976 0.01760901754594808 -0.017933897312836716 0.027366363930279039 -0.011305069907597342 0.0076117515580718846 0.027817878757459252 -0.0030213985758057436 0.0079312265535381957 0.0052830926591655473 0.023080120421849641 -0.025690774705365439 -0.039938069963640889 0.018738618112471215 -0.025288604207154293 0.024154040674608981 0.026337941712776904 0.0073246558185310383 0.027336277070449468 0.017887626356017719 -0.0019949779189653151 -0.033663677610423652 0.018414887170170011 0.032704089264638289 0.0091759195492649558 0.010474640519961408 0.012288996650423187 0.0021138039242500867 0.03910158479796038 0.024901449966979509 0.002971183613705396 0.033324700397374896 0.019095675795677215 0.035338780784129935 -0.0094468526837841894 0.013516651205395087 -0.016730510225901891 -0.0098764004521785242 0.019080658897215955 0.022601823066622895 -0.026610859659164328 0.0031688281167163144 0.0066807745461782003 -0.03597103048643966 -0.035338602666575063 0.029528613500479074 -0.029776971087170791 -0.001793156565766466 0.013073027785055924 0.0082308048456010835 0.0017257586957846608 0.033989013130423275 0.0056595062609601354 0.035542011848434939 0.011394533555307512 0.018334996579296506 0.00046020253576165953 -0.030529744932090205 0.014374091610838472 0.018846408423956899 -0.023801813382519441 0.0081269742070525404 0.016777387373743395 -0.01858592458018395 -0.01420987694704736 4.6933148063699301e-05 0.014622125272191908 0.034277139359395019 0.012817966582311642 0.00087307734399249323 0.014561397414860967
leaf_weight=1101.2623391262023 38.34348421683535 79.710891612106934 94.960166125791147 91.191488183336332 298.70292836427689 457.91493413003627 6.7915721014142028 72.519211247330531 360.89034778042696 37.434155212249607 34.808784707449377 10.247276484500615 19.659123811405152 43.522015018388629 432.9081597737968 6.1158647206611922 258.72664293600246 231.40748690592591 19.872389921918511 202.30336620192975 153.59898864710703 86.020867491606623 85.634830131195486 650.79866705369204 223.71700445050374 214.46225493238308 182.52684167213738 149.94933269545436 97.157760186353698 172.66502147726715 665.00180663447827 1587.0518099959008 2739.4243747226428 76.358743875578512 245.34238884365186 143.35966359917074 110.78960683871992 350.6224029737059 224.23337064182851 667.63302226830274 44.394340615253896 20.952351288869977 362.72848757077008 243.30406828038394 60.077392738312483 1100.867198223481 136.86055424483493 538.62716789823025 287.01320366072468 732.74406338226981 183.54160293610767 72.195889631984755 285.78535429155454 6.6729499055072656 159.01554003776982 372.73512794449925 53.370898706605658 128.45784029026981 49.587264913367108 306.60865919548087 342.70633449032903 155.43787249561865 228.49266672087833 136.04072788986377 31.19429027964361 63.163850280921906 10.821327613666652 184.68427029345185 255.84276808565482 20.147276340518147 845.33229461219162 154.49895576841664 248.85341075825272 199.81727811356541 305.23927797679789 17.452772612916306 1313.0255412072875 607.65365468699019 397.50423680362292 1321.4172872061608 140.03938059939537 255.42616404138971 368.13946829759516 100.83007314032875 593.2984442388406 48.682795025408268 107.91687043383718 129.68234368902631 280.65423907304648 18.233710137195885 470.23859642585739 7.1030891919508568 221.86728107510135 417.06317892577499 1188.9017990737921 7.218095881631597 11.799588138703255 221.48213516082615 7.9081731070764354 229.81007393915206 135.71195979020558 7.3656910499557844 55.580291347112507 1388.8439067837899 395.53335241321474 30.977803739719093 100.67274609149899 135.8179286243394 127.10925743845291 727.02598599530756 557.30082125752233 119.7520993060898 653.16869432595558 19.565689913928509 9.1871000751852971 457.55195297277533 324.31570079200901 314.46830628544558 335.23931666719727 1107.5990910017863 545.86457532667555 137.0449478237424 420.0062159782974 561.07370349159464 466.2177115639206 240.18635805835947
leaf_count=14901 422 418 1301 1641 3708 7865 83 989 5494 505 361 237 349 680 1949 157 1384 4859 203 3088 1973 1067 1361 2358 3394 866 755 2510 1976 990 10726 18163 24612 1201 1501 2901 2087 2175 3973 2738 970 269 2152 2372 1373 5190 2587 6310 4266 5326 2549 1444 3726 126 2028 2527 1006 973 980 3191 4969 3386 2481 2393 587 888 127 679 4878 523 15261 2540 3220 4014 5908 215 6259 10506 7316 19921 2543 4624 3834 2278 10305 627 2477 2741 6130 264 6741 126 2776 7249 19622 131 275 2903 76 1329 3208 169 1058 19866 5950 280 2008 2395 2370 11257 10101 1838 2575 851 54 3179 5346 5160 3216 9895 6140 2550 8877 8610 4732 3503
internal_value=-5.61423e-05 0.00383888 -0.00163195 0.00168169 -0.00620861 0.00113148 -0.0143275 0.00965159 -0.0042838 -0.000181771 -0.0135493 -0.00643205 -0.024643 -0.0230892 -0.00215632 0.00921768 -0.0112566 -0.000664186 -0.0116682 -0.0203641 -0.00665172 -0.00418466 -0.0221355 -0.0349014 0.006851 -0.0106247 -0.00878893 0.000446351 0.0048543 -0.0104924 0.0107514 -0.00184047 -0.00493306 0.00204569 -0.0181323 -0.0127646 -0.0162105 -0.0214444 -0.00949511 -0.0302452 -0.0215848 -0.0270505 -0.0156023 -0.0300149 -0.00401505 -0.0318947 -0.00907679 -0.0109007 -0.00477567 -0.0166578 0.017165 -0.00740597 0.00741855 0.0190211 0.00929017 -0.0113635 -0.0155652 0.00582484 -0.00523496 0.00452625 -0.00132448 0.0223059 -0.0127646 0.0165256 0.011663 -0.00332932 0.0143114 -0.0268074 0.0150055 0.0153727 0.0221877 0.0155554 0.0208418 0.0145536 0.014245 0.0231898 -0.0331088 0.0232978 0.0267408 0.0116064 0.0204395 0.0171544 0.0132092 0.0232383 0.0202364 0.0197937 0.0258795 0.0258726 0.0302642 0.00482407 0.0167244 0.0318787 -0.016288 0.0180688 0.0210514 0.0217657 0.0327035 0.0107025 0.00635658 -0.0298537 0.0259469 0.0123082 0.0103194 0.0125462 0.00726661 0.0220735 0.0226214 0.0178116 0.02965 0.0141601 0.0176988 -0.0276396 -0.0257339 -0.0346907 -0.0153224 -0.00776791 -0.00808626 -0.0107113 -0.00147007 -0.00661193 -0.00950604 0.0229952 0.0334364 0.0115003 0.00327124 0.0128375
internal_weight=38910 11207.1 27702.8 16069 11633.8 6110.41 5523.42 6878.6 9190.42 5909.02 3356.34 2045.57 1310.77 993.024 2146.09 953.874 1192.22 759.311 3281.41 1199.35 2082.06 4475.37 344.361 694.321 841.061 508.849 277.487 8843.38 3020.36 838.21 2182.15 5823.02 3977.55 1239.66 4682.36 1834.64 1674.68 1353.28 574.856 778.423 2847.72 1486.29 1361.43 606.033 755.395 1135.68 2876.28 1721.17 834.827 886.343 414.949 574.661 435.735 2754.07 1052.54 498.302 426.106 321.405 178.045 1304.31 649.315 175.097 473.835 2363.75 951.932 142.875 809.057 997.043 4732.5 4641.31 942.49 4621.17 915.033 563.574 3706.13 159.956 1333.98 1463.07 855.419 1946.15 339.857 1759.98 774.209 406.069 985.77 1411.82 152.311 666.179 410.337 1845.47 624.738 445.025 436.33 427.31 1275.78 1227.1 437.922 281.56 414.263 402.475 153.165 1433.64 654.997 1426.28 406.355 1219.88 394.794 236.491 158.304 1291 563.974 977.171 772.921 204.25 547.814 3171.06 3085.04 1107.26 649.708 1977.78 1653.46 730.343 431.806 616.654 625.233 258.42
internal_count=485596 144598 340998 209452 131546 77449 54097 104002 105450 72793 30278 20992 9286 6746 26168 14066 12102 10153 32657 9234 23423 52253 2745 3038 12007 4631 2056 106726 42696 8555 34141 64030 42100 16904 42090 19333 15827 10973 6148 4825 22757 9975 12782 4524 8258 5551 27199 17929 10630 7299 7408 6178 6236 47171 14246 4977 3533 4854 1953 18250 8160 3735 3982 37872 14819 1306 13513 6146 77834 76193 17237 75670 16969 9951 58701 3506 6528 25687 15181 29202 6557 29499 12020 8186 17479 23053 3447 13749 8871 21930 9281 9435 3642 7486 20660 20033 9309 4276 6153 2319 3423 20540 10090 20371 6077 19902 7360 4403 2957 21484 10227 5943 4413 1530 6364 34003 32936 11555 8376 21381 16035 12855 9152 9668 6760 3767
is_linear=0
shrinkage=0.05


Tree=39
num_leaves=127
num_cat=0
split_feature=5 9 9 6 7 7 6 6 6 7 7 9 5 9 6 7 4 7 9 9 9 6 5 6 9 5 9 9 9 5 6 6 7 7 4 4 5 7 9 3 6 7 5 9 7 4 1 7 6 6 5 9 4 2 1 4 3 4 4 3 7 0 3 2 3 4 3 1 4 0 5 0 4 2 2 2 0 4 3 6 0 0 0 1 3 6 3 1 9 7 7 1 3 2 0 3 0 7 2 2 3 3 1 4 4 3 1 0 3 2 1 4 4 0 3 6 3 5 0 2 4 0 4 1 4 3
split_gain=284.04 230.138 189.131 330.382 193.269 125.306 209.019 128.496 111.151 179.28 159.759 147.064 123.862 86.4266 82.0635 165.227 160.615 76.2004 219.496 127.141 70.7624 194.425 62.9248 73.0803 56.4744 53.3284 81.908 57.1549 44.1144 35.0697 29.6439 21.9603 24.2395 27.0962 21.6803 21.2341 20.6401 19.4463 17.4613 17.1938 16.4798 67.0135 15.1327 14.9307 23.7028 14.7737 13.1716 12.5 38.9312 12.4926 11.7199 11.1788 11.0544 10.7876 11.9677 10.22 10.072 9.64584 9.59002 9.43973 9.18484 9.12298 8.74227 8.67026 8.45117 8.27741 7.53363 7.33064 7.10042 7.08124 6.84239 6.27912 6.25584 6.2451 6.24284 5.92449 5.76305 7.20503 5.61619 5.30191 5.03341 5.01805 4.99058 4.92892 4.8324 4.77884 4.67684 4.66953 4.66385 9.39524 9.26618 4.4351 4.38365 4.31087 4.2841 4.12026 3.99919 3.977 4.86711 3.89428 3.87425 3.7922 3.74671 3.66455 3.62535 3.39713 3.20303 4.21417 3.0853 3.06007 2.92983 2.92862 2.92036 3.07688 2.91827 2.87398 2.82537 2.73435 2.68467 2.67955 2.60544 2.55133 2.50726 2.48347 2.44221 2.43255
threshold=1.5000000000000002 1.0000000180025095e-35 1.5000000000000002 1.5000000000000002 1.5000000000000002 1.5000000000000002 1.5000000000000002 1.5000000000000002 1.0000000180025095e-35 1.0000000180025095e-35 1.5000000000000002 1.5000000000000002 1.0000000180025095e-35 1.0000000180025095e-35 1.5000000000000002 1.5000000000000002 3.5000000000000004 1.0000000180025095e-35 1.5000000000000002 1.0000000180025095e-35 1.5000000000000002 1.5000000000000002 1.0000000180025095e-35 1.5000000000000002 1.5000000000000002 1.0000000180025095e-35 1.5000000000000002 1.0000000180025095e-35 1.0000000180025095e-35 1.0000000180025095e-35 1.5000000000000002 1.0000000180025095e-35 1.0000000180025095e-35 1.5000000000000002 3.5000000000000004 3.5000000000000004 1.0000000180025095e-35 1.5000000000000002 1.0000000180025095e-35 2.5000000000000004 1.0000000180025095e-35 1.0000000180025095e-35 1.0000000180025095e-35 1.0000000180025095e-35 1.5000000000000002 3.5000000000000004 2.5000000000000004 1.0000000180025095e-35 1.0000000180025095e-35 1.0000000180025095e-35 1.0000000180025095e-35 1.5000000000000002 3.5000000000000004 2.5000000000000004 2.5000000000000004 3.5000000000000004 2.5000000000000004 3.5000000000000004 3.5000000000000004 2.5000000000000004 1.5000000000000002 3.5000000000000004 2.5000000000000004 2.5000000000000004 2.5000000000000004 3.5000000000000004 3.5000000000000004 3.5000000000000004 3.5000000000000004 2.5000000000000004 1.0000000180025095e-35 2.5000000000000004 3.5000000000000004 2.5000000000000004 2.5000000000000004 2.5000000000000004 2.5000000000000004 3.5000000000000004 2.5000000000000004 1.5000000000000002 2.5000000000000004 2.5000000000000004 2.5000000000000004 2.5000000000000004 3.5000000000000004 2.5000000000000004 3.5000000000000004 3.5000000000000004 1.5000000000000002 1.5000000000000002 1.5000000000000002 3.5000000000000004 2.5000000000000004 2.5000000000000004 2.5000000000000004 3.5000000000000004 2.5000000000000004 1.0000000180025095e-35 2.5000000000000004 3.5000000000000004 2.5000000000000004 2.5000000000000004 2.5000000000000004 3.5000000000000004 3.5000000000000004 3.5000000000000004 2.5000000000000004 2.5000000000000004 2.5000000000000004 2.5000000000000004 2.5000000000000004 3.5000000000000004 3.5000000000000004 2.5000000000000004 2.5000000000000004 1.5000000000000002 2.5000000000000004 1.0000000180025095e-35 2.5000000000000004 3.5000000000000004 3.5000000000000004 3.5000000000000004 3.5000000000000004 2.5000000000000004 3.5000000000000004 3.5000000000000004
decision_type=2 2 2 2 2 2 2 2 2 2 2 2 2 2 2 2 2 2 2 2 2 2 2 2 2 2 2 2 2 2 2 2 2 2 2 2 2 2 2 2 2 2 2 2 2 2 2 2 2 2 2 2 2 2 2 2 2 2 2 2 2 2 2 2 2 2 2 2 2 2 2 2 2 2 2 2 2 2 2 2 2 2 2 2 2 2 2 2 2 2 2 2 2 2 2 2 2 2 2 2 2 2 2 2 2 2 2 2 2 2 2 2 2 2 2 2 2 2 2 2 2 2 2 2 2 2
left_child=8 5 14 31 92 7 -7 40 9 12 17 13 35 39 15 47 63 18 19 71 28 29 23 -15 116 26 43 93 30 57 70 32 -4 -34 -24 38 -32 -18 -1 -12 -2 -42 81 44 -11 61 -21 49 72 120 121 100 62 115 85 64 -52 -22 75 -56 102 78 -48 123 -8 119 76 80 -31 -9 94 -10 -49 -43 -58 -20 -61 87 -6 -41 -64 -23 -36 -17 88 118 -82 117 90 -90 -29 -50 -5 -27 -19 -65 -28 122 -99 124 -40 -85 -45 -44 -25 -102 -77 -108 -53 -104 -26 -91 113 -81 -72 -13 -14 -78 -55 -33 -3 -30 -94 -16 -98 -76
right_child=1 2 3 4 45 6 55 69 10 25 11 53 24 22 16 83 37 20 58 46 21 42 34 104 110 27 96 84 50 68 36 65 33 -35 82 -37 -38 -39 51 79 41 73 103 60 -46 -47 52 48 91 -51 56 108 -54 54 59 -57 74 -59 -60 66 -62 -63 67 95 -66 -67 -68 -69 -70 -71 114 -73 -74 -75 125 106 77 -79 -80 112 86 -83 -84 101 -86 -87 -88 -89 89 111 -92 -93 97 -95 -96 -97 99 98 -100 -101 105 -103 109 -105 -106 -107 107 -109 -110 -111 -112 -113 -114 -115 -116 -117 -118 -119 -120 -121 -122 -123 -124 -125 -126 -127
leaf_value=0.014014775648052686 -0.017131817764007681 0.014725551695582609 0.015447493963819335 -0.011980312267735197 0.0012545202015729912 0.017259572849302351 0.0022775423573614798 -0.021381780924353111 -0.035845965562927302 -0.0065244862159556721 -0.031687133796765514 0.0050565517902400126 -0.01348571598162243 0.007222162197697223 0.017671111163335841 3.7031175299705055e-05 0.013009343477730024 -0.01628683738433458 -0.0093513300438297243 0.0069365037897266254 -0.016669398071962598 -0.0058696989863482865 0.0079878178602197161 -0.021166459470791172 0.018096515836514001 -0.014756506815307888 -0.022564823360968163 0.003269626383563064 0.0051645794941605145 -0.0052085021227549055 0.011183335274202545 0.013352188658030329 -0.013698780558899868 0.0064406846338796973 0.019218417209876344 0.0053864712719154167 -0.013131481377550767 -0.018925933053477596 -0.0053211001425872871 0.026557283781695598 0.032022220353424447 0.013592386083399428 0.01148874386195123 0.011467956763157511 -0.032454052166675407 0.0021795553325527068 0.0049675131793957663 -0.029943522429041067 -0.0067741895342431947 -0.008223465211242174 -0.016907676054949645 -0.013590487814222146 -0.0033944641286979618 -0.012562933220479864 0.00068489831910721589 -0.0074084615137534121 -0.0079222153015456841 0.0046059501038452251 -0.00051434813385088304 0.015045640608573656 0.0045340351360710759 0.012913629476921682 -0.00180222297056899 0.020290391598646765 -0.028747719136883305 -0.0071964194837934037 -0.016799386132630139 0.0048330190635407569 0.013607851326899451 0.034006921071923303 -0.025587215773831169 0.0033404021141416628 -0.0055833292203987138 -0.011835559837250084 0.013710728864902308 0.00097159916130332515 0.024217593594189575 0.010944623739602342 -0.019799188367297157 -0.0069806928660852462 -0.022176925039727541 0.025482992713429443 -0.018388026133495963 -0.0067254804844340335 0.027189404151084225 0.016431299306394361 0.0077039115499287145 0.0074628790521498942 0.00079943650873016611 0.021839487054670099 -0.0067284408874970147 0.016457423496334216 0.0090684763422780919 0.026386022465562466 0.017218193996099609 -0.0089405392022735113 0.015365837103450727 0.00026610565645079481 0.019013811039255073 -0.020228273516290567 0.025811976371207853 0.023980515302467652 0.004237071224570523 -0.0087703328645349007 -0.002635226710892705 0.0042852634036937903 -0.0082311181678176252 0.020390776591513563 0.018713795517125549 -0.014978408340622185 -0.0088821179209480679 0.0018170473173427305 0.0056553433744065996 0.01899630096064198 0.0034296938358767885 -0.029170125490481643 0.012388463164478811 0.031694312062672418 -0.073299110145988999 -0.015087883781811862 -0.00091789818553819039 -0.019390638504238458 -0.015705452547167077 -0.020283064204606537 -0.0033231291787469645 -0.0086855470955824188
leaf_weight=928.91025403374806 500.18585722649004 107.27267388522159 259.56269329413772 16.078322304412723 31.836589325685054 290.78753279254306 22.040292638354003 5.3046633689664295 9.3523669512942416 134.80769890308147 15.645276988856493 16.433125629089773 9.9520743307657522 380.59010002901778 4.844144023954871 23.489211866399273 54.183788989670575 9.4825080330483598 18.190058911219239 45.101486051687971 1476.7810268155299 12.977061825338749 1281.0075864042738 618.45069801236968 9.3110947329550964 5.9214788610115638 7.0269949201028785 453.89364430075511 708.70305563253351 1100.9690772523172 103.67160057788715 1323.3508887162898 299.41905687283725 375.18256160849705 8.8615825343877059 273.02485472836997 529.41041378537193 360.82949984446168 9.9572504509706032 214.77747894078493 102.4904953611549 24.201451283879578 644.72887952905148 13.968884321860967 256.88081400096416 80.640459132846445 31.683692749589682 253.42978371074423 914.61135616246611 210.89493314642459 27.742703101132065 6.7703351436648509 93.930010998621583 4.0014339126646519 35.24874283047393 60.35244858590886 34.066112462431192 54.869163268012926 74.487771025509574 89.926436758600175 81.832667024806142 21.040635650511831 31.545852769166231 1781.3655985501246 2083.3662383591291 51.180494093685411 9.1071593808010203 26.062286768574268 51.584976870100945 199.58038670953829 7.7832527458667746 851.34982316184323 29.977624566527084 704.82838781189639 1502.1337173312204 23.489352888427675 171.81999256054405 56.232999664498493 3644.8052226980217 11.223832461517302 2035.4009160880232 298.69057629990857 99.875876378500834 9.8478170172311348 15.952986031770704 4.2645095633342862 12.72815965535119 23.862009371630847 446.07156219298486 81.151216771570034 471.55226682429202 20.091379810124636 153.95733247697353 268.23122662573587 136.1416573356837 11.616400687955318 301.40202613826841 38.918888926971704 314.44167183083482 7.5417681769467881 1287.3812635961222 543.46549232664984 21.241320048458874 22.424954466987401 27.886263305321336 19.036402896977961 12.628557683434336 626.5734131395584 1180.3566611008719 481.31923983630259 704.72405655239709 23.730568337370642 51.622701498214155 443.33469286351465 710.38335836457554 8.5682769683189708 626.41577923449222 699.86375469341874 3.34319223416969 7.5515636107884339 35.143407836090773 9.7778305262327176 10.037073637358843 16.737143367063254 18.211107513401657 11.59365043370053
leaf_count=14149 3877 2240 3731 177 638 4383 297 95 220 1720 238 177 194 4904 59 466 885 144 420 577 12466 159 16990 5488 65 110 93 5130 9988 10466 1531 20579 2596 5144 94 4279 5089 2565 445 3421 1884 165 8706 120 1305 1204 338 2077 9113 2222 501 358 1656 97 505 798 580 651 769 1187 1996 121 365 28288 12700 862 156 459 690 4743 190 9543 437 6392 25067 377 3595 1193 28151 473 16045 6719 1262 194 158 54 152 208 5961 1842 5034 138 2471 5452 2378 210 5356 562 4753 191 23652 10443 346 372 282 175 174 10801 18905 3818 8172 169 702 6247 9336 212 9835 13779 152 205 305 127 143 461 326 245
internal_value=0.000174377 -0.00521307 -0.00148197 -0.0068085 -0.0149892 -0.0154937 -0.0224967 -0.00429063 0.00357409 0.00830857 0.00110484 0.00934015 0.014107 0.00380413 0.00658214 -0.000392558 0.0132995 -0.00199922 -0.00766842 -0.0134943 0.000961934 -0.0039935 -0.000767985 -0.0101484 0.00114199 -0.00117809 -0.00876024 0.0045075 0.00575002 -0.010949 -0.000927184 0.0084199 0.00249426 -0.00250518 0.0061658 0.0188304 -0.0091384 -0.0147352 0.0198979 0.0187852 -0.00996735 -0.0056423 0.0150723 -0.0159813 -0.0235692 -0.0189664 -0.0196813 -0.00879421 -0.0111941 -0.00051173 0.0101055 0.0220744 -0.0202222 0.0248721 0.0256119 -0.0278401 0.0125185 -0.0159047 0.0165132 0.0261565 -0.0109832 -0.019428 -0.0209598 0.019716 -0.028422 0.0124204 0.0270094 -0.0213521 -0.00435527 0.032476 0.00509452 0.0028735 -0.0273955 -0.010974 0.0130565 0.018374 0.0274082 0.0285592 -0.0196166 0.0199228 -0.0216824 0.0241629 -0.0151761 0.0224722 0.000646342 -0.0233705 -0.0219876 0.0296518 0.000341326 0.00397947 -0.00182656 -0.00625777 0.0131647 0.025447 0.0149403 0.0200961 0.0126168 0.0139678 0.0169555 0.0134389 0.0252648 0.0234229 -0.0134456 0.0107957 -0.0203722 0.0255018 0.0191479 0.0198133 0.0185183 -0.0141594 -0.0085055 0.0173692 0.0170609 0.018341 0.00308008 -0.00734408 0.0119633 0.03025 -0.0456803 0.0131796 0.0108858 0.00480392 0.00746622 -0.0113586 0.0142939 0.0135336
internal_weight=38767.9 14998.9 11005.8 6628 4311.76 3993.14 2456.55 1536.59 23769 8146.58 15622.4 4275.95 5055.84 3153.28 4377.8 2148.22 2229.58 11346.4 3892.52 3137.15 7453.92 3663.03 2416.67 1026.93 1350.4 3090.74 1324.23 1766.5 3790.89 2684.2 1496.87 2316.25 934.164 674.602 1389.75 3705.44 633.082 415.013 3432.41 736.604 1331.71 831.52 978.821 990.051 391.689 3778.32 2276.45 1571.42 1218.11 353.311 2294.02 2503.5 2231.35 1122.67 1097.67 2165.76 1575.54 1531.65 755.369 1086.06 598.362 3697.68 2137.42 1814.56 2105.41 1382.08 1050.81 2105.74 1152.55 204.885 863.791 860.702 283.407 729.03 1547.79 680.881 1041.71 951.779 3676.64 720.959 2079.67 311.668 108.737 576.803 1492.35 11.6091 2048.13 895.546 1476.4 550.953 925.446 934.703 533.433 274.153 145.624 1792.98 334.182 517.355 353.361 327.155 1316.37 553.313 516.529 667.154 646.337 1306.42 662.691 639.202 1187.13 502.561 714.035 104.882 506.181 454.559 718.167 25.0014 636.368 871.684 7.34463 1330.9 142.416 718.481 163.994 21.5813 319.613 1513.73
internal_count=484847 166774 131440 71337 38220 35334 18178 17156 318073 119356 198717 61416 80229 40101 60103 27635 32468 137301 41896 29355 95405 40229 29020 10674 18266 39127 15271 23856 55176 24273 18668 33117 11471 7740 18346 61963 6620 3450 57684 11081 12318 8441 15956 9305 3025 30114 19592 16532 11765 4767 36508 43535 19015 21315 20926 13795 26393 13117 12541 20623 6280 28910 17359 29018 12997 21646 20118 17021 11156 4838 12048 9763 2514 6557 25892 11772 19962 18775 28789 10843 16562 6878 1356 11103 18294 303 16197 17582 18136 7972 10164 9251 8106 5562 2522 28498 5966 7929 5315 5873 24272 10637 4284 9078 5770 23827 11352 10975 19263 4164 8237 2011 7422 6720 9526 389 10029 17374 249 20784 2545 10115 2614 520 5682 25312
is_linear=0
shrinkage=0.05


Tree=40
num_leaves=127
num_cat=0
split_feature=7 7 9 8 8 9 5 9 5 5 8 5 9 5 9 5 9 5 9 8 9 5 5 8 5 5 4 4 4 0 9 8 5 8 5 9 4 9 5 8 9 9 5 4 4 9 5 4 8 3 2 5 4 5 4 0 4 5 9 9 5 5 4 9 2 0 3 0 4 3 0 4 1 3 0 0 0 3 8 2 4 8 8 9 9 8 3 4 5 2 0 8 0 1 9 5 0 2 3 1 0 5 1 2 2 1 2 3 3 3 9 1 8 2 1 3 3 3 4 4 0 2 0 4 2 1
split_gain=246.192 242.568 337.151 138.078 185.421 151.992 117.875 242.12 160.697 99.7141 85.0544 81.6226 73.9817 256.777 67.9256 62.5535 57.7148 53.8643 55.394 74.8996 261.176 53.2714 46.798 46.7377 39.7178 37.8736 37.4612 33.5487 30.1906 27.2804 22.6562 99.1738 32.7588 26.4689 45.7419 22.6335 22.4457 21.1264 20.4841 22.928 98.9818 21.9208 21.6458 34.0505 19.338 15.3005 14.6566 14.2191 13.5533 13.0657 12.5599 11.7809 11.3639 11.2285 10.2269 9.97991 9.57826 9.41726 152.75 40.9139 588.173 475.82 9.26585 9.23936 9.58789 8.97025 8.03133 7.50285 7.30917 7.25749 7.07625 6.48801 6.08559 6.0119 5.99492 5.99108 5.97297 5.94606 5.88424 5.621 5.55217 10.9757 5.41797 35.8421 32.613 27.7646 5.73416 6.10515 5.38916 11.1296 5.346 5.11311 5.06966 5.1366 4.94795 4.79787 4.79244 4.78675 4.51644 4.46751 4.45479 4.14039 5.12572 4.0704 4.0538 3.98137 3.82731 3.75263 3.6805 3.53763 3.53573 3.47021 3.39475 3.75441 3.39267 3.25406 3.19316 3.16401 3.14445 3.09705 3.01226 2.97164 2.76053 2.66771 2.59742 4.56374
threshold=1.5000000000000002 1.0000000180025095e-35 1.5000000000000002 1.5000000000000002 1.0000000180025095e-35 1.0000000180025095e-35 1.5000000000000002 1.5000000000000002 1.0000000180025095e-35 1.0000000180025095e-35 1.0000000180025095e-35 1.0000000180025095e-35 1.0000000180025095e-35 1.5000000000000002 1.5000000000000002 1.0000000180025095e-35 1.0000000180025095e-35 1.0000000180025095e-35 1.0000000180025095e-35 1.5000000000000002 1.5000000000000002 1.5000000000000002 1.5000000000000002 1.0000000180025095e-35 1.5000000000000002 1.0000000180025095e-35 3.5000000000000004 3.5000000000000004 3.5000000000000004 2.5000000000000004 1.5000000000000002 1.0000000180025095e-35 1.5000000000000002 1.0000000180025095e-35 1.5000000000000002 2.5000000000000004 3.5000000000000004 1.0000000180025095e-35 1.0000000180025095e-35 1.5000000000000002 1.0000000180025095e-35 1.0000000180025095e-35 1.5000000000000002 3.5000000000000004 3.5000000000000004 1.5000000000000002 1.5000000000000002 3.5000000000000004 1.5000000000000002 2.5000000000000004 2.5000000000000004 1.5000000000000002 3.5000000000000004 1.5000000000000002 3.5000000000000004 2.5000000000000004 3.5000000000000004 1.0000000180025095e-35 1.5000000000000002 1.5000000000000002 1.5000000000000002 1.5000000000000002 3.5000000000000004 1.0000000180025095e-35 2.5000000000000004 2.5000000000000004 2.5000000000000004 2.5000000000000004 3.5000000000000004 2.5000000000000004 2.5000000000000004 3.5000000000000004 2.5000000000000004 3.5000000000000004 2.5000000000000004 2.5000000000000004 3.5000000000000004 2.5000000000000004 1.5000000000000002 3.5000000000000004 3.5000000000000004 1.5000000000000002 1.0000000180025095e-35 1.0000000180025095e-35 1.0000000180025095e-35 1.5000000000000002 3.5000000000000004 3.5000000000000004 1.5000000000000002 2.5000000000000004 2.5000000000000004 1.0000000180025095e-35 3.5000000000000004 2.5000000000000004 2.5000000000000004 1.5000000000000002 2.5000000000000004 2.5000000000000004 3.5000000000000004 2.5000000000000004 2.5000000000000004 1.5000000000000002 2.5000000000000004 3.5000000000000004 2.5000000000000004 2.5000000000000004 2.5000000000000004 2.5000000000000004 3.5000000000000004 2.5000000000000004 2.5000000000000004 3.5000000000000004 1.5000000000000002 2.5000000000000004 2.5000000000000004 3.5000000000000004 2.5000000000000004 2.5000000000000004 3.5000000000000004 3.5000000000000004 3.5000000000000004 3.5000000000000004 2.5000000000000004 3.5000000000000004 2.5000000000000004 2.5000000000000004
decision_type=2 2 2 2 2 2 2 2 2 2 2 2 2 2 2 2 2 2 2 2 2 2 2 2 2 2 2 2 2 2 2 2 2 2 2 2 2 2 2 2 2 2 2 2 2 2 2 2 2 2 2 2 2 2 2 2 2 2 2 2 2 2 2 2 2 2 2 2 2 2 2 2 2 2 2 2 2 2 2 2 2 2 2 2 2 2 2 2 2 2 2 2 2 2 2 2 2 2 2 2 2 2 2 2 2 2 2 2 2 2 2 2 2 2 2 2 2 2 2 2 2 2 2 2 2 2
left_child=1 2 38 4 6 9 8 16 47 -5 11 35 13 15 37 -6 -8 27 23 28 22 55 62 24 71 78 57 63 30 -16 31 32 -20 65 75 119 51 -10 82 41 95 74 43 67 77 -23 48 -2 -27 -33 -11 105 -17 76 -18 -14 -9 58 -7 61 70 90 -21 72 -65 -32 -15 -43 -13 -57 -61 -19 -3 92 -40 -35 80 -42 98 -44 108 -82 84 -84 -1 86 87 -85 -67 -90 -59 -30 93 -69 -70 -41 -66 -55 -12 -62 -79 102 -51 107 -28 -22 -50 -98 112 -92 -48 123 113 -25 -77 -116 -47 -95 -68 -4 -109 124 -36 -99 -71 -126
right_child=3 17 10 5 12 26 7 56 14 50 25 68 21 66 29 52 54 18 19 20 36 45 -24 53 -26 46 104 -29 91 -31 33 49 -34 34 122 -37 -38 -39 39 40 44 42 79 -45 -46 116 110 -49 106 101 -52 -53 -54 97 -56 69 -58 59 -60 60 99 -63 -64 64 96 88 118 73 94 121 -72 -73 -74 -75 -76 114 -78 100 -80 -81 81 -83 83 85 -86 -87 -88 -89 89 -91 109 -93 -94 117 -96 -97 103 111 -100 -101 -102 -103 -104 -105 -106 -107 -108 120 -110 -111 -112 -113 -114 -115 115 -117 -118 -119 -120 -121 -122 -123 -124 -125 125 -127
leaf_value=-0.0020634391145134454 0.0207252755551246 -0.036515702869184478 -0.021604904678426771 -0.017920041236154753 0.00028075493709945189 0.012068477330152268 0.0029065642552804317 0.023063673762166115 -0.026320950186562747 -0.042875537881867959 0.017742856480933704 0.0080372629566046929 -0.001055403319799269 -0.026254352015719393 0.012121880453413654 -0.032261152159218445 -0.022329670516676958 -0.012864249731660837 -0.0028831344635576223 -0.005381370737552558 0.00069434711496800202 -0.00046407365386946694 -0.019521945684442519 -0.025106788630734268 0.019074707581006239 -0.0029719891879865989 0.037629104850232853 -0.0017246821588361495 -0.014081444644326688 -0.038422433094182626 -0.014060074821639741 -0.0068686078860050849 0.020774833342095053 -0.0082782351991189749 0.012458569154972135 0.010111096919313133 -0.012645502040344127 -0.0049521103258183229 -0.0012653404732639619 -0.013067536380420254 -0.022967015432288018 -0.0013005098430256777 -0.00045042112066945978 -0.01480457828088406 -0.0048332598287366578 -0.0093812328353692631 -0.0014863242829560048 -0.020607921614334397 0.011124534144420861 -0.012602206947464625 0.024230171012538233 0.012847730950441822 -0.0014912341609191109 0.0052120121468867001 -0.0042155623753043821 -0.0041016798831496806 -0.0018874382718874956 0.00045184177376908914 -0.038495276018198049 -0.0050255886088538615 -0.00045813949870810697 -0.032775224571759999 0.012629621006332052 -0.00045590705725746182 0.0011951457027224921 0.011892547011083887 0.023907167569701401 -0.022649990364465772 -0.049969966089359025 0.0020770612884516613 -0.033201327196449075 0.010494032121616495 0.010165042524140045 -0.030791760842979445 0.02218915451466312 -0.012458090058869102 -0.029956563281664933 -0.0098663595849008412 0.0039664732953717859 0.035978753188267681 0.014076569968104975 -0.035410640253368535 0.014490026953038471 -0.023393154170168906 0.00831251863557168 0.0027628546511200749 0.0021873496290276385 0.0013455507169463387 -0.030798071325896355 0.023744886898249259 -0.010152681745126483 -0.0010452794098359545 -0.019972538525399926 0.0030800080944296281 0.0010818719651623796 0.0068484112274887106 0.0055844436059294044 0.027843858843437631 -0.017130330430886416 0.024710670603757211 0.022910809970111131 0.028956495348779157 0.022898069405226304 0.0043580184364089064 0.0034069720035414712 0.024519412348353371 -0.014816837305632378 0.020212494721706824 -0.011067543730596647 0.021102915520050978 0.028276741982497022 -0.0062056368453254325 0.020877514258155351 0.014714171339404759 0.014691348667559985 -0.012661600096300166 0.0087525093368677667 0.023210627674599416 0.0070409887976400068 -0.010837784308137628 -0.0044452213085966544 -0.010150590039632307 -0.0076871770327619051 0.0082399770058279396 -0.01584220890141632 0.018313057938595181
leaf_weight=1258.5339821316302 221.18246784771327 6.1727559021674088 2335.3313197288662 209.65764542669058 225.25010140403174 229.82172303227708 350.49495881865732 671.28064416535199 183.39856610540301 6.199512709863483 174.62509605975356 304.62290109047899 80.513920659897849 7.631936691934242 27.246611802373081 565.79458509129472 889.27342789247632 263.70297484647017 746.6282074325718 742.36030737590045 18.101278559770435 1048.8777341849636 1072.3965599592775 5.1443484351038924 187.56383724114858 388.5611380484188 7.9897082522511473 271.04438350535929 113.61346857761964 748.45657655934338 26.35004008654505 33.041423626244068 180.93818782642484 32.858465838246047 16.601214481517673 58.243190422654152 56.044525009929202 311.94158277346287 28.699215701781213 516.33711129636504 6.6295571457594624 41.80469348654151 460.01811665913556 85.056078822817653 80.51897098030895 24.146656901109964 574.29666273901239 22.159719973336905 13.796629276126621 9.7358615333214384 478.11324087239336 398.29924880643375 31.788823570124805 28.61825965018943 85.969365173950791 39.249836874660105 40.643456182442605 35.010737721808255 423.58231652202085 23.158181889913976 18.00763273332268 1630.5565012190491 78.047407261328772 66.186417107004672 37.560022826772183 421.0313106351532 499.95611633604858 5.6563496496528378 8.3217700868844986 26.120611878111959 1063.1744611805771 32.733544771559536 329.82161278260173 4.7740807402878991 500.20710729667917 11.559806161560116 6.2234893171116701 10.077418431174008 232.63949792040512 9.8380509968847019 40.333426575642079 14.371289713773875 284.99923978932202 228.83528705104254 1899.2908223987324 342.58366064081201 30.374879894778132 27.85639117937535 8.9350194474682194 219.8868972271448 8.6524920517113042 219.35861042584293 6.6266264906153074 20.699234911240637 9.5848231734707952 31.520766111556441 47.082268751226366 438.52182845814968 9.0346454652026278 768.58906323148403 472.95126866200007 403.73726997815538 659.53106273571029 45.268842351157218 244.14504643564578 624.80491079518106 787.91664705332369 1703.7939533735625 10.749858809635041 551.74060185486451 9.1556953925173712 7.640284069813787 389.70515030971728 369.95564902632032 509.35479785932694 10.387763479724525 929.51381364907138 474.63001469732262 30.327548223547637 71.899812341900542 12.146335093304513 8.9880034606903774 639.83183882245794 19.134736386826262 9.1340170521289092 1377.4184852047474
leaf_count=14118 4353 144 16488 1434 2723 4273 4570 11825 1076 79 3552 5607 1094 183 372 3086 6655 3050 7198 8496 188 11149 10238 133 3758 4810 49 3138 1547 3841 312 516 2590 365 86 399 847 3511 385 4882 129 540 5556 1021 1193 614 7631 300 166 178 8638 5609 376 344 981 687 464 274 2130 438 255 9833 1224 1024 619 5845 9420 147 174 327 6608 357 5296 140 7654 122 127 164 3154 58 687 306 4444 2316 24656 4479 234 497 257 4092 84 2738 235 231 73 517 655 8639 154 16450 9443 6931 12417 613 3577 10015 7460 32034 104 9111 124 122 6079 7711 8066 148 14794 10567 588 659 204 131 6082 651 250 22879
internal_value=0.000131353 0.00328066 -0.00176317 -0.00507319 -0.00101918 -0.0110884 -0.00971761 -0.0018629 -0.0202782 0.0108283 -0.0116578 -0.017449 0.00528101 -0.00462672 -0.0274022 -0.0221778 -0.01449 0.0084198 0.00662167 0.00466591 -0.00140097 0.00908544 -0.0126501 0.0144334 0.00112494 -0.00428083 -0.0141291 0.0148873 0.00892015 -0.0366337 0.0101447 0.0138109 0.00174917 0.00620898 0.00180907 -0.0205424 0.0179981 -0.012901 0.00545075 0.00877914 0.00325502 0.0125454 0.00853814 0.0145193 0.017823 0.00370405 -0.00746612 0.0168924 -0.0106461 0.0239155 0.0232846 0.019658 -0.0306296 0.0192705 -0.0207388 0.0160697 0.0216386 -0.0151255 -0.0207192 -0.0142289 -0.00877571 -0.0188113 -0.00365465 0.01689 0.0182356 0.0141367 0.022212 0.0190384 0.00618804 0.0170136 -0.0326059 -0.0102583 0.00920163 0.0206971 0.0209165 0.0122387 0.0157043 0.0215508 0.00927612 0.00038714 0.0160822 0.000673653 0.00319666 -0.000191895 0.00417789 -0.00684983 -0.0182913 -0.0207137 0.0152999 0.0214904 0.0194209 -0.0055222 0.021241 0.0218248 -0.0240317 -0.0119113 0.0189057 0.0252662 0.0159439 0.0241346 0.022208 0.024869 0.0223636 0.0192727 0.00463578 0.0238507 -0.0143571 0.0196529 0.0171668 0.0206031 -0.000971692 0.0264859 0.0175776 0.0141027 0.0135208 0.0141214 0.00828402 0.0223773 0.0229576 -0.0212879 0.0200355 0.017599 -0.00715952 0.027044 0.0177826 0.0180768
internal_weight=37548.6 23393.5 11806.5 14155.2 8456.76 5698.4 3552.05 2037.66 1514.39 693.97 4978.03 2788 4904.71 1360.75 1271.04 822.834 1325.74 11586.9 9067.83 7253.44 2990.05 3543.96 1892.8 1814.4 484 2190.03 5004.43 2519.08 4263.38 775.703 3930.41 2033.61 927.566 1896.8 1220.59 2465.47 1097.25 495.34 6828.52 2756.04 1118.04 1638.01 1109.1 639.247 570.177 2002.54 1773.73 243.342 1190.27 1106.05 484.313 1041.21 597.583 1330.4 975.243 1541.42 711.924 4752.29 653.404 4098.89 1872.93 2225.96 820.408 2248.03 1912.04 676.203 537.916 554.191 322.529 1460.91 1086.33 296.437 335.994 512.386 528.906 564.161 836.483 489.658 416.299 469.856 830.26 54.7047 4072.47 914.649 3157.82 629.65 287.067 256.692 649.853 228.822 595.404 332.972 507.612 500.986 17.9066 547.858 1845.85 493.915 183.66 786.597 483.029 1073 669.267 1808.29 252.135 642.906 801.713 1763.02 775.555 560.393 583.452 465.297 764.805 375.1 531.302 519.743 953.66 495.329 530.284 2407.23 1715.94 1421.66 656.433 457.657 1412.67 1386.55
internal_count=485441 315959 144057 169482 106249 63233 37948 24495 13453 10151 50451 23400 68301 16376 8800 6185 12206 171902 128175 96107 36617 51925 19958 32068 7165 27051 53082 43727 59490 4213 55205 29830 9788 25375 14869 17546 16659 4587 93606 42862 16328 26534 18495 12881 10929 26557 20191 4653 12436 20042 8717 15812 3462 24903 7636 25368 12289 49456 6403 43053 23751 19302 9720 40589 35149 10506 10191 11860 5854 24274 7046 3407 5440 11320 8039 8701 15147 9736 6860 5614 15020 993 50744 11970 38774 7526 3047 2813 10194 4349 9469 4285 11180 10945 247 5399 34125 9756 3706 16705 9607 19526 12595 33506 3626 10203 7626 32893 14027 9195 7755 9412 13923 7844 8336 8214 15408 10798 10008 17147 32238 23587 6168 9290 23456 23129
is_linear=0
shrinkage=0.05


Tree=41
num_leaves=127
num_cat=0
split_feature=8 6 7 7 8 5 5 7 5 6 7 4 7 6 5 5 8 7 5 5 7 4 5 5 4 4 4 7 8 8 3 5 5 7 0 7 5 6 6 7 2 2 8 6 6 7 3 4 6 5 8 6 6 8 4 0 6 7 0 1 1 0 0 7 3 1 7 6 5 2 3 3 2 1 0 8 1 1 4 3 7 4 2 0 2 7 1 3 0 4 3 3 4 3 2 1 5 8 0 7 0 4 3 2 4 1 3 8 5 5 2 0 3 8 0 2 1 1 2 4 4 5 2 8 0 1
split_gain=207.796 144.888 331.756 266.078 153.311 222.571 116.977 115.717 102.413 147.121 105.188 91.2376 73.7073 56.4876 198.192 275.897 88.1456 70.0655 58.1261 135.883 117.509 46.694 46.257 43.4967 34.6691 31.8493 31.8246 28.5115 104.702 98.8131 27.0332 25.6674 26.2898 24.5818 19.3674 17.4825 89.6526 28.431 16.3862 15.687 17.9808 14.2552 13.9914 49.3048 19.0555 13.2068 15.5516 12.6159 12.4324 12.2682 104.348 65.753 63.1189 44.8091 12.0733 11.5836 11.0571 30.4941 11.0373 10.9099 10.0101 9.63084 9.355 8.81014 8.80707 8.7807 8.16467 13.998 7.9586 7.84562 7.79491 7.79393 7.68889 8.12775 7.56922 7.00389 6.89476 6.82387 6.80904 6.79709 6.75228 6.74659 6.77891 6.70648 7.83356 6.67608 6.64048 6.2335 6.33165 5.99989 5.94532 5.64984 5.62653 5.57513 5.37939 5.36938 5.28109 5.1465 4.80951 4.77975 4.75892 4.74624 4.5778 4.56448 4.46712 4.34573 4.17984 4.06268 3.96913 7.88174 3.9358 3.92958 3.81943 3.77327 3.61616 3.45985 5.38667 3.37733 3.30366 3.25894 3.20774 3.59898 3.20509 3.08098 3.02354 3.01879
threshold=1.0000000180025095e-35 1.5000000000000002 1.5000000000000002 1.0000000180025095e-35 1.5000000000000002 1.0000000180025095e-35 1.5000000000000002 1.5000000000000002 1.5000000000000002 1.5000000000000002 1.5000000000000002 3.5000000000000004 1.5000000000000002 1.0000000180025095e-35 1.5000000000000002 1.0000000180025095e-35 1.5000000000000002 1.0000000180025095e-35 1.0000000180025095e-35 1.5000000000000002 1.0000000180025095e-35 3.5000000000000004 1.5000000000000002 1.0000000180025095e-35 3.5000000000000004 3.5000000000000004 3.5000000000000004 1.0000000180025095e-35 1.5000000000000002 1.5000000000000002 2.5000000000000004 1.0000000180025095e-35 1.5000000000000002 1.0000000180025095e-35 2.5000000000000004 1.0000000180025095e-35 1.0000000180025095e-35 1.0000000180025095e-35 1.0000000180025095e-35 1.5000000000000002 2.5000000000000004 2.5000000000000004 1.5000000000000002 1.0000000180025095e-35 1.0000000180025095e-35 1.0000000180025095e-35 2.5000000000000004 3.5000000000000004 1.0000000180025095e-35 1.0000000180025095e-35 1.5000000000000002 1.0000000180025095e-35 1.0000000180025095e-35 1.5000000000000002 3.5000000000000004 2.5000000000000004 1.5000000000000002 1.5000000000000002 2.5000000000000004 2.5000000000000004 3.5000000000000004 2.5000000000000004 2.5000000000000004 1.0000000180025095e-35 2.5000000000000004 2.5000000000000004 1.5000000000000002 1.5000000000000002 1.0000000180025095e-35 3.5000000000000004 3.5000000000000004 2.5000000000000004 2.5000000000000004 2.5000000000000004 3.5000000000000004 1.5000000000000002 2.5000000000000004 2.5000000000000004 3.5000000000000004 3.5000000000000004 1.0000000180025095e-35 2.5000000000000004 3.5000000000000004 2.5000000000000004 2.5000000000000004 1.5000000000000002 3.5000000000000004 3.5000000000000004 3.5000000000000004 3.5000000000000004 2.5000000000000004 2.5000000000000004 3.5000000000000004 2.5000000000000004 3.5000000000000004 2.5000000000000004 1.5000000000000002 1.5000000000000002 2.5000000000000004 1.0000000180025095e-35 2.5000000000000004 3.5000000000000004 2.5000000000000004 2.5000000000000004 3.5000000000000004 2.5000000000000004 2.5000000000000004 1.5000000000000002 1.0000000180025095e-35 1.5000000000000002 2.5000000000000004 2.5000000000000004 2.5000000000000004 1.5000000000000002 3.5000000000000004 3.5000000000000004 3.5000000000000004 2.5000000000000004 2.5000000000000004 3.5000000000000004 3.5000000000000004 1.0000000180025095e-35 3.5000000000000004 1.5000000000000002 2.5000000000000004 3.5000000000000004
decision_type=2 2 2 2 2 2 2 2 2 2 2 2 2 2 2 2 2 2 2 2 2 2 2 2 2 2 2 2 2 2 2 2 2 2 2 2 2 2 2 2 2 2 2 2 2 2 2 2 2 2 2 2 2 2 2 2 2 2 2 2 2 2 2 2 2 2 2 2 2 2 2 2 2 2 2 2 2 2 2 2 2 2 2 2 2 2 2 2 2 2 2 2 2 2 2 2 2 2 2 2 2 2 2 2 2 2 2 2 2 2 2 2 2 2 2 2 2 2 2 2 2 2 2 2 2 2
left_child=8 7 3 75 79 21 23 13 26 10 48 34 33 14 15 47 18 60 45 77 41 -6 49 61 27 42 35 29 -29 30 -17 92 65 -11 -8 72 37 39 -12 40 -37 -21 44 -44 -24 91 -47 71 117 50 51 -9 70 -54 58 80 74 -58 -7 -46 68 -4 -59 101 -36 -33 125 -68 -18 95 118 -2 73 -1 90 120 -77 -20 -55 108 -16 -66 87 -70 -85 -28 -25 88 97 -43 -38 -15 -19 -64 -42 -65 -60 -83 -74 107 -34 -57 -52 -45 -14 -100 -105 -73 -5 -110 -22 -67 -78 -27 -107 -79 -117 -10 -51 -63 -3 -122 -114 -120 -48 -39
right_child=1 2 6 4 5 54 11 22 9 12 38 -13 104 16 55 24 17 31 19 20 110 -23 25 86 -26 113 85 28 -30 -31 -32 32 100 -35 64 36 56 66 -40 -41 94 89 43 103 59 46 124 -49 -50 52 102 -53 53 78 -56 63 57 62 96 -61 -62 119 93 69 81 111 67 -69 83 -71 -72 99 98 -75 -76 76 112 115 -80 -81 -82 82 -84 84 -86 -87 -88 -89 -90 -91 -92 -93 -94 -95 -96 -97 -98 -99 105 -101 -102 -103 -104 106 -106 114 -108 -109 109 -111 -112 -113 122 -115 -116 116 -118 -119 123 -121 121 -123 -124 -125 -126 -127
leaf_value=0.017498939113576667 -0.0061630541955160498 0.01272100219366027 -0.013890641943001457 0.0019291499777592085 -0.048180132836445136 0.018170695114991177 -0.042301792577606322 -0.035299799680216452 -0.014159189219746324 0.021735492269948073 -0.02716289514614581 -0.0071252124780441075 0.020234747480918233 -0.030528485990286253 -0.055318811117159188 0.014509427541769407 0.013785343037836196 0.011039189337388832 -0.01982329766435827 0.014975214012008548 0.012541453371696439 0.018838915885795469 -0.0048013490342804655 -8.6055636956783492e-06 0.0021822086750320079 0.020565146592037731 -0.0040693670165083502 0.0025183029207160139 -0.026255609238033439 -0.011608164597551512 -0.039727397483301057 0.021766944854967246 -0.032230854348320889 -0.0091999145510581314 0.0030798640713968093 0.00081744682038490009 -0.015872785726493099 0.0077292605415299927 -0.014531266381688328 -0.0019330246487128636 -0.036325767761280617 -0.033479928832191426 -0.023481767225716627 0.029997186397774725 0.011983845345556042 0.013838334519091453 0.00027115587086766994 -0.0052164489639396228 -0.00022842780405962337 -0.022139314050960545 -0.027770938700460469 -0.0054652145981469412 0.0026152245507144768 -0.019001433433320249 0.0081084077064462242 0.015534830995369169 0.0018530497135098624 -0.0081502365393485068 -0.0086131525358401888 -0.02480503085613453 -0.026137392304011103 0.020585999605160207 -0.013682949636020564 -0.0088826098680512573 -0.022049743223447136 0.018221975082121516 -0.015601631712960196 0.0091926118787135011 -0.014148113269350457 -0.023304661387842079 0.054315066213929689 0.0077566251846984784 0.0011116602719670277 -0.064417409290787916 -0.026153948882307626 -0.025361649670652683 -0.015186547291810255 0.010088538620251409 0.0025714806249400981 0.026213836788879036 0.007918923650124891 0.026294969516499369 -0.019193143955714732 -0.02025701501124217 0.025659366380316209 0.012608215733830261 0.029408293704863 -0.0080169753627977475 -0.003683891475457566 -0.0026138519350338285 0.01932007145087335 0.013324477598748814 -0.0055164904059886921 0.028691213569764309 -0.0023347368108998425 0.027794514663004435 -0.014815680850645281 0.021270994608785145 -0.0026768651175053527 0.019691809087795276 0.0083783700707336668 -0.00054460404065551711 0.012810675022750004 0.031770079916532946 0.0078893803609889016 0.013168617639239233 -0.0015962723148664909 0.0181860305019876 -0.0064529558334544372 0.0015557915015145009 -0.0025903076373307785 -0.0054830207622656169 0.021598472528086835 0.0018385935938347771 -0.012762189313896794 -0.05673633350423405 0.018333793442599038 0.016209539958554564 0.014007587509660885 0.0063233793779534616 -0.027595554978050447 0.0059316508227050483 -0.010161231567568853 0.0060762034025605444 -0.020150784964580757 -0.023379240631181047
leaf_weight=4.9032398508861661 42.490930463885888 595.80701998714358 22.608086747583002 499.667238867376 633.32369759213179 29.035483327694237 10.607866106322033 407.12768460297957 8.9066096823662502 74.405104172416031 543.55636135558598 293.69090547319502 830.81517134141177 7.6666840040124944 7.5594577202573401 23.269465942401439 381.64658880210482 703.9246667069383 18.695021642837673 15.767323177307842 44.033477095887065 26.600048408377916 145.84781598625705 1871.0377604736714 183.98514916445129 39.656059189001098 483.21993020537775 521.411436567083 801.47321618720889 693.78067847620696 706.28477857506368 29.911500397138298 6.3424582951702169 432.76909157237969 55.653828504495323 49.105257010087371 11.47742011444643 274.58556195069104 494.90636990708299 103.56679743155837 149.30540736648254 497.81840873905458 518.91716755798552 11.510317554697393 19.993308763718233 35.610577097162604 18.546160561963916 88.786861319094896 538.76992926653475 7.8503225259482852 6.1919642575085154 338.09336691256613 394.39863600220997 761.36572494450957 78.480850025545806 372.2902931785211 440.5320453599561 20.101233242312446 551.13680390012451 1047.8303087227978 11.559056486934422 389.839410292916 7.5040989983826867 9.9299882720224542 7.4442451857030383 16.755079870577902 141.6575950901024 93.869575005723163 10.803610186558215 7.4317835476249448 8.4009864460676891 244.73476035404019 88.657336923293769 5.6984966085292381 8.6413961919024569 7.5277286525815716 6.7133616842329493 1376.4206286832923 38.185637631220743 20.841268042568117 7.8975374735891819 1212.2547050202847 8.5886550042778236 8.7976849605329317 424.56580961879808 67.512943131267093 18.383022479712963 15.023563180118797 20.451996320858598 16.439868275541812 798.93513785186224 48.211615314648952 54.760011049453169 207.74038357823156 12.771315320394931 263.5294709756854 934.83012569579296 948.8289109999314 43.947192906402051 384.47713302273769 588.15591839898843 52.250524928793311 323.30820760480128 8.6407076362520439 82.248338489793241 3849.4045786483912 354.96918338560499 152.95419359917287 783.48379816568922 504.41319122863933 945.76334893656895 1384.5676495078369 455.37209247262217 80.163546260679141 12.748108158353714 3.9350672191940239 3.9167653145268559 178.34203428309411 186.11879790655803 45.857479531317949 8.8898343739565444 40.989415524411015 7.5394215527921906 363.68263511534315 748.90314242616296 7.077116888947784
leaf_count=59 1138 10258 363 6047 3088 356 284 2800 110 972 3293 3458 14741 156 178 234 6268 9835 388 108 347 275 2090 22519 2089 747 6553 6206 6150 8260 4586 235 157 4158 912 608 326 5156 5337 1167 997 3416 4225 80 450 340 207 1108 6939 146 98 3849 5326 6726 1042 5891 5531 493 4807 7920 272 6684 162 187 138 307 944 2262 223 144 37 3534 1110 206 192 144 91 21418 475 249 131 22296 173 271 8085 923 153 295 184 251 13978 990 683 3867 340 5418 8639 19215 571 6528 9379 511 5264 64 1071 59430 5340 2335 9939 5395 10000 14062 7697 873 406 155 69 2742 2789 511 257 504 60 4811 8033 114
internal_value=-4.49319e-05 -0.00232108 0.0024219 -0.00640322 -0.0123584 -0.0210575 0.0117206 -0.0051353 0.00608954 -0.00132394 -0.0109627 0.0190835 0.0106503 -0.00245437 -0.00682848 -0.0113408 0.00024299 0.00581704 -0.00509545 -0.0017329 -0.0120872 -0.0454543 -0.0114718 0.00364798 -0.0188188 -0.016863 0.00951943 -0.0202261 -0.0149211 -0.0251427 -0.03798 0.00200078 -0.000938063 -0.00462769 0.0224629 0.010522 0.0070699 -0.00608165 -0.0211627 -0.0179044 -0.0256909 -0.0310623 -0.0182884 -0.0135137 -0.0217917 -0.0165222 -0.0181569 0.0126418 0.00363606 -0.00723087 -0.011439 -0.0217898 -0.0046562 -0.011173 -0.0109317 0.017213 0.014388 0.00963077 -0.0119227 -0.0241056 0.0184893 0.0174485 0.0241201 0.0181601 0.0227843 -0.00460868 0.00113403 -0.00572278 0.0191448 0.0250412 0.00908495 0.0145685 0.0125251 -0.0282888 0.0182971 0.0151311 0.0197359 0.00948447 -0.0179692 -0.00151294 -0.0244905 0.0232783 0.0234412 0.0237086 0.0246827 -0.00200576 0.00029301 0.0236166 0.023838 -0.0325002 0.0188027 0.00687676 0.00983855 0.0271575 -0.0336781 0.0264352 -0.0125225 0.0241 0.0126405 0.0157012 0.00789173 0.0135592 0.0119663 0.000301331 0.0191325 0.0129018 -0.000718405 0.0118034 -0.00185068 -0.0033175 -0.00190516 -0.0051868 0.0205111 0.00815534 0.0130797 0.0098943 -0.0214481 0.0146975 0.00830755 0.0191028 0.0117029 -0.000468736 0.0210604 0.00878169 -0.0196576 0.00686768
internal_weight=37202.9 27135.2 10104.9 5184.65 4061.81 2253.41 4920.27 17030.3 10067.7 3184.72 1764.48 2572.54 1420.24 11968.1 4564.54 3843.65 7403.52 3621.79 3781.73 2922.79 1519.82 659.924 5062.25 2347.73 2930.2 2227.53 6882.96 2746.22 1322.88 1423.33 729.554 2784.42 2025.73 507.174 2278.85 6332.23 2326.87 831.939 1038.46 314.749 211.182 530.026 2107.71 894.037 1213.67 858.938 803.06 913.444 726.019 2834.72 1074.72 745.221 1760 1193.95 1593.48 720.889 1494.93 675.878 1515 1067.82 837.373 458.305 235.346 705.432 2268.25 1431.23 517.19 235.527 825.814 280.891 566.053 824.657 4005.36 10.6017 819.054 1122.84 477.153 1402.97 799.551 1808.41 15.457 2212.59 2205.15 444.167 433.363 550.733 1889.42 2196.56 2181.54 514.258 810.413 55.8783 758.685 215.244 162.077 273.459 1485.97 2161.08 3994.76 782.166 594.498 424.541 329.5 375.12 913.064 3906.1 363.61 397.689 1787.56 1287.9 989.797 1401.32 469.625 119.82 3862.15 1384.27 7.85183 187.249 557.652 435.697 645.686 49.8792 462.912 549.801 767.449 281.663
internal_count=485184 340426 136033 58848 39837 18207 77185 204393 144758 39363 18421 46955 20942 150283 54628 42168 95655 49777 45878 36152 14122 3363 54110 30230 27525 21789 105395 25436 12356 13080 4820 34658 24140 5130 43497 97919 36137 11588 8630 3112 1945 3775 20169 9709 10460 9726 8580 14643 9791 32321 12011 6649 20310 12527 14844 12460 24549 10053 13802 8370 15119 7558 4522 12151 43213 14604 8476 3206 14847 5749 7783 13535 61782 265 14496 19011 7992 22030 7201 21630 309 42301 42163 8579 8356 7476 22672 41990 41695 3667 14304 1146 10518 4029 1337 5605 13446 41511 61517 12397 9536 6402 5362 5484 15812 60407 5404 5869 21381 15334 10347 14369 7848 1620 59836 21642 224 2852 7746 7195 11019 761 7757 7600 8240 5270
is_linear=0
shrinkage=0.05


Tree=42
num_leaves=127
num_cat=0
split_feature=9 5 8 9 6 7 9 6 7 6 8 7 7 7 6 7 7 8 5 6 5 7 5 8 8 6 5 7 8 6 8 7 8 6 6 5 9 9 6 7 5 5 5 8 8 7 6 7 7 7 6 9 6 5 0 6 5 8 6 5 7 7 7 6 7 6 9 6 6 7 3 8 7 5 9 3 1 7 7 3 6 3 9 5 5 3 6 6 8 7 7 3 7 5 3 1 0 7 7 6 6 6 5 8 5 8 8 0 7 0 6 7 6 0 1 2 0 6 0 2 6 1 6 2 1 2
split_gain=675.894 652.372 374.45 238.016 386.478 379.33 227.798 328.32 190.929 147.746 146.151 113.692 110.372 90.4998 88.5268 107.348 83.7072 82.0805 77.5398 83.8441 70.6248 69.5828 58.4316 292.937 259.57 54.7036 90.2114 54.2143 49.4695 109.422 96.0979 47.0554 43.8844 41.3019 39.6393 55.4686 53.1998 41.6429 39.0215 38.932 32.8207 31.3684 29.6407 28.7609 27.8121 57.3084 69.6162 26.9285 46.6297 25.55 23.7876 23.6457 25.3246 32.2877 21.3013 20.7862 47.5304 19.9774 189.944 53.6533 84.1229 77.5498 42.0282 33.5341 34.2813 18.1136 15.4608 14.6463 27.1096 25.0467 14.4412 14.4045 13.8818 13.8463 13.5976 11.9822 10.8239 10.6033 10.1977 9.53821 9.40242 9.25699 10.7883 9.18063 8.83125 8.76418 8.66361 8.63443 8.61295 10.133 8.61115 8.23379 8.15571 7.97637 7.94853 7.57448 8.24403 7.4493 7.17715 13.0714 9.33079 8.9234 17.5149 7.28725 14.7698 7.07399 42.9079 7.06915 8.00456 6.89415 6.52777 11.7569 6.361 6.34827 6.25053 6.22498 9.05677 6.17099 6.08648 5.83349 5.65612 5.93664 5.63626 5.181 5.26426 5.15361
threshold=1.5000000000000002 1.0000000180025095e-35 1.5000000000000002 1.0000000180025095e-35 1.5000000000000002 1.5000000000000002 1.0000000180025095e-35 1.0000000180025095e-35 1.0000000180025095e-35 1.5000000000000002 1.5000000000000002 1.0000000180025095e-35 1.0000000180025095e-35 1.0000000180025095e-35 1.5000000000000002 1.0000000180025095e-35 1.5000000000000002 1.0000000180025095e-35 1.5000000000000002 1.0000000180025095e-35 1.5000000000000002 1.0000000180025095e-35 1.5000000000000002 1.0000000180025095e-35 1.0000000180025095e-35 1.0000000180025095e-35 1.5000000000000002 1.5000000000000002 1.0000000180025095e-35 1.5000000000000002 1.5000000000000002 1.5000000000000002 1.5000000000000002 1.5000000000000002 1.5000000000000002 1.5000000000000002 1.0000000180025095e-35 1.0000000180025095e-35 1.5000000000000002 1.5000000000000002 1.5000000000000002 1.5000000000000002 1.5000000000000002 1.5000000000000002 1.5000000000000002 1.0000000180025095e-35 1.0000000180025095e-35 1.5000000000000002 1.0000000180025095e-35 1.5000000000000002 1.0000000180025095e-35 1.0000000180025095e-35 1.0000000180025095e-35 1.5000000000000002 3.5000000000000004 1.5000000000000002 1.0000000180025095e-35 1.0000000180025095e-35 1.0000000180025095e-35 1.0000000180025095e-35 1.5000000000000002 1.0000000180025095e-35 1.5000000000000002 1.0000000180025095e-35 1.0000000180025095e-35 1.5000000000000002 2.5000000000000004 1.5000000000000002 1.0000000180025095e-35 1.0000000180025095e-35 3.5000000000000004 1.0000000180025095e-35 1.5000000000000002 1.0000000180025095e-35 1.0000000180025095e-35 3.5000000000000004 2.5000000000000004 1.0000000180025095e-35 1.5000000000000002 2.5000000000000004 1.0000000180025095e-35 2.5000000000000004 2.5000000000000004 1.0000000180025095e-35 1.0000000180025095e-35 2.5000000000000004 1.0000000180025095e-35 1.5000000000000002 1.5000000000000002 1.5000000000000002 1.5000000000000002 3.5000000000000004 1.0000000180025095e-35 1.5000000000000002 2.5000000000000004 2.5000000000000004 2.5000000000000004 1.0000000180025095e-35 1.5000000000000002 1.0000000180025095e-35 1.5000000000000002 1.5000000000000002 1.5000000000000002 1.0000000180025095e-35 1.5000000000000002 1.0000000180025095e-35 1.5000000000000002 2.5000000000000004 1.5000000000000002 2.5000000000000004 1.5000000000000002 1.0000000180025095e-35 1.0000000180025095e-35 2.5000000000000004 2.5000000000000004 2.5000000000000004 2.5000000000000004 1.0000000180025095e-35 2.5000000000000004 2.5000000000000004 1.5000000000000002 2.5000000000000004 1.5000000000000002 3.5000000000000004 2.5000000000000004 2.5000000000000004
decision_type=2 2 2 2 2 2 2 2 2 2 2 2 2 2 2 2 2 2 2 2 2 2 2 2 2 2 2 2 2 2 2 2 2 2 2 2 2 2 2 2 2 2 2 2 2 2 2 2 2 2 2 2 2 2 2 2 2 2 2 2 2 2 2 2 2 2 2 2 2 2 2 2 2 2 2 2 2 2 2 2 2 2 2 2 2 2 2 2 2 2 2 2 2 2 2 2 2 2 2 2 2 2 2 2 2 2 2 2 2 2 2 2 2 2 2 2 2 2 2 2 2 2 2 2 2 2
left_child=1 6 3 11 16 13 9 8 70 32 120 18 34 17 15 -12 21 42 19 71 44 50 23 -7 -24 26 -23 -17 29 95 81 67 -1 114 35 74 -36 -37 -21 86 118 -27 -6 47 57 46 83 48 -11 75 -5 52 93 -54 76 56 -48 63 59 60 61 -59 85 66 65 -65 92 68 77 -69 105 -3 -31 -57 -4 123 -47 -32 -66 -13 -41 -30 110 -46 -80 -61 -34 -20 -10 -90 -16 107 113 -51 -60 -22 -97 -70 101 -100 -101 102 -81 -102 -105 -8 -107 -78 -109 -53 111 117 -76 -2 -33 -113 -117 -83 -18 -52 121 -9 -96 124 -14 -111
right_child=20 2 12 4 5 22 7 10 88 43 14 79 49 -15 90 27 40 -19 87 38 28 25 24 -25 -26 41 -28 -29 30 72 31 33 39 -35 36 37 -38 -39 -40 80 -42 -43 -44 -45 45 54 55 -49 -50 51 119 109 53 -55 -56 73 -58 58 94 62 -62 -63 -64 64 78 -67 -68 69 97 -71 -72 -73 -74 -75 112 -77 91 -79 84 98 -82 82 -84 -85 -86 -87 -88 -89 89 -91 -92 -93 -94 -95 122 96 -98 -99 99 100 103 -103 -104 104 -106 106 -108 108 -110 125 -112 115 -114 -115 -116 116 -118 -119 -120 -121 -122 -123 -124 -125 -126 -127
leaf_value=0.010788950817041983 -0.0053973058341987281 -0.007232024935300463 0.026086940174648993 0.0030893297724005238 -0.0042610657252345127 -0.04834461229096005 -0.030825030837432023 -0.0044583302361805585 -0.0013777838989903611 -0.03990233726520475 0.016537478193186544 -0.005798059093484003 0.0032064571733310893 0.017937849862325751 0.0020823131377830546 -0.018266324789896812 -0.014845985774508056 0.012760769841507369 0.019591061864102959 -0.036178455960161289 -0.0055946867793618378 -1.3009679189664818e-05 0.019619093565626966 0.011387867167447444 -0.039027376229685308 -0.0040370453107042197 -0.040409630126072765 -0.045334785392188402 -0.0014773875935552999 0.009867127380879942 -0.0038240871640921278 -0.0045414672278643745 0.0025812717590353086 0.0027460526713747628 -0.030118973936817839 -0.045122348756738775 0.003219297101834143 0.0022974969402943589 -0.0010205437449205949 -0.0070930978788026657 0.029452414035434922 0.012246265925358846 -0.035266216312002434 0.010318717184599228 0.014473815789971421 -0.00442853175936585 -0.031640560714383648 -0.035650592537648101 0.010133836357669485 -0.010911550711262871 -0.023562798288377547 -0.0011019306274886898 0.026850810502214148 -0.00015621100003583482 -0.05700838670589551 0.028368721033259128 0.003872880535594465 -0.0039611655262911721 -0.00054601134318321557 -0.0017516224643752663 0.029483330288143574 -0.048179665020213966 -0.017228164096323502 0.0083271675656041433 0.0085102485960038294 -0.021871409089756044 -0.0017123442974447214 -0.014812747919960949 -0.0020797743073958145 0.014134596191957231 0.0085410693810636217 0.037186103933569747 -0.012836339883515374 -0.0038046020641781782 0.016343654051618504 -0.041638503295797227 0.0034894852540124071 0.021908658016372477 -0.028114328706565335 0.0021223418486857166 0.041440954826703687 0.00046120991158897593 -0.0051390759362554949 0.036010732121774747 0.022508494375623751 0.028475692955440918 -0.014454728778160951 0.0004641552632438557 0.021066014739579864 -0.0050398963868644835 0.022490341632027983 -0.027512586639242866 0.010682420659057239 0.020862713571540636 0.019854841511280003 -0.024542245606017463 0.018156408858589972 -0.022941410063674773 -0.017246070416680161 0.025947163747108939 0.022363285765427815 0.019185328153738617 0.01585907308268741 0.02949164477358944 0.0092351964426054724 0.014486387788447564 -0.031876872022080387 0.022158633414012679 0.030580918409680809 -0.017026005210465201 0.016677455318537735 -0.0028021817335565089 0.0031147488705152463 0.023420168963094724 0.025909879818828963 -0.016805344333704193 0.029073075853546196 0.028738150929532615 0.010219876922801498 0.023237519794515583 0.0075764655280632816 0.017301070466980647 0.014172660541857889 -0.0082683264713193771 0.023446023045011512 0.019179914516981502
leaf_weight=1199.434737792064 19.159152288455516 25.034324919804931 200.47609469213057 285.9404080749955 115.71924179093912 394.77417649235576 4120.3492277730256 33.098841580096632 284.33805251121521 82.236071277409792 156.70965128403623 65.551541552413255 33.159238126594573 618.73231522168498 86.313616422121413 483.38016640488058 24.909286007285118 244.78926009242423 179.44413154013455 349.85299809323624 38.52952919062227 305.54067659610882 209.08192585245706 425.74822269752622 1881.6967910854146 1232.1217202255502 251.33838400198147 301.21961193345487 57.67963109491393 71.324818624416366 219.11306384345517 17.628855792805552 92.168666968122125 921.82048947666772 202.51029374310747 71.910447762813419 290.03267501248047 126.59407037799247 101.90371500514448 12.258024231065063 347.12453001039103 388.08851158572361 231.69985026214272 55.898452114313841 76.441418965812773 34.854051331058145 153.11826171819121 338.45426566479728 104.97157357633114 195.90769581776112 6.0225597843527785 44.859453150536865 215.97631292988081 225.85208951681852 7.4440274573862544 68.35844439547509 241.92087484546937 158.53983812010847 70.417262002825737 30.022735338658094 64.05599857843481 264.5698872548528 123.08889804652426 78.588793165283278 637.76582953229081 131.90361291309819 79.444029216887429 127.07488270802423 49.758922686800361 178.42667808779515 23.712861777748913 63.625233231810853 1028.8987798364833 64.17311176029034 184.3287187544629 6.3779234141111365 41.638366278260946 47.932947869412601 8.129510041093452 506.68989394535311 47.081292600836605 73.341067184694111 44.6732444728259 150.70292986766435 229.1667034830898 115.98457662138389 385.1038856790401 87.746537533821538 116.2763395817019 53.933406099909917 128.68252198514529 7.0430007013492277 163.95855881040916 21.026506834197789 765.53234011947643 10.727096203714607 516.56460296025034 314.14788847370073 27.851989283924922 232.77589193102904 236.73384202132002 242.93327698647045 427.67612106585875 104.81607754656579 617.24970441032201 61.330091643380001 255.53801404871047 1063.763018835918 398.58365567016881 9.1930192876607162 776.37629680288956 16.794354557525367 179.42397621995769 945.35326003411319 281.46803968166932 10.405965657671912 457.90628002770245 25.198594623012468 400.56916730920784 355.10524055256974 337.81110973877367 489.01081959571457 1059.3728768067667 12.878333941102026 1544.3242685807054 1104.4016392828198
leaf_count=18967 337 418 4029 4992 1209 1547 24045 479 3522 267 3154 989 587 10118 918 3702 272 4324 2500 1772 352 3030 3688 5891 7237 13276 1480 1406 903 1088 2298 233 1321 11245 945 439 3740 1806 1297 117 7839 4973 824 774 1488 505 771 1544 1495 1492 188 452 3688 2912 272 878 2454 1901 887 202 1375 1324 964 1425 8873 1127 504 1390 755 2571 197 1308 8397 649 2890 155 900 777 240 8158 611 1292 518 4561 4143 3199 3645 738 1661 1108 2041 158 2623 592 13909 105 8430 2655 358 4256 4203 5758 6534 2205 7706 1362 961 18769 8971 194 12710 198 2435 18577 5799 82 8782 682 5541 6976 6128 8767 14823 348 29914 20680
internal_value=-0.000111643 -0.00487778 0.0013416 -0.00369862 -0.00848773 -0.0189365 -0.0154055 -0.0199422 -0.0269103 -0.00183414 -0.00294944 0.00760586 0.0132018 0.00457888 -0.0145531 -0.0211616 0.00348946 -0.00938512 -0.00866573 -0.0195477 0.00935552 -0.000501986 -0.0287157 -0.0173748 -0.033156 -0.00478134 -0.0182851 -0.0287028 0.00495847 -0.00217051 0.00823939 0.00152987 0.00547446 0.00799418 0.000523352 0.00765984 -0.0105211 -0.0150209 -0.0282676 -0.00640246 0.0180615 -0.00013156 -0.0249808 -0.0236234 0.0125588 0.017093 0.00577979 -0.0272455 -0.0119411 0.0178621 0.0138812 0.0137932 0.00621666 0.0130763 0.0225826 -0.00419231 -0.00993736 0.0104395 0.00747904 -0.013694 -0.0235759 -0.0316593 0.00421721 0.0138574 0.00746953 -0.0106105 0.0195873 -0.00689761 -0.0112432 0.00208476 -0.0300552 0.0247032 -0.0113569 0.0128782 0.0156517 0.0224813 0.0230024 0.000859269 0.0118258 0.0129442 0.0314636 0.0181298 0.0189354 0.0288581 0.0206635 0.0222906 -0.0111663 0.0133349 0.0039525 0.0128129 0.0143448 0.0236377 0.021087 -0.00775021 0.0159301 0.0156807 0.0172429 -0.0201024 0.013459 0.0161543 0.0169488 0.0106559 0.00842012 0.0147394 0.0122124 -0.0302634 -0.0228859 0.0238953 0.0244736 0.0180925 0.0197294 0.0237536 0.00984482 0.0228427 0.0241059 0.0269494 0.02802 0.00790826 0.00872105 0.0223941 0.0126524 0.0159158 0.0165659 0.0227645 0.0230229 0.018866
internal_weight=37446.3 24907.4 15658.1 10988.9 7719 4122.24 9249.31 6931.7 4915.48 2317.61 2016.23 3269.89 4669.23 1210.94 1156.31 941.309 3596.76 592.208 807.607 540.416 12538.9 2824.16 2911.3 820.522 2090.78 2177.09 556.879 784.6 5285.79 1666.04 3619.75 2157.37 1736.05 1220.92 1255.28 762.733 492.543 198.505 451.757 536.612 772.603 1620.21 347.419 581.56 7253.1 2308.04 754.715 525.662 187.208 3413.96 647.068 1817.22 658.763 441.828 1553.33 527.571 395.039 4945.05 2651.58 756.262 487.166 423.11 269.096 2293.47 1085.55 210.492 1207.92 936.454 630.953 305.502 4460.93 88.6596 1100.22 132.532 564.229 1596.74 1545.88 267.046 875.062 2462.28 59.3393 1462.38 1404.7 227.144 237.296 146.007 477.273 267.191 454.548 170.21 214.996 1511.03 1128.47 216.934 1895.32 565.821 527.292 363.907 2396.73 1219.43 1191.58 1177.3 934.366 958.8 722.066 4437.22 316.868 1503.99 1462.35 1158.45 1360.02 583.646 363.753 964.512 299.097 485.107 468.312 98.5397 425.478 361.128 859.921 522.11 1824.91 1590.36 1577.48 1113.59
internal_count=485166 297095 208903 131605 83405 34838 88192 59451 32856 28741 26595 48200 77298 16475 11221 8262 48567 6357 8033 4795 188071 34915 18363 7438 10925 22759 4510 5108 71262 18372 52890 27723 24661 17277 16284 11599 4685 2245 3069 5694 13652 18249 2033 4080 116809 40376 10801 3306 1762 61014 12156 30010 8684 6600 29575 4752 3225 76433 38584 8965 4600 3225 4365 37849 15808 2552 22041 10446 6485 3961 26565 1726 9485 1527 9354 31004 29303 3075 13256 40167 728 25167 24264 6049 4383 3401 4966 3238 6291 2769 2959 28798 21537 2084 29619 8887 8535 3410 39178 18728 18370 20450 14692 14114 9911 26368 2323 28640 27740 21326 23746 11036 5325 18914 6032 9062 8864 1974 5813 7164 15374 9246 28732 30849 30501 20874
is_linear=0
shrinkage=0.05


Tree=43
num_leaves=127
num_cat=0
split_feature=7 9 8 7 5 7 8 5 8 8 7 9 5 9 9 9 8 8 8 5 4 9 0 8 7 4 7 8 4 8 8 5 4 5 9 5 2 0 4 7 3 5 8 9 8 4 8 4 4 4 5 4 8 4 0 0 3 1 4 8 9 7 7 4 4 5 0 0 1 2 5 5 2 0 8 5 5 9 8 5 8 5 9 8 9 3 0 5 4 1 4 5 4 3 5 1 4 4 7 4 0 0 1 0 5 3 7 1 1 3 9 5 3 1 2 8 1 9 8 5 3 9 4 2 2 2
split_gain=148.254 123.881 213.468 199.598 123.538 162.265 177.479 105.236 295.843 104.634 121.453 72.1829 70.5273 63.2221 60.1089 126.321 74.4426 53.7416 53.2598 51.4198 33.4588 29.2783 27.4884 27.0352 46.6305 23.9351 21.7315 33.7697 21.4938 17.1423 15.5746 24.7355 15.4236 14.7959 70.8452 14.6937 12.3311 12.1657 13.8521 18.6645 10.6275 9.41421 30.821 9.25598 35.7352 18.4534 19.6046 8.92281 8.35545 8.0913 8.07373 7.76131 7.59224 7.32351 7.05718 7.03585 6.9304 6.06067 6.02926 6.02917 5.81321 202.428 172.468 33.1302 30.6553 20.0837 11.4845 8.44045 8.11629 7.643 7.07989 6.50313 5.80704 5.68588 5.62231 5.31485 4.98223 4.67397 51.5559 21.464 57.701 20.7124 17.0053 8.85705 6.01493 4.87768 4.55239 4.51146 5.6533 4.50649 4.49423 5.05732 4.43452 5.72395 4.39659 4.2163 4.06749 3.91752 3.88311 3.8777 3.87278 3.80306 3.78959 3.75206 3.69694 3.76555 3.63377 3.62553 3.59853 3.57403 3.5719 3.24361 3.13553 3.1125 3.03786 3.03699 2.9468 3.70128 3.96561 6.08182 2.81222 2.80397 2.76586 2.58258 2.54481 2.53585
threshold=1.0000000180025095e-35 1.0000000180025095e-35 1.5000000000000002 1.5000000000000002 1.5000000000000002 1.5000000000000002 1.5000000000000002 1.0000000180025095e-35 1.0000000180025095e-35 1.5000000000000002 1.5000000000000002 1.5000000000000002 1.0000000180025095e-35 1.5000000000000002 1.5000000000000002 1.0000000180025095e-35 1.5000000000000002 1.0000000180025095e-35 1.5000000000000002 1.5000000000000002 3.5000000000000004 1.5000000000000002 2.5000000000000004 1.0000000180025095e-35 1.5000000000000002 3.5000000000000004 1.5000000000000002 1.0000000180025095e-35 3.5000000000000004 1.5000000000000002 1.0000000180025095e-35 1.0000000180025095e-35 3.5000000000000004 1.5000000000000002 1.0000000180025095e-35 1.0000000180025095e-35 2.5000000000000004 2.5000000000000004 3.5000000000000004 1.5000000000000002 3.5000000000000004 1.0000000180025095e-35 1.0000000180025095e-35 1.5000000000000002 1.0000000180025095e-35 3.5000000000000004 1.0000000180025095e-35 3.5000000000000004 3.5000000000000004 3.5000000000000004 1.0000000180025095e-35 3.5000000000000004 2.5000000000000004 3.5000000000000004 2.5000000000000004 2.5000000000000004 2.5000000000000004 2.5000000000000004 3.5000000000000004 1.0000000180025095e-35 1.5000000000000002 1.5000000000000002 1.5000000000000002 3.5000000000000004 3.5000000000000004 1.0000000180025095e-35 2.5000000000000004 2.5000000000000004 2.5000000000000004 2.5000000000000004 1.0000000180025095e-35 1.0000000180025095e-35 2.5000000000000004 2.5000000000000004 1.5000000000000002 1.0000000180025095e-35 2.5000000000000004 1.5000000000000002 1.5000000000000002 1.5000000000000002 1.5000000000000002 1.5000000000000002 1.0000000180025095e-35 1.5000000000000002 1.0000000180025095e-35 2.5000000000000004 3.5000000000000004 1.5000000000000002 3.5000000000000004 3.5000000000000004 3.5000000000000004 1.5000000000000002 3.5000000000000004 2.5000000000000004 2.5000000000000004 2.5000000000000004 3.5000000000000004 2.5000000000000004 1.5000000000000002 3.5000000000000004 2.5000000000000004 2.5000000000000004 2.5000000000000004 2.5000000000000004 1.0000000180025095e-35 2.5000000000000004 1.5000000000000002 2.5000000000000004 3.5000000000000004 2.5000000000000004 1.5000000000000002 1.0000000180025095e-35 3.5000000000000004 2.5000000000000004 2.5000000000000004 1.0000000180025095e-35 2.5000000000000004 1.0000000180025095e-35 1.5000000000000002 1.5000000000000002 2.5000000000000004 1.5000000000000002 3.5000000000000004 2.5000000000000004 2.5000000000000004 3.5000000000000004
decision_type=2 2 2 2 2 2 2 2 2 2 2 2 2 2 2 2 2 2 2 2 2 2 2 2 2 2 2 2 2 2 2 2 2 2 2 2 2 2 2 2 2 2 2 2 2 2 2 2 2 2 2 2 2 2 2 2 2 2 2 2 2 2 2 2 2 2 2 2 2 2 2 2 2 2 2 2 2 2 2 2 2 2 2 2 2 2 2 2 2 2 2 2 2 2 2 2 2 2 2 2 2 2 2 2 2 2 2 2 2 2 2 2 2 2 2 2 2 2 2 2 2 2 2 2 2 2
left_child=7 2 19 12 9 6 43 14 11 10 13 22 -4 41 15 29 115 28 94 23 21 72 -9 24 50 40 122 57 76 -1 31 73 33 -24 -35 47 -14 114 39 -39 59 42 -3 45 -45 46 -6 -5 -46 77 -2 -33 60 -26 -38 -43 -51 -28 -20 103 62 68 63 66 69 -64 -11 -67 -62 -63 99 -66 -8 -12 -27 -65 -7 79 81 80 85 -79 -82 84 -81 -10 104 -37 -89 97 91 -56 93 -57 112 -95 -72 -15 -54 -70 -80 -52 -48 -17 105 -32 -40 -105 123 -41 -75 -68 121 -87 -25 -16 -58 118 -118 -120 -61 -19 -21 -106 -102 -115
right_child=1 4 3 35 5 17 20 8 49 52 30 -13 36 89 16 25 -18 18 58 26 -22 -23 32 37 53 74 27 -29 -30 -31 86 51 -34 34 -36 87 54 38 106 109 -42 55 -44 44 48 -47 102 -49 -50 56 101 -53 98 -55 90 92 116 -59 -60 120 61 64 65 75 71 67 111 -69 70 -71 96 -73 -74 110 -76 -77 -78 78 100 83 82 -83 -84 -85 -86 113 -88 88 -90 -91 -92 -93 -94 95 -96 -97 -98 -99 -100 -101 124 -103 -104 107 108 -107 -108 -109 -110 -111 -112 -113 -114 125 -116 -117 117 -119 119 -121 -122 -123 -124 -125 -126 -127
leaf_value=0.0028418684379273628 -0.0077724100278116649 -0.0087813078353067859 0.0085753694054632231 -0.013277484276373845 -0.0027307686968626797 0.02233020936038034 -0.017867717397649491 0.0060801746090710677 0.0027820489608056751 -0.026571423267144553 -0.030736385997376381 0.0002009962899798172 0.010889000617963211 0.03216949058838655 0.0097320104498744217 -0.0031632916417465556 -0.016643952935577452 0.0044236184025804011 0.014806402130699559 -0.011140461426044773 -0.010376721898441278 0.0086612656303548825 -0.032676212590779088 0.015842034562722714 -0.02313870925000383 0.011113647399612878 -0.021044641947628971 -0.0047972858189235072 0.00036182809644777313 0.021394443472409611 0.0080200553933357562 -0.0064820246724126328 0.0033808650855465406 -0.033980758299765518 0.032050438407126951 0.0033248594367334878 -0.00085230260654442112 0.010931304189356146 0.0061541845728440682 -0.0030998556888856884 -0.0059693491861000474 -0.0051477007863910294 0.016050616732455614 -0.016689924614187498 0.0029600028815514184 0.011535242394983545 0.0064865141980863655 0.025944009870232449 -0.019317997659382347 0.03373240205168862 -0.014634710292310516 0.02067533454492973 -0.0074821063386848949 0.008084690492920708 -0.026758120290199156 -0.013960435809468531 0.023638523832130248 0.015155234285090661 0.0035488812153768087 -0.0018516774561918336 0.010510998378249294 -0.033098578821960926 -0.0057298662260596277 0.002695611362212664 0.0078981852010433506 0.0056727793267776338 0.019500815212962656 -0.020018214887653808 -0.020454726697831882 0.023962354538099258 -0.014531209935111209 -0.019157784456603714 0.028773824702157287 0.018334634148754868 -0.012578788864385638 -0.015150765080882839 -0.020783136619747976 -0.0071862342116054152 -0.0089860276204959174 0.0036630198505822479 -0.003666060686691361 0.014437964929235362 0.0099796940259873641 0.008923493228460604 -0.0073473591160780729 -0.0090414037508809424 0.011392714032894741 0.017108231285266888 -0.0022392408673581974 -0.030289433428869646 -0.0072328741132173654 -0.032104149627048328 0.0056661514971359057 -0.011445876033014587 0.024093592289960941 0.017907173204414144 0.0086621469059630658 0.0010604607133250993 0.02522216161868104 -0.003859746677205129 -0.00069033207406477015 0.020487241525856223 -0.018399069015278831 0.0089279168548672318 0.0090695872334490835 -0.011720846066277157 -0.010839529174552068 0.030812456808020666 0.013649815239131051 0.028425595408231169 0.0034677970209495892 0.012781496170588444 -0.021583671529913851 0.026033106958026821 -0.021446449674421171 0.0037192920583411526 -0.023813939412587606 0.00045763716433055361 0.016627418073090577 -0.039743569196779328 0.022836997968315755 0.00058489780594552464 0.0042414261488591815 -0.0075619726491486785 0.021311950243365362 -0.003062734849109309
leaf_weight=1278.6889424080728 33.840150810894556 184.13860653014854 137.07729703933001 168.05918734276202 265.64558072970249 1066.0726485197665 6.1562927630729964 62.812822650186718 25.936117319390178 15.595481290947644 6.150572564918547 356.29539783735527 19.226537467911839 9.1660616332665068 1221.7295691031031 8.2281161523424071 359.58749098051339 770.34179197868798 1637.4679611453321 800.76762914191931 109.99528371519409 367.17931632173713 718.82846705778502 5.8374220905825487 177.6216151965782 99.384681216208264 11.16689304076135 998.1374180810526 127.6292562931776 137.00604195776395 24.225084129720926 653.44649132323684 37.536034536780789 162.16702326945961 53.211505134124309 476.28933714714367 22.283547766972333 531.78772832045797 68.327883692458272 9.1302619162015599 22.835202796850353 38.66767109092325 384.40733523119707 527.54625536222011 541.82893715845421 69.379057883052155 15.0792946415022 14.937990827020256 44.629058317514136 13.692181027494369 7.4169148905202738 26.453449930297211 13.463543862570075 20.491894787177444 938.09184382716194 13.852087893523274 10.290478205308316 309.36045539611951 129.04250987130217 11.854889942565931 27.150084421038628 5.1180731407366684 342.51443292142358 63.740405989112332 35.966003088280559 32.40107792057097 318.8175551033346 1258.3373230302241 963.74492134945467 437.24417243164498 1259.5804752437398 55.25521060009487 410.96310767997056 171.72052802448161 32.447820730041713 118.3061981452629 6.0085341148078433 364.34399769996526 10.534400281496344 198.21464410051703 454.99513911851682 157.90064224135131 456.47281543165445 209.71107922610827 328.31227211374789 6.1174510251730672 28.36915591545403 149.73996107676066 50.089196033775806 10.420787533279507 23.775799086550251 950.97082001867238 90.810208439826965 11.733034370001404 21.556566844228655 1144.8649549297988 18.576627731323242 2304.2405174899613 24.65656404197216 37.075714184902608 13.354955480666829 157.83070936624426 986.92632243712433 20.304509110748768 22.895768972113729 822.07468937907834 56.615759835578501 975.51664565398823 19.851955283433199 250.37284990248736 53.440569300670177 437.92747511598282 13.132283926941453 480.73166703234892 30.706146941520274 255.61450250144117 35.407132229069248 231.99628949351609 17.949003275018189 5.4044686069246373 293.29256008006632 1242.1240504104644 29.839921760372818 1557.0653459515888 637.85454328346532 7.4044777816161504
leaf_count=16106 758 2545 2583 1304 2597 18320 255 773 314 439 141 5890 230 57 17449 65 3095 10969 26459 8303 1089 5614 4451 110 1002 2369 99 10146 1446 2472 291 7228 800 639 1055 5181 179 9883 909 109 242 510 5984 4599 6133 1247 162 130 347 127 156 495 275 245 5906 325 87 4457 2041 517 316 139 4513 650 208 294 5089 9818 8429 8925 9874 432 9158 3542 406 1225 106 4490 246 2300 4514 3120 6827 3304 3973 153 240 3150 370 394 639 4255 1652 241 222 18990 485 29280 163 460 178 3254 7055 227 258 8179 508 22512 194 5153 808 8151 287 10460 594 3711 412 2897 357 124 5880 15111 462 16133 11282 109
internal_value=0.000128927 -0.00173033 -0.0078041 -0.0177077 0.000100346 0.00484537 -0.00368224 0.00542672 0.000416106 -0.00294056 0.000862706 -0.0192105 -0.0260393 0.00655048 0.0107984 0.0153056 0.00372834 0.0105353 0.00762819 0.000549217 0.0153726 0.0189925 -0.0258895 0.00819351 -0.00276063 0.0255993 -0.00425382 -0.000261892 0.0197623 0.00465116 -0.00617998 -0.000590603 -0.0279601 -0.0292217 -0.0175943 0.00258131 -0.0284703 0.0127583 0.0138898 0.01633 0.0276097 0.0133954 0.00800685 -0.0106381 -0.00726103 -0.0134443 -0.0148195 -0.00995225 0.00123466 0.00786424 0.0142939 -0.00539658 -0.00821307 -0.0198847 -0.0288668 0.0157442 0.000198454 0.0138325 0.0139865 0.0281995 -0.00837002 -0.00993404 -0.00665047 0.0102292 0.0177954 -0.0165143 0.0147489 -0.0193694 -0.0163549 0.023229 -0.0166794 -0.00852039 0.0280444 0.0134981 0.00523145 -0.00892158 0.0220694 0.00858378 0.0111144 0.0071972 0.0107629 -0.000633061 0.00317133 0.000258303 -0.00320334 0.0240331 -0.00823715 0.00598331 0.0122716 0.0010434 -0.0291925 -0.0294649 0.0163883 0.0172147 0.00213737 0.0175998 -0.0141876 0.00119757 0.0137754 -0.0198444 0.0203724 0.0188323 -0.0180185 0.0300979 -0.00846938 -0.011147 -0.00157111 0.0303756 -0.00704685 0.0273088 0.014837 0.0156344 0.00189194 0.0251404 -0.0152267 0.00869489 -0.00143336 -0.00239869 -0.0134949 0.00248575 0.0218749 0.00205577 -0.0105834 -0.00731537 0.0208604 0.0255864
internal_weight=37625.9 27852 6449.79 2950.54 21402.2 8358.7 3345.33 9773.97 5057.48 13043.5 7577.99 1390.85 2091.43 4192.3 4716.49 2879.56 1836.93 5013.38 3813.67 3499.25 894.294 784.299 1034.56 1349.98 397.201 1463.86 2149.27 1318.66 1199.71 1415.69 3385.69 911.212 971.743 934.207 215.379 859.116 1954.35 952.778 916.234 791.291 1332.03 1868.47 568.546 2451.03 1114 1337.03 1267.65 182.997 586.458 3666.62 199.088 679.9 5465.47 198.114 1935.12 1299.93 314.74 320.527 1766.51 1309.2 5427.35 2839.71 2587.64 954.387 533.583 1633.25 772.341 1290.74 2306.13 442.362 2278.98 91.2212 417.119 231.312 131.833 182.047 1072.08 3351.88 1183.99 2167.9 1431.66 522.245 911.468 736.238 526.527 520.19 2474.48 676.118 199.829 2323.83 1912.84 1889.06 1261.26 1170.45 2047.15 1156.6 1278.16 2313.41 38.1201 1000.82 661.744 165.248 1002.01 1004.05 2446.11 846.3 124.944 995.821 1599.81 259.503 225.161 756.745 2025.6 494.254 36.5436 1477.34 301.047 290.757 58.7606 23.3535 305.147 2012.47 830.608 1579.96 651.209 488.136
internal_count=484597 340664 70075 23927 270589 113217 38256 143933 68882 157372 97487 13608 13792 59978 75051 50796 24255 74961 55089 46148 16116 15027 7718 22681 5415 32218 23467 14702 19872 18578 37509 12214 6945 6145 1694 10135 11209 17266 16562 15145 29443 30247 8529 22140 11079 11061 9814 1434 6480 55274 4168 7723 59885 1247 10979 21718 4004 4556 28500 29201 59447 29268 30179 15554 9704 14625 13679 10112 19564 9064 19248 640 9413 4491 2775 1875 18426 51270 19316 31954 22377 7610 11341 9577 6273 11036 25295 8701 3520 29731 10800 10161 21208 19556 26589 19231 10359 29337 438 8889 11706 3410 7217 22804 25055 8470 1417 22739 16585 5262 4350 13240 26367 10722 704 21160 3877 3790 893 481 6397 26080 8765 16391 11460 10569
is_linear=0
shrinkage=0.05


Tree=44
num_leaves=127
num_cat=0
split_feature=7 9 8 8 8 6 6 5 5 5 6 9 5 8 6 9 9 7 8 5 5 6 8 8 9 8 9 5 8 9 6 5 5 6 6 4 4 2 6 9 6 9 8 7 8 9 8 9 9 6 6 9 9 9 6 9 5 6 8 6 9 7 8 8 9 9 5 7 4 6 8 4 9 4 6 6 6 4 7 4 8 9 0 5 4 4 8 6 6 6 4 0 4 8 4 0 4 9 2 6 4 4 2 8 6 2 4 9 7 0 4 9 4 6 6 4 6 6 1 5 6 1 6 9 8 0
split_gain=229.249 290.299 478.451 279.357 229.841 178.64 118.963 106.793 73.5724 70.1706 197.683 139.454 75.6617 74.4149 260.605 140.256 92.506 74.2839 67.9266 59.8437 58.8283 187.72 297.14 150.174 79.7301 52.934 51.7644 47.7965 57.309 44.8768 42.6775 87.6684 154.775 58.1432 42.3917 36.7778 34.3603 34.3146 32.4936 29.2687 28.8962 26.2863 25.6023 23.3147 274.427 142.185 104.57 182.015 144.108 157.691 88.3595 189.008 83.4784 43.894 37.8362 23.1594 22.9265 22.1271 38.6657 21.9286 21.3207 20.8563 87.1848 33.9901 20.8111 41.4845 19.7512 18.876 17.0805 16.999 25.4141 15.5724 15.5442 15.4474 15.174 14.3248 13.4781 13.4205 13.1738 18.54 16.2883 18.9528 13.106 12.872 12.4721 12.3924 12.0706 44.2914 33.812 12.0284 11.9636 11.7554 11.497 11.3921 11.3046 11.2142 10.827 10.3396 9.91215 9.53568 9.36127 9.25308 9.15147 9.15008 9.14217 9.01048 8.6401 8.60784 8.49338 8.1476 8.0962 8.07022 8.04153 7.93506 7.92309 7.91707 7.87469 13.927 7.66959 7.58919 7.55954 7.42054 7.35423 7.15374 9.02779 8.92112
threshold=1.5000000000000002 1.5000000000000002 1.5000000000000002 1.0000000180025095e-35 1.0000000180025095e-35 1.5000000000000002 1.0000000180025095e-35 1.5000000000000002 1.5000000000000002 1.5000000000000002 1.0000000180025095e-35 1.5000000000000002 1.0000000180025095e-35 1.0000000180025095e-35 1.0000000180025095e-35 1.5000000000000002 1.0000000180025095e-35 1.0000000180025095e-35 1.5000000000000002 1.0000000180025095e-35 1.5000000000000002 1.0000000180025095e-35 1.5000000000000002 1.5000000000000002 1.0000000180025095e-35 1.0000000180025095e-35 1.5000000000000002 1.0000000180025095e-35 1.5000000000000002 1.5000000000000002 1.5000000000000002 1.0000000180025095e-35 1.5000000000000002 1.0000000180025095e-35 1.0000000180025095e-35 3.5000000000000004 3.5000000000000004 2.5000000000000004 1.5000000000000002 1.0000000180025095e-35 1.0000000180025095e-35 1.0000000180025095e-35 1.5000000000000002 1.0000000180025095e-35 1.5000000000000002 1.5000000000000002 1.5000000000000002 1.0000000180025095e-35 1.0000000180025095e-35 1.5000000000000002 1.0000000180025095e-35 1.5000000000000002 1.5000000000000002 1.0000000180025095e-35 1.5000000000000002 1.5000000000000002 1.5000000000000002 1.0000000180025095e-35 1.0000000180025095e-35 1.5000000000000002 1.5000000000000002 1.0000000180025095e-35 1.5000000000000002 1.5000000000000002 1.0000000180025095e-35 1.5000000000000002 2.5000000000000004 1.0000000180025095e-35 3.5000000000000004 1.5000000000000002 1.5000000000000002 3.5000000000000004 1.0000000180025095e-35 3.5000000000000004 1.0000000180025095e-35 1.0000000180025095e-35 1.5000000000000002 3.5000000000000004 1.0000000180025095e-35 3.5000000000000004 1.0000000180025095e-35 1.0000000180025095e-35 2.5000000000000004 1.5000000000000002 3.5000000000000004 3.5000000000000004 1.0000000180025095e-35 1.0000000180025095e-35 1.0000000180025095e-35 1.5000000000000002 3.5000000000000004 2.5000000000000004 3.5000000000000004 1.5000000000000002 3.5000000000000004 2.5000000000000004 3.5000000000000004 1.0000000180025095e-35 2.5000000000000004 1.0000000180025095e-35 3.5000000000000004 3.5000000000000004 2.5000000000000004 1.0000000180025095e-35 1.5000000000000002 3.5000000000000004 3.5000000000000004 1.5000000000000002 1.0000000180025095e-35 2.5000000000000004 3.5000000000000004 1.0000000180025095e-35 3.5000000000000004 1.5000000000000002 1.0000000180025095e-35 3.5000000000000004 1.0000000180025095e-35 1.5000000000000002 3.5000000000000004 1.5000000000000002 1.5000000000000002 2.5000000000000004 1.5000000000000002 1.0000000180025095e-35 1.5000000000000002 2.5000000000000004
decision_type=2 2 2 2 2 2 2 2 2 2 2 2 2 2 2 2 2 2 2 2 2 2 2 2 2 2 2 2 2 2 2 2 2 2 2 2 2 2 2 2 2 2 2 2 2 2 2 2 2 2 2 2 2 2 2 2 2 2 2 2 2 2 2 2 2 2 2 2 2 2 2 2 2 2 2 2 2 2 2 2 2 2 2 2 2 2 2 2 2 2 2 2 2 2 2 2 2 2 2 2 2 2 2 2 2 2 2 2 2 2 2 2 2 2 2 2 2 2 2 2 2 2 2 2 2 2
left_child=9 3 4 6 5 7 119 -3 19 12 11 78 13 29 15 16 -15 18 60 111 24 23 35 -22 27 -13 42 -5 120 39 31 40 96 -34 -9 41 37 -19 55 -1 -4 -23 67 46 45 53 48 104 49 114 52 -52 92 54 86 -20 -7 68 59 -59 -12 62 100 -63 85 74 105 -16 -55 73 -71 -65 -10 91 101 -31 -60 -47 80 -80 -11 -82 -26 -6 -74 109 87 -45 -88 -37 98 -28 -49 -81 -24 -50 -33 113 -84 -41 -18 -66 -97 -56 -48 123 -25 -40 112 -46 -104 -8 -44 -69 -14 -77 -30 -118 -100 -2 -29 -85 -62 125 -125 -39
right_child=1 2 30 20 83 56 8 34 72 10 17 25 43 14 26 -17 61 36 38 -21 21 22 94 106 82 -27 69 28 116 75 -32 32 33 -35 -36 89 -38 66 107 99 -42 -43 108 44 64 77 47 50 95 -51 51 -53 -54 57 103 -57 -58 58 76 -61 122 63 -64 71 65 -67 -68 97 -70 70 -72 -73 84 -75 -76 115 -78 -79 79 93 81 -83 90 121 -86 -87 88 -89 -90 -91 -92 -93 -94 -95 -96 102 -98 -99 118 -101 -102 -103 110 -105 -106 -107 -108 -109 -110 -111 -112 -113 -114 -115 -116 -117 117 -119 -120 -121 -122 -123 -124 124 -126 -127
leaf_value=0.0071952825841436379 0.013274833979593845 0.014547500010418882 -0.0094507218090741987 0.02341854939971981 0.020687116278467518 0.020932890482598533 0.027623083049144199 -0.016555392972531321 -0.015689601605646551 0.036536205076206855 0.019835145089502265 0.017715236999704891 0.0050868720880301831 0.0062160506009141091 0.016855595467819715 0.019867645629967755 -0.037430701854471539 -0.0065592640889729189 0.0078024836930342513 0.021890734917630973 -0.05179968585724451 0.023114058952847252 -0.011237536341856445 0.035280539433243517 -0.00059299342772325698 -0.024960666260369455 -0.04271552850128444 -0.022359282145085691 0.024043733495597467 0.0018316617538729628 -0.028646559906975028 0.036001260912169118 -0.031095221636419208 -0.0036739401576143093 -0.042253510572145742 -0.012059707228073445 0.00030503458546234845 -0.033356909129072201 -0.010130742389380595 0.019067953107847549 -0.042349123741968149 0.03984300328536098 0.0067130860607284674 -0.031962770259800037 0.001035519692664594 0.011752805054458195 0.021553117637969469 -0.021011997740623092 -0.0033504510953928043 -0.042116753114764406 0.0052671830902507911 -0.038831481929359611 0.020061775164556817 -0.02472579006748905 0.037745836271953298 -0.044600246730451376 0.00068396103301198222 -0.013207649587014331 -0.0074898814227433337 -0.028971943992997559 0.0098509607975611028 -0.022388811324575458 0.032996232287083586 -0.04686735941795641 0.031680534918962264 0.025775695330621785 -0.029744940518054205 0.017544506553215485 0.016183905833911629 0.0055812805232652377 0.029515086059144675 -0.0089378739188192679 -0.028116379997205784 -0.0039044746400288075 0.0039088839216055793 0.01828656257473921 0.0062375054783831534 -0.010739183187637971 0.024635499532005327 0.0067700335011071991 -0.01932056341167708 0.0097255507950879828 -0.014478131312258108 -0.025274515935650606 -0.0070987461527342701 -0.025424182180572283 0.022978004271524285 0.0093492050065354156 -0.010609385553048646 0.0166661004248271 0.0048638441043627276 0.027533589461930741 0.0063854593021768144 -0.049462042515685249 0.0048275536901796028 -0.022647933594015863 0.0025090632300534452 -0.011859988886546312 0.024122091145767671 0.006044816960993675 -0.00084203523029449711 -0.0061970650418264415 0.017674103910872315 0.012192340365153828 0.046977166068519788 -0.0083276527625083859 -0.0031670858790736711 0.0088752874933721287 0.015254879755002415 0.034355000669232076 0.0046734719616168463 -0.014818820660466287 -0.020019737752186635 -0.0048135589243203077 0.023359845036044376 -0.014065982809718838 -0.003409860687610183 0.017193920661081791 -0.0148197728546355 0.033425395242292565 -0.0090052854684173171 0.012036719141128154 -0.0079352886156121589 0.024401787924132824 0.017232939488676286 0.02924053966170248
leaf_weight=1056.7705496742274 86.235091167734936 131.54780586343259 83.016198466997594 233.09598092362285 631.88463414588477 169.03009450086392 10.721413962077348 235.91675672307611 570.26952575612813 32.723039154428989 411.58782827213872 79.854849070077762 160.22225215565413 215.93829896801617 93.788167552556843 220.18065356707666 179.67133957869373 109.7918877361808 26.15518302982673 191.08988932648208 244.64368742611259 593.834315328917 1041.3623490353348 62.259405895252712 66.473106753546745 739.90310520073399 5.175720148254185 186.38445518165827 91.203544050222263 1570.9676294832025 2286.2085246474016 162.53969280561432 438.83688759477809 345.43887463840656 513.79483257001266 69.699343879008666 225.8551534373546 4.9780022706836453 161.26990428892896 1505.5911324983463 354.36111550964415 395.73039801092818 449.13905941718258 155.32490413356572 19.674129839986563 1007.9190560148563 237.77906916814391 314.47566631482914 83.869799653068185 286.52117310464382 344.10146334860474 824.03991978894919 246.29630310717039 521.02640386531129 44.199445078149438 102.2575647700578 786.37810088181868 743.15141016477719 696.24256404163316 315.16363769350573 113.75979774200823 337.75015915604308 63.533490598667413 368.88370391936041 85.155963663477451 574.96191927732434 17.48152775503695 59.05319817410782 26.166963056195527 425.67787486850284 149.32199595868587 29.770222164690495 821.10820893873461 44.611939018359408 540.97674540826119 203.6344665644574 239.63496982888319 70.226862984709442 236.99431834722054 25.861416973290034 85.831619198666885 158.00259685423225 16.541928187012672 12.606701371259986 78.090219970326871 8.9174116298090649 104.83589245402254 110.28701408265624 255.60579726961441 74.247260992880911 94.809671001043171 493.77233344432898 43.12119600828737 12.659854277968405 121.79866926558316 14.629664389882235 28.490435973741114 383.81031617801636 1338.9565636828775 156.30889189173467 19.405926637351513 19.473917194176465 980.049755007145 164.69847929384559 41.894915103679523 23.138963712379336 18.798864106182009 93.19991182605736 356.59745252714492 284.66602373693604 137.39213169319555 312.37512094783597 29.047030019573867 116.13649416295812 93.919680197024718 20.106837322935462 155.09374643117189 172.40537281462457 12.143549693515522 106.72248392505571 249.49109039828181 984.86471342656296 116.75875598704442 1031.7480454327306 790.18895394622814 440.34085197455715
leaf_count=14862 1528 2322 624 4167 11050 2691 129 1666 4464 602 6855 1217 1737 3110 1956 5498 1243 1881 682 3728 1257 9459 11185 1838 935 5113 184 1207 1519 18185 15020 3784 2489 3545 2079 450 3068 82 1501 24556 1497 8615 5560 678 128 14753 3997 2479 1145 1307 4822 3110 4570 2807 895 766 8463 5966 7271 1582 2151 2031 974 1494 1842 10709 316 1083 240 5341 3648 149 5253 644 7547 3559 3961 814 4919 402 455 2470 294 264 844 308 1885 1816 3897 1526 1872 10427 410 103 1449 402 201 3992 25506 2593 286 322 19123 2832 862 362 281 1365 5637 6035 1454 3051 418 1231 1756 207 1375 2384 312 1590 2292 15171 1262 16309 12702 9215
internal_value=0.000181985 -0.00473862 -0.0119154 0.00219624 0.00143267 -0.0106919 -0.0128561 -0.0269149 -0.0165037 0.00324918 0.00847401 -0.00771464 0.00181375 0.00524914 0.000320568 -0.0167828 -0.0234357 0.0145282 0.00309797 -0.000223374 0.00845122 0.00315682 0.00819815 -0.0323082 0.0137541 -0.020787 0.0097418 0.00340124 -0.0020797 0.00966112 -0.0244201 -0.0175649 -0.00920612 -0.0190374 -0.0341997 0.0264056 0.0189572 0.0206988 -0.0135492 0.013711 -0.0361407 0.0298375 0.00362698 -0.00118635 0.000758873 -0.00552244 -0.00424448 -0.0119082 0.00470844 -0.0167485 -0.0178257 -0.0258479 -0.00229104 -0.0105698 -0.00062243 -0.033949 0.00428453 -0.0138364 -0.0113822 -0.0179251 0.0130302 -0.0298447 -0.0176414 -0.0341668 0.0189925 0.0160179 0.0219978 -0.00378773 -0.0227435 0.0178634 0.0118371 -0.0440644 -0.0221964 0.0242048 0.00730137 0.003522 -0.00397203 0.0102792 0.0116986 0.0194178 0.00396626 -0.000536069 0.021112 0.0150981 -0.026301 0.0304951 -0.00677241 -0.0148385 -0.000803815 0.00276974 0.0220983 0.0267209 -0.0176997 -0.0124943 -0.0095526 0.0142551 0.0310453 -0.00727515 0.0232886 0.0178474 -0.0338861 0.0246388 0.0155612 0.0177531 0.0255154 0.0224056 0.0264339 -0.00316227 0.00942277 0.0322115 0.0160813 -0.0133296 0.00505083 0.00277973 0.0119048 0.0153295 0.0111178 0.00745591 0.0237614 0.0245347 -0.0147537 0.0115403 0.000846777 0.0227228 0.0213038 0.0284676
internal_weight=37972.1 14580.5 7164.92 7415.59 3466.02 1836.67 2176.61 881.259 1983.65 23391.6 5040.34 1371.83 18351.3 8554.64 4041.27 1435.13 1214.95 3668.51 1024.99 514.186 5238.97 2622.37 2296.67 325.702 2616.6 819.758 2606.13 1087.67 854.578 4513.38 3698.89 1412.68 975.306 784.276 749.712 1133.51 2643.52 2417.67 382.883 2718.67 437.377 989.565 1487.57 9796.62 5988.31 4454.48 3808.31 2051.71 1756.6 540.663 1772.03 1168.14 603.893 3376.34 834.952 128.413 955.408 2541.39 1994.19 1058.32 642.106 999.015 262.611 736.404 1533.83 1220.57 2307.88 652.788 547.193 1118.56 575 398.654 1469.47 543.56 645.607 1794.71 935.878 1078.15 552.073 275.516 276.557 243.834 1528.92 1629.36 899.198 313.258 626.054 265.612 360.442 143.947 1462.45 498.948 357.597 38.5213 1163.16 1215.94 191.03 559 1367.64 1661.9 199.077 104.63 1132.07 208.898 279.674 2290.39 81.0583 254.47 834.784 304.34 1117.44 323.097 478.186 175.19 254.142 223.741 418.703 327.499 1351.1 192.958 435.876 997.471 230.519 2267.26 1821.94 445.319
internal_count=485504 169376 70866 98510 43706 17221 20587 6067 17469 316128 73798 15281 242330 118868 54906 14785 9287 58517 14582 6908 77923 36060 32684 3376 41863 6330 40121 12944 8777 63962 27160 12140 10019 6034 3745 20050 43935 40867 4314 42011 2121 18074 19877 123462 76288 49397 47174 20250 26924 4800 15391 7932 7459 33830 12003 1448 11154 21827 18780 7548 10268 6177 2503 3674 26891 20420 38986 8262 3047 20244 8989 1643 10561 11255 9711 21951 11232 15567 8951 5424 3527 2925 28919 26485 6097 6471 8276 2494 5782 1976 27984 10611 2889 505 12634 22124 3985 6306 26112 27149 1529 2164 20979 3727 4859 38670 2119 2866 11615 6163 20577 3180 5978 2314 3493 3766 5278 3759 25818 3118 3499 15435 3413 38308 29011 9297
is_linear=0
shrinkage=0.05


Tree=45
num_leaves=127
num_cat=0
split_feature=9 5 8 6 6 8 5 6 5 6 9 8 6 9 8 5 8 5 5 8 8 9 8 6 5 8 5 5 4 4 6 6 5 4 9 6 9 6 2 4 8 6 3 6 4 5 9 9 2 4 6 1 5 4 3 0 3 9 1 6 0 4 0 4 0 1 4 4 2 2 1 0 0 0 6 4 4 1 8 4 2 4 5 3 6 9 8 8 0 4 3 9 3 0 4 4 3 1 2 9 5 9 4 4 0 1 2 3 1 2 0 1 2 5 6 4 3 3 6 2 6 5 9 1 2 6
split_gain=320.481 289.894 135.07 227.389 169.121 74.6194 202.392 215.578 124.396 114.311 186.825 225.723 137.968 89.766 86.6829 81.135 324.344 55.2587 48.2592 395.624 315.948 44.8556 95.3593 44.4122 43.8808 43.6339 40.7281 40.3752 37.1583 35.4023 34.6455 32.4655 31.647 26.6081 26.5361 22.3101 19.3226 34.8396 19.1513 18.0067 17.9755 16.965 16.8718 16.8346 15.9642 15.6704 69.2975 50.2329 15.6039 14.1151 13.1989 12.7428 12.6306 12.5528 12.2913 12.0862 11.697 11.4209 10.9651 10.4059 9.85718 9.6308 9.27628 9.26021 8.70119 8.18868 7.85527 7.45563 7.44828 7.30497 7.17545 7.11405 7.10604 6.77411 6.76172 6.71348 6.70787 6.69949 6.5062 6.46207 6.43167 6.40558 6.32855 6.32498 5.90772 5.79795 62.6061 53.5184 5.74878 5.73248 5.72544 6.06287 5.61427 7.71292 5.14831 5.08994 5.08277 4.9149 4.88164 4.72998 4.72584 4.71155 4.50882 4.41925 4.40485 4.38822 4.20932 4.12399 4.11626 3.93219 3.92273 4.54636 3.87504 3.81464 3.78852 3.77672 3.74633 3.52982 3.48987 3.34053 3.06246 3.02835 5.51629 3.01682 2.98534 2.8776
threshold=1.0000000180025095e-35 1.0000000180025095e-35 1.0000000180025095e-35 1.0000000180025095e-35 1.0000000180025095e-35 1.5000000000000002 1.0000000180025095e-35 1.5000000000000002 1.0000000180025095e-35 1.5000000000000002 1.5000000000000002 1.0000000180025095e-35 1.0000000180025095e-35 1.5000000000000002 1.0000000180025095e-35 1.5000000000000002 1.0000000180025095e-35 1.5000000000000002 1.5000000000000002 1.5000000000000002 1.5000000000000002 1.5000000000000002 1.0000000180025095e-35 1.0000000180025095e-35 1.5000000000000002 1.0000000180025095e-35 1.5000000000000002 1.5000000000000002 3.5000000000000004 3.5000000000000004 1.0000000180025095e-35 1.0000000180025095e-35 1.5000000000000002 3.5000000000000004 1.5000000000000002 1.0000000180025095e-35 1.5000000000000002 1.0000000180025095e-35 2.5000000000000004 3.5000000000000004 1.0000000180025095e-35 1.0000000180025095e-35 2.5000000000000004 1.0000000180025095e-35 3.5000000000000004 1.5000000000000002 1.5000000000000002 1.5000000000000002 2.5000000000000004 3.5000000000000004 1.0000000180025095e-35 2.5000000000000004 1.5000000000000002 3.5000000000000004 2.5000000000000004 2.5000000000000004 2.5000000000000004 2.5000000000000004 2.5000000000000004 1.5000000000000002 2.5000000000000004 3.5000000000000004 3.5000000000000004 3.5000000000000004 2.5000000000000004 3.5000000000000004 3.5000000000000004 3.5000000000000004 2.5000000000000004 2.5000000000000004 2.5000000000000004 2.5000000000000004 2.5000000000000004 2.5000000000000004 1.0000000180025095e-35 3.5000000000000004 3.5000000000000004 3.5000000000000004 1.5000000000000002 3.5000000000000004 2.5000000000000004 3.5000000000000004 1.5000000000000002 2.5000000000000004 1.5000000000000002 1.5000000000000002 1.0000000180025095e-35 1.0000000180025095e-35 2.5000000000000004 3.5000000000000004 2.5000000000000004 2.5000000000000004 2.5000000000000004 2.5000000000000004 3.5000000000000004 3.5000000000000004 2.5000000000000004 2.5000000000000004 2.5000000000000004 2.5000000000000004 1.5000000000000002 2.5000000000000004 3.5000000000000004 3.5000000000000004 2.5000000000000004 3.5000000000000004 3.5000000000000004 2.5000000000000004 2.5000000000000004 2.5000000000000004 2.5000000000000004 2.5000000000000004 2.5000000000000004 1.5000000000000002 1.5000000000000002 3.5000000000000004 2.5000000000000004 2.5000000000000004 1.0000000180025095e-35 2.5000000000000004 1.0000000180025095e-35 1.5000000000000002 1.5000000000000002 2.5000000000000004 3.5000000000000004 1.5000000000000002
decision_type=2 2 2 2 2 2 2 2 2 2 2 2 2 2 2 2 2 2 2 2 2 2 2 2 2 2 2 2 2 2 2 2 2 2 2 2 2 2 2 2 2 2 2 2 2 2 2 2 2 2 2 2 2 2 2 2 2 2 2 2 2 2 2 2 2 2 2 2 2 2 2 2 2 2 2 2 2 2 2 2 2 2 2 2 2 2 2 2 2 2 2 2 2 2 2 2 2 2 2 2 2 2 2 2 2 2 2 2 2 2 2 2 2 2 2 2 2 2 2 2 2 2 2 2 2 2
left_child=1 43 4 66 27 8 7 36 13 10 15 26 32 14 30 25 50 21 20 38 53 22 92 33 48 72 31 -3 68 58 103 73 70 52 -9 61 37 115 -20 56 -23 67 -26 49 -40 47 -47 75 -14 109 -17 -44 71 97 -48 -42 -6 -30 -18 -22 -60 -27 90 65 -53 69 82 96 -15 -56 -13 -8 -10 -12 -38 -25 -75 83 100 112 -43 -21 -4 -70 106 87 -87 -19 -24 98 -50 -92 -11 -94 -36 -95 -16 -5 -28 -34 -68 -76 -82 -2 -54 -90 110 -100 -71 -1 -85 -112 -74 -58 -49 -7 -57 -72 -59 -89 -109 122 -35 -32 -99 -45
right_child=5 2 3 18 39 6 23 34 9 17 11 12 24 28 41 16 29 85 19 81 59 40 88 45 42 35 89 -29 57 -31 123 -33 99 121 94 -37 74 -39 44 -41 55 80 51 125 -46 46 54 114 62 -51 -52 64 104 -55 63 116 113 118 60 -61 -62 -63 -64 -65 -66 -67 78 -69 77 108 117 -73 79 76 101 -77 -78 -79 -80 -81 102 -83 -84 84 -86 86 -88 119 105 -91 91 -93 93 95 -96 -97 -98 124 107 -101 -102 -103 -104 -105 -106 -107 -108 120 -110 -111 111 -113 -114 -115 -116 -117 -118 -119 -120 -121 -122 -123 -124 -125 -126 -127
leaf_value=-0.01794159042444959 -0.0051083003410514636 0.013594588707214934 0.016234836049199768 -0.020831977942031774 -0.0073820826715679053 -0.013163411903966119 -0.025406608466273219 -0.031764152076604574 0.0019201733253093912 -0.01060227795690941 0.0073287067394683259 -0.023357302119792304 0.020206107577594123 -0.0055485323112483874 -0.0030614278860152501 -0.034786562636407253 -0.0056172761168140385 -0.0019124474200110369 0.0087427190704997791 0.021063720529295435 -0.026195705778984953 -0.0011792116272536272 0.0092027167247609298 0.01423574892728611 0.0064437188604884611 0.015788145173821856 -0.016788704724094036 -0.032699530832313577 -0.019855403924355922 -0.0063581475363007414 -0.0023380059191572579 0.007977354137106955 -0.0094167060377106614 0.00056504194512537386 -0.015170941262092617 -0.0007674562583771141 0.02137541573939725 0.0080784277737868011 -0.031192553917409289 0.00047380025212542977 -0.011348213652591119 -0.03260373527016356 0.0094282327531090646 0.0059395827649112087 -0.00029970559621831917 0.0042611205428785713 -0.031351633921486495 0.0017541303993319334 0.0076048615463508475 -0.005187963090443436 -0.021542020510124365 0.0020056343310880767 -0.014694162906857048 -0.0076100105114655942 -2.3373304950743475e-05 -0.01466107939112201 0.029764472782937118 -0.00066486790412770399 -0.023201059235628058 -0.01837937199928728 0.025865218009857562 -0.0057167353979500971 0.014898290273846088 0.00062956174122258597 -0.034289499374239085 -0.026267295924750213 -0.020233207316439024 0.0037933447120404233 -0.0011228178557275816 -0.0021087052451721341 0.00416063654403615 0.017663270706154234 -0.017339534327016327 -0.019880978208131988 0.009575504551588003 0.0011451864864654093 0.020735786706233186 -0.0085052397758910592 0.013897147825395957 0.0028871811710910766 0.014217160591893391 0.0048058132557340042 0.0058652650881373556 -0.011150354942054155 0.011723329173558505 0.018876751110479446 -0.0013091198593097137 -0.010510970636457603 -0.014013647463994789 -0.016216400081329754 -0.02115080944546914 0.0080297631413126427 -0.022785069847744283 0.032929129879497442 0.018796329829314572 0.0089482557550088423 0.035724320350443595 0.018696345151532207 -0.016560440939352297 0.027567937978216991 0.011329968184194416 -0.020021153610421533 0.00136472180722626 0.0070112735648615587 0.028265157744811489 0.015408510949651726 -0.010324051024076349 0.012757976890147404 0.023758203657263728 0.014772316314014829 -0.007717660380562332 0.018495410034222497 0.022476423202386339 0.020640911528734561 -0.0033945237854895319 0.0038129228136166886 0.013594382050291754 0.023480736041109361 0.022275365232591982 0.017717242036954548 0.021322178985717481 0.0095905112653677793 -0.025390870810864875 0.015692033988747814 -0.010226019246470219 -0.00013318725205185009
leaf_weight=8.4651593565940839 2348.5968705536798 56.114844128023833 429.63986648223363 7.3465335483197114 31.630401480942965 337.64561895804945 8.8599056098610145 577.90503330295905 55.821893240325153 9.9591482318937761 28.399946589488536 8.8699854649603349 24.569512514397502 41.213384593371302 8.8010963820852322 429.95032244187314 30.677745282649994 585.10197662119754 30.749797345139086 416.52512435638346 1323.5713089896599 618.40213369484991 27.363997186534107 1192.0652163972845 27.123269513249397 379.08450372319203 9.7514840150251967 277.19436537288129 95.210086749633774 121.61737746046856 25.316856272052974 303.67935455357656 228.31806084356504 78.9520786809735 325.40535480598919 950.15115331043489 133.70937034522649 572.57104573701508 2592.3489825280849 117.0277264143806 55.150363648310304 7.0602093799971035 16.897866830229759 472.06306878314354 42.523972378810868 1483.6499550924636 10.390736774541436 900.88349781895522 17.801818001549691 98.99344218801707 348.08564352034591 16.632272689603269 5.4771931567229322 52.135229252162389 34.505828381516039 11.20392126846127 179.73461609717924 65.871865667402744 9.7048032279126328 646.60270879406016 531.60598388256039 59.805150947300717 18.567770320922136 52.154585481854156 1209.6469865385443 7.8513374663889399 46.139874758198857 24.720159812830389 52.191577983321622 15.459297317545859 28.048830819316208 847.75903539953288 5.4910095604136577 241.15642269374803 554.83395736012608 106.90176187991165 9.8289897320792061 27.497296534944326 36.885147435474209 47.946660962421447 527.70051300793421 71.680639537284151 225.96156360357418 10.805234905797986 518.02283837948926 585.48957087704912 1112.8437672173604 9.990550355287267 1193.7405822956935 12.627429430605842 991.93853750731796 17.643514291848987 6.747287477599456 143.21221627213527 10.732653121463953 27.215532398200594 146.08566282386892 613.14186213130597 7.9132340401411048 8.0344281867146474 15.11743286764249 12.874332212377338 78.610310229938477 76.866014167433605 431.65836566500366 12.030443973839281 12.563441803911699 168.99469044117723 1007.912426652736 1065.2076584168244 16.195769153069705 1718.2271450575208 564.67598125798395 367.81553487398196 590.70879411837086 35.835304389242083 557.37846425059251 168.06031331440317 21.130255185067654 915.13247130531818 302.27028373675421 41.819249529624358 26.614947336725891 248.17866228742059 8.4648638591170293 331.8867724284064
leaf_count=234 23272 1192 7013 215 370 3384 254 2969 720 167 425 123 224 560 487 1824 283 6370 344 7011 7614 7208 348 18139 226 6573 181 1450 1302 1184 393 4672 2971 894 3648 12281 2856 8308 14177 1032 495 180 297 6451 933 20612 174 10523 273 1192 3720 94 182 975 446 243 3288 477 196 4573 10086 433 98 972 8043 199 310 565 778 292 211 14860 153 2622 7620 1911 81 439 485 714 8370 761 2949 187 6931 9495 13553 233 11893 279 7830 116 170 3452 164 573 2829 11620 165 49 131 190 1157 1864 8724 81 228 2784 20152 16875 259 28829 10549 6814 6598 339 7385 3985 344 11709 5457 680 321 5253 113 4070
internal_value=-0.000110012 -0.00803747 -0.0124798 -0.0151224 0.00435396 0.00252775 0.00618068 -0.00580658 0.00075138 -0.00196045 -0.00609283 -0.0136864 -0.021227 0.00667944 0.00145341 0.00221581 -0.00675062 0.0032493 -0.0184768 -0.0226588 -0.0134954 -0.00207556 -0.00814224 0.0106676 -0.0260599 0.00861226 0.00565788 -0.0248883 0.0137523 0.0180967 -0.00281779 -0.00332799 0.00440761 0.0184656 -0.0252663 0.00354181 0.00499879 0.000333953 -0.0302362 0.0183693 0.00486212 0.015976 -0.0323505 0.00901451 -0.0306943 0.00858441 0.0113683 0.00597558 -0.0185723 0.0128331 -0.0288963 -0.0332014 0.0207571 0.0158443 0.020702 0.0108441 0.0219781 -0.00797868 0.0232983 -0.023641 0.0249444 0.0128515 -0.0195016 0.0212134 -0.033796 0.0222192 0.0107028 0.0294678 0.0154071 0.0226036 0.0187397 0.0171887 0.0190422 -0.015601 0.0112812 0.0131601 -0.0182144 0.0157759 -0.00246802 0.0205829 0.0119838 0.0186914 0.0126752 0.0160662 0.0164608 0.00766703 0.00565684 0.00992237 -0.0131921 0.0160899 -0.0201372 -0.0206334 0.0250276 0.0270787 -0.0140339 0.0291742 0.0335149 0.0177974 0.0169556 -0.00804862 -0.012387 0.0088703 0.0125558 -0.00472148 0.0276946 -0.0137076 0.0178494 0.0176759 0.0233658 0.0144979 0.018058 0.0182463 0.0220633 0.0236845 -0.000285777 -0.0115287 0.0130128 0.0207526 0.00509645 0.0174014 0.0182846 -0.00165334 -0.00615567 0.0140206 0.0182867 0.00343557
internal_weight=38313.3 9564.97 7588.35 6558.83 1029.52 28748.4 9405.14 2561.51 19343.2 13272.4 7401.39 3866.78 2782.15 6070.87 3491.94 3534.62 1471.64 5870.96 5805.09 3153.83 2651.26 2662.4 1420.27 6843.62 2340.82 2062.98 1084.62 333.309 2578.93 693.606 2698.96 583.065 441.332 1441.14 914.043 1389.04 1647.47 946.052 2665.62 696.208 1242.13 792.978 1270.3 1976.62 2634.87 5402.48 2611.92 2790.56 1070.52 1172.67 778.036 1243.18 1293.75 681.088 1128.27 623.733 579.181 182.212 571.989 1970.17 541.311 438.89 1045.95 1117.88 1226.28 1065.73 753.744 179.607 2396.72 1057.88 204.979 856.619 673.936 279.385 701.418 1298.97 250.985 2355.5 98.1425 618.114 613.371 488.206 655.601 2328.01 2275.81 3208.56 1698.33 1510.22 1233.14 501.557 1027.38 1009.58 187.134 177.175 336.138 170.428 154.887 628.953 488.93 236.352 61.2573 567.708 606.311 2425.46 437.136 1205.77 1757.79 479.178 1023.37 1073.67 1745.23 1734.42 570.167 547.55 1491.59 373.481 568.582 196.109 87.0021 925.123 471.265 147.386 105.567 273.496 621.607 803.95
internal_count=485604 102192 73370 59224 14146 383412 135411 29478 248001 163297 89922 41206 24540 84704 44370 48716 17293 73375 48336 23226 25110 32015 16684 105933 17201 31423 16666 2642 40334 11749 30782 7800 7339 25915 6781 19287 22697 12031 15454 11504 15331 13588 8660 28822 15110 80018 42847 37171 8541 18301 5544 8434 24020 12923 22235 8123 10472 2123 10565 12187 10282 7006 8317 22061 8137 21089 10888 3881 38211 20890 4319 15114 12136 3128 10666 20050 2703 37651 926 11416 9707 7772 9962 37212 36434 41360 23048 18312 12322 8866 8219 7946 4362 4195 3812 4025 3316 11948 8587 3020 441 7810 9527 25136 8906 11974 29503 8406 20444 17109 29275 29088 10702 10102 17121 3723 7628 4196 821 11942 8241 1895 1215 5646 11733 10521
is_linear=0
shrinkage=0.05


Tree=46
num_leaves=127
num_cat=0
split_feature=7 5 9 6 5 9 8 6 8 8 7 8 6 9 8 8 8 9 5 9 8 8 9 8 5 8 9 9 7 9 8 5 6 6 8 6 4 9 5 6 8 8 4 9 6 5 8 9 6 7 6 6 8 5 4 4 6 7 6 4 9 4 2 6 0 8 5 6 5 7 4 4 8 7 8 7 0 9 8 9 8 9 4 9 3 4 4 8 6 0 2 4 0 6 6 4 4 2 7 8 4 7 6 8 9 6 4 7 7 6 6 3 8 8 5 6 4 5 6 4 6 4 9 5 4 4
split_gain=144.085 804.851 279.196 339.839 236.127 120.87 139.392 112.892 117.661 100.771 96.8146 96.3202 90.557 195.847 137.816 137.522 83.1857 80.8216 88.5753 74.899 265.672 184.996 72.5292 229.113 71.7521 67.389 112.018 100.981 63.5271 58.9215 94.6768 50.9882 50.1747 78.1571 49.7114 45.0989 42.9096 42.795 41.3289 38.5956 139.762 87.3493 37.6873 36.0077 35.0674 34.9078 34.409 77.4238 34.2251 29.9389 35.2827 33.6228 32.7686 29.8581 28.2716 25.5973 24.7233 22.1038 21.289 19.9992 16.8236 15.769 14.8092 14.6224 14.5866 14.4612 92.2122 89.1788 44.4363 23.6171 17.5379 14.0228 13.4232 12.676 12.628 17.2482 12.5419 12.4338 23.0197 15.1712 12.3368 92.5574 18.5965 14.9019 11.5121 11.3728 11.1954 11.0669 10.7209 10.7202 9.81271 9.52464 9.43545 9.0962 8.93742 8.93672 8.73307 8.71056 8.48121 8.21535 8.18204 8.16667 7.80024 7.62566 7.49231 6.93663 6.92047 6.59805 6.59084 26.1209 6.55282 6.52059 6.39027 9.39232 16.8814 6.08146 13.2325 6.06529 5.99557 11.2462 5.87673 7.04695 5.68028 20.51 5.59965 5.40267
threshold=1.5000000000000002 1.5000000000000002 1.5000000000000002 1.0000000180025095e-35 1.5000000000000002 1.0000000180025095e-35 1.5000000000000002 1.0000000180025095e-35 1.0000000180025095e-35 1.5000000000000002 1.0000000180025095e-35 1.0000000180025095e-35 1.5000000000000002 1.5000000000000002 1.0000000180025095e-35 1.0000000180025095e-35 1.5000000000000002 1.5000000000000002 1.0000000180025095e-35 1.5000000000000002 1.5000000000000002 1.5000000000000002 1.0000000180025095e-35 1.5000000000000002 1.0000000180025095e-35 1.0000000180025095e-35 1.0000000180025095e-35 1.0000000180025095e-35 1.0000000180025095e-35 1.0000000180025095e-35 1.0000000180025095e-35 1.0000000180025095e-35 1.5000000000000002 1.0000000180025095e-35 1.0000000180025095e-35 1.5000000000000002 3.5000000000000004 1.0000000180025095e-35 1.0000000180025095e-35 1.5000000000000002 1.5000000000000002 1.5000000000000002 3.5000000000000004 1.5000000000000002 1.0000000180025095e-35 1.0000000180025095e-35 1.0000000180025095e-35 1.5000000000000002 1.0000000180025095e-35 1.0000000180025095e-35 1.5000000000000002 1.5000000000000002 1.0000000180025095e-35 1.0000000180025095e-35 3.5000000000000004 3.5000000000000004 1.5000000000000002 1.0000000180025095e-35 1.5000000000000002 3.5000000000000004 1.0000000180025095e-35 3.5000000000000004 2.5000000000000004 1.0000000180025095e-35 2.5000000000000004 1.0000000180025095e-35 1.0000000180025095e-35 1.5000000000000002 1.0000000180025095e-35 1.0000000180025095e-35 3.5000000000000004 3.5000000000000004 1.5000000000000002 1.0000000180025095e-35 1.5000000000000002 1.0000000180025095e-35 2.5000000000000004 1.0000000180025095e-35 1.5000000000000002 1.5000000000000002 1.5000000000000002 1.5000000000000002 3.5000000000000004 1.5000000000000002 2.5000000000000004 3.5000000000000004 3.5000000000000004 1.5000000000000002 1.5000000000000002 2.5000000000000004 2.5000000000000004 3.5000000000000004 3.5000000000000004 1.0000000180025095e-35 1.0000000180025095e-35 3.5000000000000004 3.5000000000000004 2.5000000000000004 1.0000000180025095e-35 1.5000000000000002 3.5000000000000004 1.0000000180025095e-35 1.0000000180025095e-35 1.5000000000000002 1.0000000180025095e-35 1.0000000180025095e-35 3.5000000000000004 1.0000000180025095e-35 1.0000000180025095e-35 1.0000000180025095e-35 1.0000000180025095e-35 2.5000000000000004 1.0000000180025095e-35 1.5000000000000002 1.0000000180025095e-35 1.0000000180025095e-35 3.5000000000000004 1.0000000180025095e-35 1.0000000180025095e-35 3.5000000000000004 1.5000000000000002 3.5000000000000004 1.5000000000000002 1.0000000180025095e-35 2.5000000000000004 3.5000000000000004
decision_type=2 2 2 2 2 2 2 2 2 2 2 2 2 2 2 2 2 2 2 2 2 2 2 2 2 2 2 2 2 2 2 2 2 2 2 2 2 2 2 2 2 2 2 2 2 2 2 2 2 2 2 2 2 2 2 2 2 2 2 2 2 2 2 2 2 2 2 2 2 2 2 2 2 2 2 2 2 2 2 2 2 2 2 2 2 2 2 2 2 2 2 2 2 2 2 2 2 2 2 2 2 2 2 2 2 2 2 2 2 2 2 2 2 2 2 2 2 2 2 2 2 2 2 2 2 2
left_child=1 2 5 10 7 6 31 8 122 65 11 38 13 15 28 94 42 29 35 21 97 25 23 63 -10 26 -14 -27 -15 30 56 93 33 55 -35 99 98 85 86 40 89 106 62 60 91 118 47 -34 59 50 105 102 -53 107 77 104 -9 90 -59 -24 -26 -22 -7 -17 -20 66 69 70 -69 -5 117 -55 -66 -23 -16 -76 -64 87 79 -79 81 82 -39 -82 -13 -36 -4 -48 108 -31 -11 -8 111 -1 -3 103 -95 -21 -29 -19 -99 -70 -51 -32 -6 -33 -41 -46 115 -110 -77 -78 -12 114 -114 116 -47 -67 119 -18 121 -71 123 -2 -113 -74
right_child=4 12 3 9 32 16 44 17 24 57 112 84 19 14 74 22 45 18 64 20 61 73 48 -25 43 27 -28 36 -30 39 95 49 46 34 37 -37 -38 80 -40 41 -42 -43 -44 -45 53 88 54 -49 -50 51 -52 52 -54 71 -56 -57 -58 58 -60 -61 -62 -63 76 -65 72 67 -68 68 101 120 -72 -73 125 -75 75 110 92 78 -80 -81 83 -83 -84 -85 -86 -87 -88 -89 -90 -91 -92 -93 -94 96 -96 -97 -98 100 -100 -101 -102 -103 -104 -105 -106 -107 -108 -109 109 -111 -112 124 113 -115 -116 -117 -118 -119 -120 -121 -122 -123 -124 -125 -126 -127
leaf_value=0.0022569857697832714 0.0073172557394123559 0.031415546384146058 -0.013001064674178126 0.017623494370979063 0.004335416305036816 -0.007002269152521258 0.0078594323928998545 0.022555862558735637 0.017745639039701538 -0.02519127546351 0.016977698246688797 0.0022828429624780293 -0.030129031228499886 -0.032721260237383705 0.027689065701265128 0.012676922758837292 0.030885231630514567 0.0020253809799940115 -0.0014468183361509713 -0.026261155647663226 -0.044780148255522345 0.025569088889087228 -0.037060811804254093 -0.028383229062527954 -0.025595493544461723 0.028514038384677344 0.021513311856155216 -0.043178560528757876 0.0013019842283830553 0.011514498109723883 0.015359357875229665 -0.015104893927224939 0.025740623843407213 0.020169914222416915 0.024809511021163626 -0.018759054985971441 0.03003617514041252 -0.01985926618612786 0.019453191112573178 0.014974246494498298 0.021614044214736186 -0.011884500823243604 0.0025803037372867082 0.011874126222608876 0.017535986360639046 0.019510638741847022 0.032200711059225062 -0.00060180279072797227 -0.020975319328634952 0.014076662938563656 0.020636632920381114 0.013334415415342136 -0.021282389219325817 0.036212609541187137 0.0021680246645525425 -0.009111441189267119 -0.026767467732456258 0.011623538759465042 0.028106668324249968 -0.0045859748698825701 -0.010557728236660019 -0.0058077765878531452 0.0024515507883464648 0.033425429257784703 0.017344460312849794 0.016439496259678617 0.012499985847532464 0.0070891331322047091 -0.024196498611803702 -0.026305169644513904 -0.0055616158879485305 -0.011675505591850342 0.032072706221413574 0.0049491496003799991 0.026128085191351392 0.020982155762442497 0.0045274634680855163 0.0080445297338710905 0.024307348303372535 0.019492165447817875 0.0083900784552162384 0.031148291568459566 0.013667723786163107 -0.017454445865408352 -0.028937458032086496 -0.0073692046306408562 0.003935548517992651 0.012007273707913506 0.0096234500283735938 -0.023434325023289022 0.034411963596474145 -0.02260126671956637 -0.0095020883589624888 0.016840467009144513 0.010938954515386304 0.0025836651055829319 -0.013228081385833293 0.017533173227353115 -0.033344150471793517 0.028893687993332508 -0.0081020416041207872 -0.010835437101833467 0.00081881315698096268 0.027388697254460134 0.027309397425048676 -0.026831849727701602 -0.0034838237419263559 -0.00057444103808879923 -0.017510822319337111 0.0029949819494631065 0.0012903218613612084 -0.0057624120772469187 0.021065266081101205 0.010276380469267149 -0.01095389113855099 -0.002443325605052277 -0.0090138738611204878 0.026941804067820759 0.012051213000855127 -0.0009874094764067609 0.0020128711333887422 -0.00024582888847567678 -0.045309063129188663 -0.038901725250394939 0.02094815578484531 0.0023625430536051376
leaf_weight=1274.9720094967633 27.705012025777251 72.282739615766332 1822.1404657484964 38.374772398266941 39.069410988362506 51.812348546925932 242.40911045763642 28.75439217640087 246.36330345692113 6.4412877433933309 97.621134255779907 30.132444339105859 245.45424900762737 233.76363033894449 310.2854517128435 166.58064570231363 115.74350946082268 48.146691881585866 74.547681979369372 13.227557216305284 934.04438512446359 86.747126579284668 652.85913171677385 561.77053400949808 315.35672367364168 65.017181327100843 182.03639342263341 367.21996344346553 329.95212655188516 21.963171881157905 279.44555973459501 223.6861683500465 417.24048549169675 236.08600654907059 135.53971069119871 284.39503492903896 23.757971731480211 345.19319946924224 108.83882905868813 554.34173754946096 224.91807634360157 789.30225453001913 364.78459716483485 127.64863121614326 155.2439510168042 123.13915043091401 317.99099564843345 837.32036940311082 1304.03121929802 164.77054622035939 52.880750296404585 85.685539994388819 326.1634195772931 388.88710036850534 249.83676466601901 59.893791668117046 180.75850735395215 817.1836675289087 258.10686249984428 51.442757295910269 457.67861202196218 27.026641773059964 101.61463243653998 176.44054687104654 623.7310818056576 292.44257078832015 445.30736410280224 375.03216819302179 178.92622244916856 362.63134527951479 66.275816838722676 15.467729322495869 274.87926601397339 500.67022996791638 178.02505873818882 53.327408377546817 63.325212836964056 601.52927552396432 885.37938552116975 561.17458207486197 63.149431743077002 141.72664321493357 46.260591162368655 444.71629261597991 1191.5611279441509 33.878915420733392 102.65866368357092 88.265020976657979 266.49925816548057 846.5836142670596 225.16632449871395 27.716832202859223 25.846502674277872 196.14456168841571 203.1947460337542 73.719315775320865 26.767752299550921 226.13363154418766 636.15044889785349 69.115748340729624 35.47107142675668 323.39399549085647 335.84823136031628 258.70981477852911 437.07187985163182 305.15651266812347 55.519744237652048 74.072521035093814 245.49152655992657 419.15123092732392 190.66836762544699 19.34624229837209 51.745316102169454 224.14609526074491 186.81391031714156 196.74042588379234 59.740755055099726 272.93520988570526 542.92445419426076 36.196839199401438 22.021357784513384 27.956113213207573 174.93805582681671 165.69647102337331 3472.2368485082407 16.375689260545187
leaf_count=15648 633 1668 16027 481 631 1249 3879 310 4624 202 1991 557 1358 1470 6775 2088 2333 1157 1153 366 3689 1477 4187 3305 1649 1546 2672 1774 3627 267 4452 1713 7301 5314 2616 1964 316 2473 2258 10448 4294 6883 6060 1942 2383 2511 7431 8487 10139 2581 1275 910 2846 8070 3491 790 823 10578 5182 551 4256 233 1122 3861 9459 4780 7732 5303 1034 2724 630 423 5746 6715 3040 776 1258 6176 17792 10117 1765 3988 311 3590 8800 249 1004 2074 4142 6428 4542 264 592 3377 3070 911 331 3482 2501 1502 278 3201 5756 4567 8667 1769 767 1349 2142 5776 2625 248 1331 4033 1973 2421 414 5900 7827 259 393 154 690 915 60504 339
internal_value=0.000172961 -0.00197299 0.00398001 -0.00329302 0.00464677 0.00945457 0.00257273 -0.00216195 -0.0140261 0.00747663 -0.0137699 -0.0170734 -0.0153024 -0.0106552 0.00573093 -0.0173151 0.0138453 0.00166126 0.0117708 -0.0215316 -0.0313047 -0.0157869 -0.0205085 -0.00874132 -0.00611708 -0.0249936 -0.00813952 -0.0315771 -0.0128399 -0.00258491 0.00902196 -0.00262665 0.0117747 0.00527822 -0.000768582 -0.00801748 -0.0354049 -0.00486565 -0.0103989 -0.00641177 -0.0134451 -0.000909485 0.0179276 -0.0126567 0.0197695 0.00549758 0.0150261 0.00817266 -0.0258028 -0.00915889 -0.0180132 -0.00350051 -0.0140655 0.026192 0.0182014 0.0215672 -0.0199231 0.0186469 0.0156025 -0.0346987 -0.0167175 -0.0436914 0.0194257 0.0234155 0.019803 0.00140215 -0.00362581 0.00438899 -0.00592336 -0.0195411 0.0186993 0.0343565 0.021534 0.00803249 0.0200244 0.0143369 0.0197994 0.0198319 0.018228 0.0135817 -0.00866086 -0.00333877 -0.0158724 -0.0142307 -0.0281662 0.0183692 -0.0120962 0.0278536 0.000691987 -0.0225383 0.0326532 0.00466212 0.0202908 0.00389126 0.016406 0.0189494 0.0131868 0.0120118 -0.0369828 0.0179723 0.0140397 -0.0156333 0.00520178 0.0211823 0.0254373 -0.0219095 0.0132909 0.011709 -0.00159438 -0.00459394 0.00566222 0.0205101 0.00541904 0.00294905 -0.00394975 0.00365556 0.0101943 0.0215481 0.0145486 0.0233354 -0.0230318 -0.0244454 -0.0385724 -0.0322772 0.0207985 0.0304161
internal_weight=37517.8 25355.9 17528.3 7527.85 12161.9 10000.5 3895.87 6220.59 1515.39 3712.2 3815.66 3255.33 7827.58 4484.62 1296.02 3188.6 6104.59 4705.21 1391.19 3342.96 1235.9 2107.05 2913.12 904.792 1147.05 1519.64 427.491 1092.15 563.716 3314.02 821.388 2992.08 5941.32 1982.59 1446.55 401.657 1027.13 1210.46 2033.64 2492.63 1093.46 1399.16 4098.97 900.684 903.797 2005.63 3958.74 1254.56 2008.33 1494.19 581.723 912.468 411.849 633.671 2704.18 536.035 209.513 1306.9 1075.29 704.302 773.035 961.071 3734.18 343.021 989.534 2405.3 896.291 1509.01 877.352 450.984 631.654 404.355 914.986 587.417 732.306 422.021 3682.37 2454.34 2048.08 1162.7 1041.05 533.18 391.454 507.866 1221.69 169.419 1924.8 406.256 1310.76 868.547 231.608 270.126 3580.75 1497.88 275.477 611.875 222.912 274.832 1003.37 117.262 261.605 502.32 500.619 538.155 476.141 528.843 609.861 229.316 1044.26 664.643 243.996 3554.91 560.326 462.705 238.559 379.62 182.88 565.378 694.865 151.94 412.609 390.587 368.34 193.401 3491.58 291.255
internal_count=485273 315831 242242 90810 169442 151432 52574 76179 14709 52836 37974 28646 73589 47182 18313 28869 98858 61470 21320 26407 8048 18359 24131 9254 12471 10167 4030 6137 5097 40150 11063 36206 93263 30394 20306 4623 4591 14992 19289 29087 10989 18098 71033 7847 16368 27825 62869 15788 14877 16850 4757 12093 3756 12225 47081 10088 1133 20504 15760 4738 5905 3922 64973 5949 16697 32332 11484 20848 9538 3752 11310 8493 15544 8192 13216 6441 63724 43590 34085 16293 12127 6772 2784 5355 9357 2865 17031 9505 17406 6695 4744 4143 62602 19356 4738 9930 3708 4126 4275 2659 3760 4235 8337 9019 9298 3482 11215 3732 13264 7918 3401 62010 9328 7337 3304 5346 2925 10680 10419 2592 3271 2878 2238 1548 60752 6085
is_linear=0
shrinkage=0.05


Tree=47
num_leaves=127
num_cat=0
split_feature=5 6 9 8 9 9 9 7 7 8 6 7 6 8 5 6 8 8 7 5 7 6 7 6 6 5 8 4 6 5 8 8 7 5 8 9 5 7 8 4 6 9 7 8 8 8 7 9 4 5 7 0 7 7 6 6 6 4 9 4 4 7 8 7 7 0 4 7 8 7 7 4 6 6 6 8 9 7 4 9 4 6 0 4 7 6 6 2 6 5 4 6 0 0 2 6 4 4 6 2 6 1 4 8 9 0 4 8 1 8 9 8 1 7 6 6 1 6 0 4 2 7 0 9 8 7
split_gain=182.381 214.732 232.199 226.245 166.701 157.611 132.032 395.855 285.072 197.635 129.998 94.1752 119.552 87.7446 76.243 107.078 106.948 81.6658 75.6399 72.9814 169.372 137.659 113.643 122.598 89.2477 72.4329 70.5523 63.5967 56.8382 170.188 94.6456 54.4041 46.5795 45.7548 121.987 37.9342 36.2777 48.9022 33.6881 32.4051 32.2012 40.1969 28.8971 28.1113 27.9428 23.5909 30.6998 84.4391 24.2791 22.5424 22.5417 20.3204 19.0813 18.8199 18.5348 18.1337 16.104 15.9043 14.8686 14.6784 14.6182 13.9259 12.9597 30.4037 13.3023 12.6918 13.1368 12.543 12.2927 12.0625 13.2574 11.8988 11.896 11.7842 14.4186 15.6467 11.6003 11.5626 11.542 11.416 10.2771 10.0251 9.60527 9.49981 9.42627 41.2422 33.0706 9.18956 8.79708 8.70107 8.69105 9.35641 8.41555 8.39306 8.39101 7.11741 7.00652 6.89797 6.79518 8.84908 6.72683 6.26698 5.96553 5.92528 5.86222 6.59347 5.86109 6.35915 5.82091 5.82061 5.77962 6.59245 5.67972 6.39078 25.9335 9.85611 5.46032 5.38293 5.16815 5.09298 5.0173 4.96955 5.31865 4.91475 4.59409 9.02579
threshold=1.5000000000000002 1.0000000180025095e-35 1.5000000000000002 1.0000000180025095e-35 1.0000000180025095e-35 1.0000000180025095e-35 1.5000000000000002 1.5000000000000002 1.0000000180025095e-35 1.5000000000000002 1.5000000000000002 1.5000000000000002 1.5000000000000002 1.5000000000000002 1.0000000180025095e-35 1.5000000000000002 1.5000000000000002 1.0000000180025095e-35 1.5000000000000002 1.0000000180025095e-35 1.0000000180025095e-35 1.5000000000000002 1.0000000180025095e-35 1.0000000180025095e-35 1.0000000180025095e-35 1.0000000180025095e-35 1.5000000000000002 3.5000000000000004 1.5000000000000002 1.0000000180025095e-35 1.0000000180025095e-35 1.5000000000000002 1.5000000000000002 1.0000000180025095e-35 1.5000000000000002 1.0000000180025095e-35 1.0000000180025095e-35 1.5000000000000002 1.0000000180025095e-35 3.5000000000000004 1.5000000000000002 1.5000000000000002 1.5000000000000002 1.0000000180025095e-35 1.5000000000000002 1.5000000000000002 1.5000000000000002 1.0000000180025095e-35 3.5000000000000004 1.0000000180025095e-35 1.5000000000000002 2.5000000000000004 1.0000000180025095e-35 1.5000000000000002 1.0000000180025095e-35 1.0000000180025095e-35 1.5000000000000002 3.5000000000000004 1.5000000000000002 3.5000000000000004 3.5000000000000004 1.5000000000000002 1.5000000000000002 1.0000000180025095e-35 1.5000000000000002 2.5000000000000004 3.5000000000000004 1.0000000180025095e-35 1.5000000000000002 1.0000000180025095e-35 1.5000000000000002 3.5000000000000004 1.5000000000000002 1.0000000180025095e-35 1.5000000000000002 1.5000000000000002 1.5000000000000002 1.5000000000000002 3.5000000000000004 1.5000000000000002 3.5000000000000004 1.5000000000000002 2.5000000000000004 3.5000000000000004 1.0000000180025095e-35 1.0000000180025095e-35 1.0000000180025095e-35 2.5000000000000004 1.5000000000000002 1.0000000180025095e-35 3.5000000000000004 1.5000000000000002 2.5000000000000004 2.5000000000000004 3.5000000000000004 1.0000000180025095e-35 3.5000000000000004 3.5000000000000004 1.5000000000000002 2.5000000000000004 1.0000000180025095e-35 3.5000000000000004 3.5000000000000004 1.0000000180025095e-35 1.0000000180025095e-35 2.5000000000000004 3.5000000000000004 1.5000000000000002 3.5000000000000004 1.5000000000000002 1.0000000180025095e-35 1.5000000000000002 2.5000000000000004 1.5000000000000002 1.5000000000000002 1.5000000000000002 2.5000000000000004 1.5000000000000002 2.5000000000000004 3.5000000000000004 2.5000000000000004 1.0000000180025095e-35 2.5000000000000004 1.5000000000000002 1.0000000180025095e-35 1.5000000000000002
decision_type=2 2 2 2 2 2 2 2 2 2 2 2 2 2 2 2 2 2 2 2 2 2 2 2 2 2 2 2 2 2 2 2 2 2 2 2 2 2 2 2 2 2 2 2 2 2 2 2 2 2 2 2 2 2 2 2 2 2 2 2 2 2 2 2 2 2 2 2 2 2 2 2 2 2 2 2 2 2 2 2 2 2 2 2 2 2 2 2 2 2 2 2 2 2 2 2 2 2 2 2 2 2 2 2 2 2 2 2 2 2 2 2 2 2 2 2 2 2 2 2 2 2 2 2 2 2
left_child=4 2 35 5 33 18 7 9 10 19 57 12 -7 32 15 55 17 -17 81 22 21 39 96 -24 -22 56 89 79 31 61 50 82 102 34 97 43 -33 120 83 51 45 59 -36 -2 69 48 58 -48 87 -28 -31 -21 -15 -46 -53 -9 84 -8 118 104 -49 106 63 -40 71 -32 -67 -45 -69 -43 119 -65 -25 -16 75 92 -29 93 124 -13 -58 -3 -10 112 85 -11 -86 -5 -66 -12 91 -26 -75 -64 -84 -39 100 101 99 -95 -6 -1 -4 -34 105 -42 107 -30 116 -57 -61 -112 -35 115 -115 -114 -89 -73 -47 -71 -38 122 -118 -14 -37 -126
right_child=1 3 13 40 6 11 8 14 28 25 26 27 123 52 73 16 -18 -19 -20 20 24 -23 23 72 90 -27 49 76 29 30 65 36 103 38 42 78 37 95 62 -41 41 44 -44 67 53 46 47 60 -50 -51 -52 54 -54 -55 -56 109 80 -59 -60 110 -62 -63 77 64 88 66 -68 68 -70 70 -72 117 -74 74 -76 -77 -78 -79 -80 -81 -82 -83 94 -85 86 -87 -88 108 -90 -91 -92 -93 -94 98 -96 -97 -98 -99 -100 -101 -102 -103 -104 -105 -106 -107 -108 -109 -110 -111 111 -113 113 114 -116 -117 121 -119 -120 -121 -122 -123 -124 -125 125 -127
leaf_value=0.010269247815231024 0.024167226651397977 -0.00070433483574877057 0.01887829865454984 0.005317405624818413 -0.0063964470465418134 0.017563019204719837 0.022386789380245822 0.00017988362445396666 -0.01590874162546118 -0.030529955762866035 0.0025503061626297738 0.029521934915448023 -0.018083182442144338 -0.036011524816065302 0.027739194466252077 0.013460291649378781 0.037667990997826674 -0.039599624072400946 -0.027993871375856336 -0.00018272272323851846 0.018612498050665376 0.0051250362368099886 -0.040309619775848148 -0.0098380091862318234 -0.017417138121230798 0.010038587320692606 -0.030071336572397252 -0.022767929285467253 0.0077621706909542874 0.014980664410098 -0.00033864286559212288 -0.014169667312202159 -0.0092561658204126998 0.034068113420152368 -0.0080584336605982135 0.035414572505167857 -0.024646707326737752 0.0017407753286735137 0.025253008834959231 0.00076747714715858482 -0.027639605339148082 0.020323342856918281 -0.028443180776989548 0.024403613243487356 0.026240543298804417 -0.023122214834638607 -0.028114570435576663 0.023561985717230369 0.00088959085286754221 0.014765443420969677 -0.0065235747760981544 -0.046573110370744006 -0.021971076700126827 0.0081813488748004124 -0.034928769055459413 0.033368555055061276 0.035557773764077968 0.0062737059550687551 0.0085323908397276493 -0.0075410446909919384 -0.014125864349120262 0.030039315845571925 -0.016927912229222082 0.012377603801027351 0.010754275225211477 -0.023769020105473132 0.0034217389382253205 -0.015344041927127098 0.013470614642146508 -0.01442220578808971 0.0014349992551858639 -0.021398702024904324 0.00998227433024069 -0.0098915639722407678 0.020473015474969616 0.00057379342950370415 0.010948561902320537 0.024338760440556773 0.0035015309081633337 0.016435729216117207 -0.0089806414204237264 0.023574185658118973 0.0057717811488792875 -0.016754410751063219 0.022931960746149775 -0.0011925670871592033 -0.010892107993795192 0.0027481914242480331 -0.0086821436879072848 0.022398030182654551 0.0028439821172586022 -0.00922469965759911 0.024962317775153425 -0.038147698315077583 -0.032787322671400873 -0.015068981660136791 0.0061490030361475937 -0.0018788051644209776 0.024267336263594338 0.012647289882360139 0.0055372735351014793 -0.032537211457643975 -0.015684896555403515 -0.023093063066901089 0.014287387441850444 0.020116195541156717 -0.026421441795856256 0.022599767150118875 -0.0050685398440640222 0.015237183871509883 0.017081335882424938 -8.7251361170522101e-05 0.014288586271147947 -0.027221072077809744 0.025345880357311508 -0.0046726147497841135 -0.012163826190479293 0.014344252882693779 0.026774600338215993 0.015965352204117697 0.0091686641012835076 0.02515605092763197 0.037575748297774179 -0.028571544110670779 0.030137759166467878 0.012220815525120098
leaf_weight=1308.1993402098306 95.141786102671176 136.00298934685998 170.84040130930953 59.676465373020619 2290.228991641663 307.33732243138365 1711.6354563568602 74.064721733448096 53.169336923863739 222.58156201895326 104.78848050325178 226.64651031745598 411.07004646770656 509.94510791171342 276.27188690076582 95.317686205962673 76.312642376637086 296.66515131108463 733.31386980321258 33.809613556601107 222.99764371383935 218.64589787874138 572.03782990993932 379.10919878119603 1400.7350588415284 1107.0554095922853 240.7704687397927 116.3438591985032 278.20477377204224 209.35017797339242 64.019224228337407 942.65421601617709 186.4344880678691 12.023368884809313 437.25404071551748 92.198579899268225 10.238078683614729 73.850011635106057 218.78654498641845 54.307693898444995 6.4714399608783415 65.548657527659088 288.90449215169065 27.664257979835384 175.33010676375125 4.5515550568234167 150.13750324118882 220.70939200255089 119.73779754363932 31.103749534813687 288.77757525653578 569.13445200293791 474.62095890473574 804.6060147206299 927.08530865749344 170.73954683193006 32.182260628556833 169.21946575539187 190.82104058749974 76.781440675724298 28.439357313211076 122.09991271805484 21.499961127527058 413.4786238692468 76.582852850900963 1626.4130930078682 45.425225055892952 216.60267799021676 43.790893546829466 206.8371375054121 769.74802311672829 40.494892236543819 93.670139032648876 19.20805477257818 700.63132550375303 243.18184764031321 31.94041608646512 343.24361728667282 70.649479720043018 654.27954298746772 20.693237504921854 60.821534261340275 1788.4524796940386 85.016176068922505 86.602433967636898 258.2508680713363 412.47508483333513 24.96364687057212 232.84870928293094 116.4160827214364 67.588991488795727 469.09245824383106 139.68086000881158 7.749585739336907 13.24170087603852 418.94825805816799 128.85418581194244 134.50933125242591 137.32559073716402 628.80515798798297 123.76358726341277 7.6616840627975753 12.723337474744765 134.23827760620043 1644.8232879255665 742.45325597794726 9.4631063998676819 97.529473469592631 15.000382912345229 63.204920373158529 108.19805889250711 114.56559934094548 131.75646525621414 70.278402701951563 34.054758964106441 140.9151994031854 5.1575071336701503 13.332051320467142 333.99567454168573 13.959868673235176 604.97284325561486 935.70433808863163 131.29361461859662 159.90672677755356 161.59295425156597 127.69005376438145
leaf_count=20204 1477 1759 3140 512 23442 5194 33951 1954 850 969 1641 5276 2683 2294 5059 2187 2042 1599 4467 487 3036 3618 2662 4370 12413 17418 866 830 3972 3484 877 8425 1657 102 5098 1458 204 976 4095 785 103 1185 1453 450 3903 147 624 4995 1645 649 2584 3053 3262 11316 4930 3512 633 1934 3429 914 352 1998 187 7988 1194 11574 673 1873 884 1758 10474 453 1497 213 12185 2895 425 5228 1167 10102 282 1338 25671 675 1649 3162 3711 532 2304 2126 1499 4946 2997 175 408 3004 2380 1735 2141 8860 1886 242 100 988 23368 12647 167 2734 282 1386 1411 1301 2583 281 646 853 56 217 7372 122 8120 16806 3178 1097 4163 2442
internal_value=-0.000156731 0.00489998 -0.00875958 0.00814425 -0.00254433 -0.00375156 -0.00447444 -0.00794487 8.33634e-05 -0.0122552 0.0149527 0.00447779 -0.00754401 -0.0205927 0.0114324 -0.00110156 -0.0161492 -0.0266957 -0.020615 -0.0160558 -0.0207332 -0.0320447 -0.0108842 -0.024759 -0.0112826 0.00115775 -0.0078867 0.0147344 -0.00522873 -0.0107462 -0.0166822 -0.00135429 -0.00362045 0.00587232 0.000519223 0.0123298 -0.00696517 -0.000828592 0.0103376 -0.0371743 0.0130014 0.0106652 -0.0161965 0.000748174 0.00535968 0.0179709 0.0118717 0.00139623 0.0223439 -0.0249065 0.00252601 -0.0385206 -0.0292723 0.011436 -0.0393862 0.021755 -0.00836224 0.0209412 0.0197555 0.0146725 0.0192208 0.0153756 0.0130146 0.00883291 0.00418128 -0.0221925 -0.0230286 -0.00704368 -0.0104652 -0.000283907 -0.0016667 0.00949785 -0.0058983 0.0184842 0.0161424 0.00856411 -0.0154807 0.0166598 0.0221224 0.0198322 0.0182842 0.00687931 0.00484929 -0.0017166 -0.00981724 -0.0148083 -0.00498867 0.0245335 -0.00385257 0.0130496 -0.0147314 -0.0153679 0.0207133 0.0133196 0.00547036 -0.0125515 -0.00517578 0.00889371 0.0141807 0.01197 -0.00578257 0.00999549 0.0164106 -0.0151023 0.0159781 0.0196672 0.0106617 0.0116633 0.025559 0.0285557 0.00422104 0.00829074 0.00160421 0.000481492 -0.00998528 0.00450828 0.0259819 -0.0124456 0.0260376 -0.0124376 0.00856684 0.0265198 0.0356209 -0.0210654 0.0255528 0.0222985
internal_weight=37763 12111.3 2324.13 9787.17 25651.6 2837.66 20866.9 11846.2 9020.74 9690.9 2373.93 1907.52 878.314 1488.8 2155.28 776.305 468.295 391.983 930.138 7551.06 3963.4 1802.98 3587.66 1044.82 2160.41 2139.84 493.079 1029.21 6646.81 2741.28 2233.99 3905.53 504.237 4784.72 2176.53 835.331 2050.66 1108.01 2608.19 1584.34 6949.51 4729.32 726.159 383.2 2036.03 2220.19 928.655 399.286 1291.53 271.874 498.128 1530.03 984.566 979.936 1496.22 308.009 1032.79 1880.85 529.368 2693.29 249.149 507.297 2134.15 995.524 776.737 1735.86 1671.84 288.058 260.394 1056.09 990.545 467.306 472.779 1378.97 1102.7 402.071 148.284 1138.62 452.131 880.926 52.8755 196.825 1854.86 474.044 979.91 480.832 499.078 1171.8 309.432 221.205 1937.42 1869.83 158.889 795.38 1801.69 492.798 2542.85 1450.37 773.88 636.555 2413.99 1315.86 183.564 320.673 2393.75 748.925 385.197 375.734 1112.12 233.944 299.545 222.764 389.028 377.005 104.333 272.672 1097.12 53.8269 338.547 220.797 615.211 1072.16 136.451 570.977 381.482 289.283
internal_count=485417 166958 25355 141603 318459 33171 251745 134857 116888 98828 41167 25607 8974 11441 36029 12680 5828 3786 7564 71004 34767 12873 36237 8529 21894 27824 5282 16633 75721 28063 19192 47658 5885 66714 28732 13914 20729 12304 37982 9255 108432 68502 6551 4684 28758 39930 16919 5971 23011 1515 6068 8470 5556 15219 7983 6852 10406 35885 10948 39744 5347 8871 32842 16251 12156 13124 12247 3207 2757 13539 12354 8658 5867 23349 18290 6105 1255 16591 9230 15378 915 3097 26929 5140 9491 4131 5360 21366 3498 3767 18858 17359 3210 11363 26079 3980 27708 22181 11176 9035 25328 20446 3240 2645 36118 12750 6873 6706 20854 4898 3626 2712 4465 4363 927 3436 20572 670 7519 1880 8324 20040 3234 3780 8063 6605
is_linear=0
shrinkage=0.05


Tree=48
num_leaves=127
num_cat=0
split_feature=5 9 5 5 6 7 9 9 7 7 6 6 4 4 9 6 6 9 6 7 7 6 6 7 7 7 7 7 4 7 7 7 4 9 7 7 9 6 6 6 9 4 6 6 7 4 2 0 7 9 9 6 6 0 3 6 3 3 6 4 3 4 3 3 3 4 1 3 2 1 3 7 6 6 4 4 2 4 0 6 0 2 3 0 1 3 6 7 6 0 1 7 1 4 3 6 1 0 0 3 2 6 3 4 7 3 3 7 6 6 7 1 4 9 1 1 2 7 0 4 6 7 7 2 0 1
split_gain=699.411 319.459 133.65 85.1813 68.1902 75.4995 67.3093 56.3156 98.0696 151.525 189.768 149.287 54.4518 52.9469 51.7324 46.7153 45.2767 189.959 156.098 144.769 66.1109 55.4408 42.9929 75.8591 52.8962 131.795 41.3637 39.1257 30.2905 27.3075 26.7774 26.5228 22.1593 21.447 127.116 92.9931 19.5977 48.7779 28.2969 16.7879 15.8221 15.7294 13.7503 13.2749 11.3862 11.1798 10.5544 10.23 9.6258 116.035 39.1543 39.7259 13.3931 12.0343 9.43727 9.38907 9.34603 9.10466 9.03012 9.00884 8.44835 7.52484 7.32636 7.26219 7.17915 7.11453 7.08751 6.93127 6.49335 6.60955 6.2335 6.20798 6.06276 5.99174 5.82473 5.35821 5.09427 5.00456 4.96826 10.1883 4.77972 4.69315 4.99984 4.61211 4.45521 4.30634 4.23502 21.345 53.3728 5.92761 4.48238 4.07084 3.9935 3.60966 3.60046 3.48109 4.81752 3.40197 3.3996 3.3752 3.37004 3.3274 3.10155 3.06704 3.82074 3.00481 2.8003 2.74044 5.7005 2.68746 2.63426 2.62823 2.61903 5.08774 2.6162 2.51523 2.48399 2.45416 2.44564 2.64084 2.39986 2.33121 3.71325 3.10377 2.26906 3.99873
threshold=1.5000000000000002 1.0000000180025095e-35 1.0000000180025095e-35 1.0000000180025095e-35 1.0000000180025095e-35 1.0000000180025095e-35 1.5000000000000002 1.5000000000000002 1.0000000180025095e-35 1.5000000000000002 1.5000000000000002 1.5000000000000002 3.5000000000000004 3.5000000000000004 1.5000000000000002 1.5000000000000002 1.5000000000000002 1.0000000180025095e-35 1.0000000180025095e-35 1.5000000000000002 1.5000000000000002 1.0000000180025095e-35 1.5000000000000002 1.5000000000000002 1.5000000000000002 1.0000000180025095e-35 1.0000000180025095e-35 1.0000000180025095e-35 3.5000000000000004 1.0000000180025095e-35 1.5000000000000002 1.5000000000000002 3.5000000000000004 1.0000000180025095e-35 1.5000000000000002 1.5000000000000002 1.5000000000000002 1.5000000000000002 1.5000000000000002 1.0000000180025095e-35 1.0000000180025095e-35 3.5000000000000004 1.0000000180025095e-35 1.0000000180025095e-35 1.5000000000000002 3.5000000000000004 2.5000000000000004 2.5000000000000004 1.5000000000000002 1.5000000000000002 1.5000000000000002 1.5000000000000002 1.5000000000000002 2.5000000000000004 2.5000000000000004 1.0000000180025095e-35 3.5000000000000004 2.5000000000000004 1.5000000000000002 3.5000000000000004 2.5000000000000004 3.5000000000000004 2.5000000000000004 2.5000000000000004 3.5000000000000004 3.5000000000000004 3.5000000000000004 2.5000000000000004 2.5000000000000004 3.5000000000000004 3.5000000000000004 1.0000000180025095e-35 1.0000000180025095e-35 1.5000000000000002 3.5000000000000004 3.5000000000000004 2.5000000000000004 3.5000000000000004 2.5000000000000004 1.5000000000000002 3.5000000000000004 2.5000000000000004 2.5000000000000004 2.5000000000000004 3.5000000000000004 2.5000000000000004 1.0000000180025095e-35 1.0000000180025095e-35 1.5000000000000002 2.5000000000000004 3.5000000000000004 1.0000000180025095e-35 2.5000000000000004 3.5000000000000004 2.5000000000000004 1.0000000180025095e-35 3.5000000000000004 2.5000000000000004 2.5000000000000004 3.5000000000000004 3.5000000000000004 1.0000000180025095e-35 2.5000000000000004 3.5000000000000004 1.0000000180025095e-35 2.5000000000000004 3.5000000000000004 1.0000000180025095e-35 1.0000000180025095e-35 1.0000000180025095e-35 1.5000000000000002 2.5000000000000004 3.5000000000000004 1.5000000000000002 2.5000000000000004 3.5000000000000004 2.5000000000000004 1.5000000000000002 3.5000000000000004 3.5000000000000004 1.0000000180025095e-35 1.0000000180025095e-35 1.5000000000000002 2.5000000000000004 2.5000000000000004 2.5000000000000004
decision_type=2 2 2 2 2 2 2 2 2 2 2 2 2 2 2 2 2 2 2 2 2 2 2 2 2 2 2 2 2 2 2 2 2 2 2 2 2 2 2 2 2 2 2 2 2 2 2 2 2 2 2 2 2 2 2 2 2 2 2 2 2 2 2 2 2 2 2 2 2 2 2 2 2 2 2 2 2 2 2 2 2 2 2 2 2 2 2 2 2 2 2 2 2 2 2 2 2 2 2 2 2 2 2 2 2 2 2 2 2 2 2 2 2 2 2 2 2 2 2 2 2 2 2 2 2 2
left_child=1 2 15 12 5 83 56 13 55 10 47 43 14 16 42 44 17 20 19 -19 21 71 23 61 25 -24 36 -23 48 40 62 -17 81 34 -31 -35 37 54 74 -32 -18 -26 106 -11 95 -25 -29 -10 50 52 58 -52 -50 -51 -6 -9 -7 -37 80 67 -30 124 -16 -20 76 -46 77 -49 -44 70 78 -2 -47 115 84 -33 -65 -56 79 -70 -28 -12 -83 -5 -38 -14 99 88 90 -89 -88 -78 -45 -8 -80 -1 103 -27 -57 -64 -42 -22 -103 -97 -105 -75 111 120 -109 -69 -93 -3 113 -85 -96 -55 -60 -15 119 -13 -87 -113 123 -123 -4 -126
right_child=7 3 22 4 26 6 93 8 9 11 32 118 85 117 30 31 29 18 63 -21 101 27 24 45 41 97 28 46 60 33 39 75 -34 35 -36 57 38 -39 -40 -41 100 -43 68 92 65 72 -48 59 49 53 51 -53 -54 73 66 98 -58 -59 116 -61 -62 -63 86 64 -66 -67 -68 109 69 -71 -72 -73 -74 105 -76 -77 91 -79 94 -81 -82 82 -84 112 -86 107 87 89 -90 -91 -92 110 -94 -95 114 96 -98 -99 -100 -101 -102 102 -104 104 -106 -107 -108 108 -110 -111 -112 121 -114 -115 -116 -117 -118 -119 -120 -121 -122 122 -124 -125 125 -127
leaf_value=0.0071026560067068692 0.0051850555146301051 0.0050995441001107887 0.0013653123522906518 -0.0016732284001996585 -0.042192049922015577 -0.014153757108695514 0.0090705927484089083 0.027442086128365628 0.011528013447074293 0.02700307216631434 0.0043614678109594974 -0.0061522241342794118 -0.036178610502581192 -0.00091815981710225813 -0.0062232778206791923 0.01064412630587485 0.020585343124996408 0.020949508865187344 -0.019550867002033581 -0.02695581890350764 -0.0099635571069370699 -0.040861059529115819 -0.025002863575090267 0.021308795650602182 -0.025768552407596537 -0.011007186631251335 0.019531802515058292 0.010834311577378158 0.030053590055614345 -0.030030728321062281 -0.0098248401792904588 -0.019723904186908271 -0.011346726777573327 -0.0027866626681967727 -0.0012361743544866833 0.0006179882723861118 -0.011511969714143214 -0.0035728524051730258 0.014058478951611903 0.0084114870187530413 -0.0071172089057608317 0.0087244965780478561 -0.012687360543727363 -0.00072558298428573571 0.030041470459972016 0.017867685882426165 -0.022482925445809453 0.00023776451971260797 0.013089205307851124 0.0086025788593369762 -0.0015680409673910645 0.015177783001844148 0.001943582393485542 0.026084324451810359 0.024309206793877158 -0.013707238587234043 0.022105832773546958 -0.02286297691814497 -0.018838792414231646 0.0086034530990251323 -0.0044212035878377562 0.0039039943794128211 0.014816507407826097 -0.0082035166439030586 -0.029906749486499885 0.0037759719210453341 -0.021194007900823528 -0.020958784682400922 0.013978472330945822 -0.0060814201226642517 -0.014281739617605217 -0.0098114461163997402 -0.020115082844826382 -0.00082413160613306635 0.0080639147301300347 0.012818012558787884 0.02954144708660579 0.0052886702067677068 0.0022291289513097687 -0.034958791052622576 -0.012247573187954509 -0.012544278136395932 0.025846316966402268 0.018935045568231588 0.019985355444546615 0.0051936116493452988 -0.021727970723379068 -0.015584801968849963 0.022125767734286466 0.014460111716381591 0.0013390609345507441 0.016121309782811205 0.014800801226201581 -0.0082639090946102552 0.0040595142464976974 0.015231217599756978 -0.027664171185167105 0.020325365812687107 0.013571942517246124 -0.012754641347121808 0.021975606984711599 0.032081243926357569 0.0038985856951929279 0.01665217094367364 -0.020414000976184621 0.034764716893501142 -0.00073055027038408475 -0.015719008441634479 2.7730342055387592e-05 -0.026482536479732272 0.022222331082695349 0.022198202006859499 0.0042822211688557975 0.010022499231205156 0.018581787076456285 0.0026180125747547961 0.010352451801096367 0.0051964081672494257 0.011286249531463328 0.0031773867475403611 -0.0065621213839666126 0.0087073936922334172 0.016278635775849395 0.03361612592500595 0.016547368769294822 -0.010175921018739181
leaf_weight=1207.4606932748575 95.043197315186262 21.344547702930868 44.891361111775041 62.985852079000324 5.0725776879116884 1159.7134636320407 486.66027084039524 170.61607301293407 19.238053963053972 271.54217325465288 33.003615712746978 2733.2794316060608 7.661471774801611 268.82172294397606 51.811126399086788 112.25524967955425 65.430611353367567 224.95149618922733 12.033645899500696 521.89354466483928 42.244278755038977 413.88811781210825 384.65284175332636 266.93370885052718 833.84523331862874 8.340168032795189 875.83235484024044 24.106922773644328 17.679851077031344 575.41333313449286 237.44212389644235 258.75676107616164 58.581573244184256 787.96447203110438 1144.2210722909076 41.930062290281057 529.9014709116891 497.59007571986876 163.0209942588117 267.09672111039981 312.70063902030233 33.956487210467458 19.00250281044282 44.599359708838165 101.52024488942698 15.824595884187145 652.27192304795608 26.626667412929237 372.65997554687783 70.673507392872125 982.06363855791278 552.77841599332169 968.86006750492379 345.48383365420159 324.88055370200891 11.169302918948231 17.192812217399478 2475.5605110884644 6.5521117742173365 19.676987018086948 366.91592504817527 106.49971310561523 1399.9979848890798 16.733648114837706 6.7934615388512603 34.865295759635046 8.8754927199333888 295.34539901395328 45.155859744176269 31.976913527818397 15.288548423442988 245.95691558800172 27.150423781946301 5.9670422170311204 43.260408857371658 12.640577399637548 88.177513979258947 39.407787262927741 36.576918708859012 12.825365279335527 11.365009207278488 8.2221618602052313 244.62135772849433 260.34906184114516 10.593321776483206 224.13015450513922 156.05922912806273 15.891290464671327 143.12360025080852 1090.0551114693517 24.192115274257958 574.96709456876852 562.82744607748464 31.244989057653584 32.476739750709385 296.47168933029752 6.2634078799746922 285.57455046311952 259.880333669018 10.473687032237647 9.3287813924252969 9.2089693229645473 240.26144525501877 12.441812238190323 13.421383247245103 431.7080366051523 12.680327430367468 75.744384498684667 228.87696891883388 1302.5741496139672 273.12122095935047 1350.5932296939427 89.893275324022397 427.86055967741413 1220.5155649548396 12.052264104597269 365.85883850196842 419.19793177279644 19.98224295116961 77.436281559290364 52.880857099895366 14.483478801790623 56.179460535757244 157.33644714800175 13.245181011036037 1876.7797189045232
leaf_count=16983 848 213 603 976 165 10229 7635 3701 176 5169 568 28830 222 4007 900 1811 715 4311 339 3798 629 1782 2170 3959 4840 156 17401 152 191 3744 2502 1991 374 8909 13060 367 5351 5974 2796 4226 3764 508 540 588 1873 210 5873 234 5670 1113 10422 8778 11422 6016 6806 165 94 16008 261 488 5523 1615 21718 336 144 208 169 2397 371 531 177 2838 223 212 342 228 1867 675 478 263 145 92 4439 5559 116 3185 1001 314 2389 18578 218 7929 9120 417 421 5003 217 4923 5377 172 36 71 3225 133 271 8389 218 933 2891 8424 5879 24117 1044 7541 21419 112 6079 5047 136 1191 848 305 1621 3509 251 18516
internal_value=-4.29667e-05 0.00560647 -0.00432589 0.00917816 0.00610327 -0.000922511 -0.00699924 -0.00814221 -0.00441401 -0.00616845 -0.0172285 -0.000179046 0.0133624 -0.0105479 0.0146969 0.00598652 -0.0115861 -0.00709901 0.00466168 -0.0125179 -0.0188262 -0.0232451 -0.009766 -0.00550365 -0.0162394 -0.00576911 0.00864499 -0.0287448 0.0107528 -0.0144374 0.0104555 -0.00973104 0.0165156 -0.0154234 -0.0108831 -0.0177815 0.0016454 0.00671592 -0.00430239 -0.000173209 -0.00164288 -0.0244104 0.0194513 0.0178091 0.00959573 0.017509 -0.0212812 -0.0242212 0.0117924 0.0142645 0.00983524 0.00446898 0.00504716 0.0285226 0.0202251 0.0182606 -0.0136057 -0.0224718 0.0163653 -0.0246462 -0.00276257 -0.00900408 0.0123095 0.0178634 0.0183524 0.0234034 0.021184 -0.025054 0.0158271 0.0162244 0.0167519 -0.0056287 -0.00604051 0.0302799 -0.00944517 -0.0181667 0.0187274 0.0222717 0.0171143 0.00274444 0.0191114 0.0222454 0.0245534 0.011316 -0.0108589 -0.00118189 0.0126497 0.0107133 -0.00058574 0.0140147 -0.0186418 0.0192169 0.0136615 0.0080109 0.0177577 0.00835533 0.0129229 0.019402 0.0124016 0.0146029 -0.00620901 0.00286022 0.00506285 0.0137947 -0.00262675 0.0342787 0.022617 -0.000659602 -0.00392633 -0.0254753 0.01811 0.0228024 0.0123682 0.0134167 0.0182089 0.0253028 0.00978979 0.00280947 -0.00576893 -0.00589415 0.00293393 0.0230384 0.0278965 0.031579 -0.00971621 -0.00997999
internal_weight=38212.1 22510.6 5953.79 16556.8 9544.95 2535.9 1694.81 15701.4 6159.22 5717.56 2007.89 3709.67 7011.87 9542.22 6422.58 2056.1 8854.2 3441.65 1718.67 746.845 1722.98 1431.27 3897.69 2351.32 1546.37 678.568 7009.05 1090.27 5386.45 5412.55 3396.14 383.653 344.429 5025.09 1719.63 3305.46 1622.6 875.826 746.776 504.539 387.46 867.802 3026.44 878.969 1672.44 309.909 676.379 1663.46 5001.86 2207.4 2794.45 1534.84 1341.52 865.885 378.236 441.666 1176.91 2517.49 1259.61 1644.22 384.596 2041.42 2891.6 971.827 959.793 136.386 373.164 1624.55 1413.82 1394.82 1362.84 341 42.975 795.211 583.755 271.397 952.999 364.288 1347.55 57.9812 887.197 285.847 252.844 841.089 540.495 589.294 2839.79 1429.32 323.375 1105.95 180.251 936.266 607.427 517.905 1289.57 1536.06 328.598 293.915 271.05 1410.47 322.029 291.715 249.47 322.335 25.8632 437.675 1612.62 581.632 304.621 1597.92 848.088 1599.94 778.103 688.21 1252.99 357.536 372.411 688.02 2830.7 2810.72 277.011 1578.59 227.999 171.82 1934.92 1890.02
internal_count=485742 318595 66692 251903 137623 33495 18375 167147 71469 62226 17192 45034 114280 95678 106201 28718 86624 40021 24603 8109 15418 11493 37974 25377 12597 7249 104128 7807 81734 46603 52018 4030 5473 42088 16804 25284 22394 13789 8605 6728 4515 5348 54183 14877 24688 4392 6025 11719 76020 32934 43086 19200 17092 15842 7815 9243 10323 16375 23886 11543 5714 20985 45290 16494 16155 2081 7650 11055 24200 23660 23129 3686 433 14729 5809 2219 16011 7481 22952 634 17546 5099 4531 15120 5467 8079 44390 22500 3608 18892 1219 15675 9708 8052 22318 22607 5624 5079 5542 21890 3800 3925 3296 5407 404 8601 29983 7857 3824 10821 13808 29765 14144 13100 21840 6128 6340 9054 30157 30021 4033 29552 5435 3814 19370 18767
is_linear=0
shrinkage=0.05


Tree=49
num_leaves=127
num_cat=0
split_feature=5 6 9 9 9 7 9 7 6 7 4 8 8 7 8 7 6 7 4 7 5 8 9 5 9 8 4 8 6 7 6 7 9 8 4 3 7 9 7 8 4 7 0 8 7 9 5 5 8 8 3 6 3 0 1 8 9 7 5 9 5 6 6 8 8 5 8 7 6 7 7 7 7 6 8 7 5 7 7 6 7 6 5 7 7 7 4 8 8 6 9 8 7 4 0 7 6 3 8 1 8 4 6 3 5 7 0 1 6 7 7 4 7 0 4 7 1 4 7 7 1 6 8 5 4 0
split_gain=364.965 427.644 243.553 417.926 204.522 130.037 165.054 109.446 94.9198 255.31 60.2834 56.7961 45.8875 106.768 57.3976 245.898 100.685 91.7534 35.0287 32.3028 36.4746 25.9452 199.367 115.855 61.4581 49.0259 25.6369 23.7405 54.1873 72.7102 63.3908 46.3212 23.1545 20.5481 20.4691 20.243 19.6318 19.6222 24.7953 19.1412 18.7474 18.668 15.3249 13.8315 13.6805 13.2645 16.8225 11.3865 19.843 11.2525 11.1536 11.0975 11.0957 10.969 10.7928 9.9197 740.666 454.418 332.058 252.657 465.457 177.208 159.901 146.274 142.068 86.5521 101.938 80.9306 82.1118 65.1463 61.079 58.2978 52.2789 46.9036 41.4255 39.9397 31.7829 86.8429 66.9121 28.2734 26.6511 28.5661 22.2557 15.9372 12.2136 11.8721 9.84801 9.55345 9.09814 9.08512 8.55429 19.4007 14.148 7.83293 7.76843 8.02615 7.59641 7.31112 7.01584 6.91358 6.90554 6.52063 6.46205 6.45582 6.30607 10.0808 6.067 6.03412 5.99386 93.2755 59.0064 11.1185 5.98058 5.85366 5.34096 5.23854 5.18914 5.18005 5.14591 4.8376 4.77615 4.68316 4.67415 4.67376 4.64259 7.31325
threshold=1.5000000000000002 1.5000000000000002 1.0000000180025095e-35 1.5000000000000002 1.0000000180025095e-35 1.0000000180025095e-35 1.0000000180025095e-35 1.5000000000000002 1.0000000180025095e-35 1.0000000180025095e-35 3.5000000000000004 1.0000000180025095e-35 1.0000000180025095e-35 1.5000000000000002 1.5000000000000002 1.0000000180025095e-35 1.0000000180025095e-35 1.0000000180025095e-35 3.5000000000000004 1.0000000180025095e-35 1.0000000180025095e-35 1.5000000000000002 1.5000000000000002 1.0000000180025095e-35 1.5000000000000002 1.0000000180025095e-35 3.5000000000000004 1.5000000000000002 1.5000000000000002 1.5000000000000002 1.0000000180025095e-35 1.5000000000000002 1.5000000000000002 1.0000000180025095e-35 3.5000000000000004 2.5000000000000004 1.5000000000000002 1.5000000000000002 1.5000000000000002 1.0000000180025095e-35 3.5000000000000004 1.0000000180025095e-35 2.5000000000000004 1.5000000000000002 1.0000000180025095e-35 1.5000000000000002 1.0000000180025095e-35 1.0000000180025095e-35 1.0000000180025095e-35 1.0000000180025095e-35 3.5000000000000004 1.0000000180025095e-35 2.5000000000000004 2.5000000000000004 2.5000000000000004 1.5000000000000002 1.5000000000000002 1.5000000000000002 1.0000000180025095e-35 1.5000000000000002 1.0000000180025095e-35 1.5000000000000002 1.5000000000000002 1.0000000180025095e-35 1.0000000180025095e-35 1.0000000180025095e-35 1.0000000180025095e-35 1.5000000000000002 1.5000000000000002 1.5000000000000002 1.0000000180025095e-35 1.5000000000000002 1.0000000180025095e-35 1.5000000000000002 1.0000000180025095e-35 1.0000000180025095e-35 1.0000000180025095e-35 1.5000000000000002 1.5000000000000002 1.5000000000000002 1.0000000180025095e-35 1.5000000000000002 1.0000000180025095e-35 1.0000000180025095e-35 1.5000000000000002 1.5000000000000002 3.5000000000000004 1.5000000000000002 1.5000000000000002 1.5000000000000002 1.0000000180025095e-35 1.5000000000000002 1.5000000000000002 3.5000000000000004 3.5000000000000004 1.0000000180025095e-35 1.0000000180025095e-35 2.5000000000000004 1.0000000180025095e-35 3.5000000000000004 1.5000000000000002 3.5000000000000004 1.0000000180025095e-35 2.5000000000000004 1.0000000180025095e-35 1.5000000000000002 2.5000000000000004 2.5000000000000004 1.5000000000000002 1.5000000000000002 1.5000000000000002 3.5000000000000004 1.5000000000000002 2.5000000000000004 3.5000000000000004 1.0000000180025095e-35 2.5000000000000004 3.5000000000000004 1.5000000000000002 1.0000000180025095e-35 3.5000000000000004 1.0000000180025095e-35 1.5000000000000002 2.5000000000000004 3.5000000000000004 2.5000000000000004
decision_type=2 2 2 2 2 2 2 2 2 2 2 2 2 2 2 2 2 2 2 2 2 2 2 2 2 2 2 2 2 2 2 2 2 2 2 2 2 2 2 2 2 2 2 2 2 2 2 2 2 2 2 2 2 2 2 2 2 2 2 2 2 2 2 2 2 2 2 2 2 2 2 2 2 2 2 2 2 2 2 2 2 2 2 2 2 2 2 2 2 2 2 2 2 2 2 2 2 2 2 2 2 2 2 2 2 2 2 2 2 2 2 2 2 2 2 2 2 2 2 2 2 2 2 2 2 2
left_child=4 2 53 12 19 6 -3 44 9 21 35 96 13 41 16 -16 -14 -18 36 20 106 24 23 -23 47 -26 -25 28 29 102 -31 33 -8 -30 45 -7 -19 49 -39 -32 42 -4 -10 -34 88 46 100 48 -6 -37 -50 -15 -44 -2 -46 59 57 58 80 60 64 115 65 70 -54 66 -61 73 -69 99 -64 -62 -63 -66 79 -75 78 -78 83 -73 81 -57 -72 -65 -68 -84 -35 97 -5 -59 -51 -92 -93 113 -58 -96 -9 119 -71 -67 -11 -53 -21 -56 105 -47 -1 -48 110 -110 -29 -112 -20 -22 -43 -60 -17 118 -99 -55 -118 -89 -106 -40 125 -33
right_child=1 5 3 7 8 10 32 11 40 34 -12 -13 14 51 15 116 17 18 112 27 93 22 -24 26 25 -27 -28 108 31 30 39 124 43 86 -36 37 -38 38 123 -41 -42 114 52 -45 54 104 107 -49 50 90 -52 101 55 87 103 56 94 89 61 62 71 72 63 76 67 69 84 68 -70 98 82 74 -74 75 -76 -77 77 -79 -80 -81 -82 -83 85 -85 -86 -87 -88 121 -90 -91 91 92 -94 -95 95 -97 -98 117 -100 -101 -102 -103 -104 -105 122 -107 -108 -109 109 -111 111 -113 -114 -115 -116 -117 120 -119 -120 -121 -122 -123 -124 -125 -126 -127
leaf_value=-0.030773384124732812 -0.028793286297024597 -0.040037565763918086 -0.046885184565188844 0.0088076002715415866 0.0015987643976579245 0.002087736959193585 0.026292490240974034 -0.020264552625251793 0.0022205286000938056 0.019806256714504936 0.0038756209161791054 0.0087479866578601302 0.012815276912815934 0.0365889852088968 -0.042568885666651173 -0.015930831476088612 0.019676893485087422 -0.029633651407402029 0.016374332304507425 0.010603548368318968 0.00131316362094503 0.031905554693393859 0.018537741548791949 -0.040728914918793858 -0.011905967494281465 0.016910199524082428 -0.0060008188575006085 0.024177271934930106 -0.013442183072583248 0.011005088445260935 0.0082109394923073498 -0.021078870174815495 -0.0086002641175134831 0.012340760655886178 -0.002150306608183774 0.033933460896047783 -0.042120494419209918 0.0077448284428849384 0.022564937139684792 -0.040189266867792166 -0.00013843530167092976 -0.01890759742957665 0.0031404494713576968 0.019370219626544238 -0.0056397094094408386 0.0098003501300486864 -0.0077325824558134165 0.013896806409963589 -0.023207475565560381 0.020425247842054777 0.018350825632660144 0.016343882434302338 0.0067399228001094316 0.014970594442486496 0.0046639922274192072 -0.01127907086878659 0.021583999163106018 0.0094125189661050691 -0.051103274042169314 0.01986891199513488 0.021903166799338653 0.018898110635896952 0.0086002639548418396 -0.034742404177946752 0.0087909179316765697 0.020410222505510004 -0.025339237666876555 -0.044767704874640546 0.019627709124334522 -0.019479610014780966 0.0096413351972413092 -0.026525811508370134 -0.023464414859757088 0.019243209525066359 0.012443011818525839 -0.041368608554972007 0.023468899891860778 -0.016964893563644442 0.011508939848690917 0.011472198260386472 0.014538619992194281 0.04665614259827057 -0.035129727196079777 -0.020173114862453149 0.0065749952823543597 -0.045399450053102114 -0.020851349548934403 0.016242915387624377 0.024364393920698495 0.021443236514584185 0.035411104043861989 0.013126707966602445 0.028773366489306319 0.0026749656806550992 0.016051412127181308 -0.066003900452313691 -0.0067611722329933392 0.025046267633452697 -0.0042620625081303508 -0.021555705070757436 0.0054084754629320463 -0.027838082052241454 -0.00085772879605095051 0.03101793336589935 0.015036856577847126 0.028989104729477938 0.0072755256973746742 0.028636786835009632 -0.020013741107104271 0.031373225412134984 -0.0050545619965708631 0.02054478349309849 -0.011605761794534333 0.025687134947240065 0.015251854628055429 -0.044647159563930477 0.013218092692824174 0.0053877752532300698 0.014851926659787951 -0.042045121752826826 -0.01496340334958109 0.036161378114799164 0.0053327095192043806 -0.0052832529973721792 0.012591196573254929 0.03306085201218692
leaf_weight=9.5930587155744416 9.5332412214484048 206.52732246555388 75.299624677747488 202.55882995075081 2100.2177706314251 116.3276651496999 210.58806745696347 223.48891412653029 348.18447547010146 182.79771544202231 475.17640627897345 791.38745788508095 148.92686750274152 92.049925340455957 352.37626047478989 15.912441025488077 86.042869017226622 687.37285326584242 24.843090313952416 173.83871172450017 26.158111995086074 67.463033736683428 323.66124571667751 504.67579058744013 2228.2847756007686 157.20600674668094 59.807078811340034 406.73253219632898 166.46733394009061 91.058967645047233 21.740299323806539 5.8120773021364576 114.92821640428156 228.38726196694188 143.51474218443036 420.67805275099818 607.03088691364974 362.73446227330714 1534.7819868149236 272.96623516827822 778.18370594305452 127.61141766374931 204.34522897191346 70.447662440594286 22.009840381331742 146.07152963499539 11.290749395731835 166.51880524575245 121.73986304621212 711.06875617383048 17.832487741485238 94.594760537729599 332.92361499252729 6.265541027300058 24.724226897582412 288.38757363893092 1557.5188564478885 272.08271237602457 557.30072750058025 162.43657104880549 1346.9520502326777 130.24789121723734 68.90309259807691 315.8122539666947 164.22151046455838 440.20646698249038 679.6318715531379 671.03991822618991 52.890231525176205 117.58830063138157 22.101775583811104 146.34831882733852 162.68165117967874 33.62186717800796 460.10467943886761 130.46832422027364 180.32154165301472 495.53341193590313 139.21205273782834 72.612477827584371 263.8630875175586 21.982396952807903 559.75838810671121 479.23614891152829 30.975645839120261 630.59001511801034 23.851590720005333 38.786235431092791 177.32402612327132 378.38042527763173 454.80893608904444 271.83004548680037 314.78558017034084 45.843013594043441 6.1861856076866371 4.2572025617118925 197.04053227137774 436.53157178621041 211.78403552062809 9.2627943065017444 154.13149319961667 8.2466871873475593 414.21081543894252 521.62545107875485 217.787466987269 130.46018533734605 1347.547563113505 484.98719035461545 198.3612474729307 157.53956477029715 389.40671378560364 46.595682747196406 72.526481199078262 454.55963907390833 11.820918334648011 1069.3566709384322 489.22145438409643 51.019284511450678 180.88528622221202 6.9331844435073435 14.71485950425267 166.75880690698978 290.84880165825598 14.869304609019308 42.43027459923178 183.98853098240215
leaf_count=147 279 826 385 3572 23979 1636 4098 1683 4963 3151 5724 11013 3387 1496 1805 326 1478 3664 393 3065 370 969 6036 2530 19264 3270 414 7664 1160 1366 303 373 1276 3780 2137 9297 2458 4899 28257 1198 11280 855 2778 1377 459 3055 284 3875 1349 11951 181 2195 5083 44 235 2899 25535 3841 1983 3103 24788 2162 1082 1533 2918 7969 4478 2412 1176 1352 309 904 1332 565 7096 841 3752 3253 1543 1144 3650 260 3267 3454 835 2150 289 989 3025 6153 8321 4597 6987 813 50 212 2103 8357 1905 210 2518 238 7024 10960 3568 2528 18431 9260 1421 3035 3256 351 300 8486 333 4946 8144 828 2773 218 148 3419 4032 163 530 3679
internal_value=5.09177e-05 0.00758588 -0.00158725 -0.00583756 -0.00318153 0.0179491 -0.00390854 0.0108193 -0.00524768 -0.00071243 0.020765 0.000860439 -0.0182078 -0.00268843 -0.0207496 -0.0103841 -0.0262975 -0.0302451 -0.0333434 0.00625783 0.0113272 -0.00581722 -0.0133364 -0.0296647 -0.00431524 -0.0100007 -0.0370666 0.00287285 -0.00106552 -0.00852766 -0.0253659 0.010094 0.0149891 0.000146525 0.0159336 0.0226736 -0.0355175 0.0232591 0.0195403 -0.0366031 -0.0076805 -0.0269478 -0.00812443 0.00207615 0.0235331 0.0175376 0.0219387 0.00132282 0.000382214 0.0265211 -0.017805 0.0240418 -0.00840443 0.0224178 0.0284547 -0.00859091 -0.00676981 -0.0207661 -0.0304714 -0.00966874 0.000615621 -0.0404458 -0.0173887 -0.0244768 -0.0217126 -0.00497445 -0.0157763 -0.0307127 -0.0400424 0.00713856 -0.0370797 0.0158844 -0.00462817 -0.0100816 0.00393123 -0.028908 -0.0144305 -0.00615822 -0.0204018 -0.0139299 0.00288403 -0.00703906 -0.0396806 -0.0259968 -0.0239408 -0.0406037 0.00913219 0.0229998 0.0161142 0.0164331 0.0247235 0.0276358 0.0215576 0.0224865 0.0212927 -0.0202429 -0.0139685 0.0200918 -0.00973735 0.0194994 0.0132553 0.012567 0.00254269 0.029836 0.0128452 0.0189249 0.00698411 0.0277955 0.00820774 0.00275688 0.0105037 -0.002278 -0.00437297 0.0243663 -0.0159236 -0.0468891 0.0114721 0.0208237 0.0220885 -0.0158312 0.0123672 0.0324996 0.00950918 0.0222945 0.0279514 0.0313012
internal_weight=37458.9 11245 5965.46 5068.75 26213.9 5279.55 602.491 2160.16 21506.8 7509.3 4677.06 1211.92 2908.59 409.623 2498.97 872.225 1626.74 1477.82 1391.77 4707.09 1883.7 5747.41 955.607 631.946 4791.8 2385.49 564.483 2823.39 1624.75 973.815 385.766 650.937 395.964 418.706 1761.89 4201.88 1294.4 4085.56 1912.39 294.707 13997.5 214.732 13219.3 185.376 948.242 1618.38 833.207 2406.31 2239.79 2173.17 139.572 194.891 12871.1 896.713 568.36 12666.8 4712.25 3144.28 2493.82 7954.54 3411.18 1919.59 4543.35 2891.47 1385.17 1651.89 873.044 1052.24 723.93 778.842 1281.35 2026.02 292.93 328.312 679.065 164.09 1610.12 675.855 934.26 218.961 574.233 310.37 1212.45 795.048 710.608 1190.35 252.239 887.18 379.883 650.463 1752.49 1041.42 586.616 526.561 1567.96 10.4434 420.529 681.635 329.372 449.469 336.929 102.841 588.05 546.35 785.168 276.532 1357.14 496.278 1198.64 355.901 842.735 436.002 97.3696 480.718 139.432 1626.66 519.849 668.436 617.417 13.1987 503.936 205.545 508.636 1549.65 232.231 189.801
internal_count=485278 166971 77562 60655 318307 89409 7577 33050 251566 92400 81832 14799 27605 5502 22103 10423 11680 8293 6815 66741 28247 61867 9949 3913 51918 22534 2944 38494 22767 12956 2867 9811 6751 5229 30533 76108 6122 74472 33319 1501 159166 1573 147886 2653 18251 28396 15213 29384 25509 41153 1530 3929 142923 16907 11654 140145 53023 27226 17232 87122 46927 10423 40195 20343 12995 19852 8416 7912 3588 11436 6808 33932 3494 4324 9144 1406 13535 7005 6530 2048 6809 3159 5726 4987 5313 5417 4069 16628 6597 9994 31856 19905 11584 9669 25797 262 3786 12220 3257 8179 5669 2433 10089 11195 13183 5583 18578 9544 15727 4456 11271 3607 693 8856 1188 6929 8618 11958 11130 262 8292 4408 7600 28420 4582 4052
is_linear=0
shrinkage=0.05


Tree=50
num_leaves=127
num_cat=0
split_feature=5 8 5 8 7 7 7 8 6 6 6 7 6 6 6 8 7 8 8 7 4 6 6 8 8 6 7 7 7 8 4 4 4 8 4 6 0 8 6 7 6 7 4 8 6 0 7 4 7 6 7 4 7 6 6 7 7 4 2 1 8 6 6 7 8 6 5 0 7 6 7 0 4 4 3 4 2 4 7 4 4 1 4 3 0 3 2 4 6 4 6 2 1 3 0 1 1 2 1 0 6 1 3 3 2 0 0 4 3 1 2 0 0 1 0 3 6 1 8 6 0 1 3 6 3 7
split_gain=257.623 173.909 113.363 233.879 293.751 213.972 211.085 114.442 312.281 194.545 84.7005 82.0304 75.2949 87.0422 71.9729 69.2502 61.4114 99.922 86.706 139.53 55.5613 51.1774 70.9907 51.0055 38.5016 37.7956 88.6922 34.6965 30.6578 62.8103 30.5688 25.8566 24.5134 24.0573 22.788 25.9311 16.238 15.7622 36.2356 26.368 15.659 24.9203 32.7821 15.4859 63.4925 14.4735 13.5568 13.0736 12.5678 12.4871 14.2713 12.3274 12.0002 11.5416 11.4967 40.6282 39.426 31.9828 10.5021 10.4841 10.335 77.2399 33.4373 10.1631 16.9614 9.85412 9.23426 9.13243 8.85087 8.61429 8.19543 12.0703 8.11622 7.90156 7.84479 7.5919 6.81792 6.50266 6.26061 6.21745 6.13437 5.38878 5.15587 4.89726 4.87316 4.79542 4.77362 4.70763 4.55832 4.38829 4.30379 4.27966 4.2653 4.09796 4.08571 4.03091 4.00094 3.55859 3.5879 3.41361 3.40888 3.1844 3.58776 3.1394 3.07859 3.05989 2.94532 2.91389 2.87762 2.75318 2.74382 2.65797 2.6391 2.63564 2.62683 2.60777 6.84743 2.58696 2.54946 2.54449 5.59463 2.3966 2.25466 2.19216 6.36308 4.87767
threshold=1.0000000180025095e-35 1.0000000180025095e-35 1.5000000000000002 1.0000000180025095e-35 1.5000000000000002 1.5000000000000002 1.0000000180025095e-35 1.5000000000000002 1.0000000180025095e-35 1.0000000180025095e-35 1.5000000000000002 1.0000000180025095e-35 1.0000000180025095e-35 1.5000000000000002 1.0000000180025095e-35 1.5000000000000002 1.5000000000000002 1.5000000000000002 1.5000000000000002 1.0000000180025095e-35 3.5000000000000004 1.0000000180025095e-35 1.5000000000000002 1.5000000000000002 1.0000000180025095e-35 1.5000000000000002 1.0000000180025095e-35 1.0000000180025095e-35 1.5000000000000002 1.5000000000000002 3.5000000000000004 3.5000000000000004 3.5000000000000004 1.5000000000000002 3.5000000000000004 1.5000000000000002 2.5000000000000004 1.0000000180025095e-35 1.0000000180025095e-35 1.5000000000000002 1.5000000000000002 1.5000000000000002 3.5000000000000004 1.0000000180025095e-35 1.0000000180025095e-35 2.5000000000000004 1.5000000000000002 3.5000000000000004 1.0000000180025095e-35 1.0000000180025095e-35 1.5000000000000002 3.5000000000000004 1.5000000000000002 1.5000000000000002 1.5000000000000002 1.0000000180025095e-35 1.0000000180025095e-35 3.5000000000000004 2.5000000000000004 2.5000000000000004 1.5000000000000002 1.0000000180025095e-35 1.0000000180025095e-35 1.0000000180025095e-35 1.5000000000000002 1.0000000180025095e-35 2.5000000000000004 2.5000000000000004 1.5000000000000002 1.0000000180025095e-35 1.0000000180025095e-35 2.5000000000000004 3.5000000000000004 3.5000000000000004 2.5000000000000004 3.5000000000000004 2.5000000000000004 3.5000000000000004 1.5000000000000002 3.5000000000000004 3.5000000000000004 2.5000000000000004 3.5000000000000004 2.5000000000000004 2.5000000000000004 2.5000000000000004 3.5000000000000004 3.5000000000000004 1.0000000180025095e-35 3.5000000000000004 1.5000000000000002 2.5000000000000004 2.5000000000000004 2.5000000000000004 2.5000000000000004 3.5000000000000004 3.5000000000000004 3.5000000000000004 2.5000000000000004 2.5000000000000004 1.0000000180025095e-35 3.5000000000000004 3.5000000000000004 2.5000000000000004 3.5000000000000004 2.5000000000000004 2.5000000000000004 3.5000000000000004 2.5000000000000004 2.5000000000000004 2.5000000000000004 2.5000000000000004 2.5000000000000004 3.5000000000000004 2.5000000000000004 2.5000000000000004 1.5000000000000002 2.5000000000000004 1.0000000180025095e-35 1.0000000180025095e-35 2.5000000000000004 3.5000000000000004 2.5000000000000004 1.5000000000000002 3.5000000000000004 1.5000000000000002
decision_type=2 2 2 2 2 2 2 2 2 2 2 2 2 2 2 2 2 2 2 2 2 2 2 2 2 2 2 2 2 2 2 2 2 2 2 2 2 2 2 2 2 2 2 2 2 2 2 2 2 2 2 2 2 2 2 2 2 2 2 2 2 2 2 2 2 2 2 2 2 2 2 2 2 2 2 2 2 2 2 2 2 2 2 2 2 2 2 2 2 2 2 2 2 2 2 2 2 2 2 2 2 2 2 2 2 2 2 2 2 2 2 2 2 2 2 2 2 2 2 2 2 2 2 2 2 2
left_child=1 59 3 4 6 15 108 8 -7 -9 11 43 112 20 28 25 18 24 30 77 -14 89 27 40 -18 32 80 -23 63 -30 70 33 45 37 35 -11 -37 38 78 93 68 42 106 44 -4 100 54 66 -24 52 -51 67 -35 -48 56 -56 57 -25 -28 -1 62 -62 -45 64 -3 -47 85 90 121 -34 -12 -72 81 -55 -67 95 -40 -20 -13 96 -27 -29 115 -15 -70 -26 -58 -43 -41 92 -6 -73 -17 -39 -50 104 -21 98 -95 -33 -5 102 109 -86 110 -83 -42 -31 -2 -76 -61 -112 -8 117 -64 116 -10 -78 -32 120 -110 -16 -94 124 125 -113
right_child=2 14 10 5 51 7 12 9 82 34 16 31 13 83 23 21 17 -19 19 79 -22 22 48 46 47 26 58 72 29 107 118 99 69 49 -36 36 -38 39 76 88 41 87 -44 60 -46 65 53 -49 94 50 -52 -53 -54 73 55 -57 86 -59 -60 75 61 -63 114 -65 -66 74 -68 -69 84 -71 71 91 -74 -75 101 -77 113 -79 -80 -81 -82 105 -84 -85 103 -87 -88 -89 -90 -91 -92 -93 122 97 -96 -97 -98 -99 -100 -101 -102 -103 -104 -105 -106 -107 -108 -109 119 -111 111 123 -114 -115 -116 -117 -118 -119 -120 -121 -122 -123 -124 -125 -126 -127
leaf_value=-0.0046767667276075208 -0.025053267349834853 0.00054239874015076038 -0.034304833242696189 -0.025494053387526833 0.013022837659058191 -0.03140884832078536 -0.0021967640131272514 0.019398012187268422 0.015934932296677574 -0.027806256363863014 0.027869945050006346 -0.0073457932907619499 -0.03583222857530672 0.016126036942816294 0.01480467027137318 -0.018361948941026229 -0.0020153751458125333 0.0062920591521104232 -0.030156084688868448 0.011424681247996931 0.010828071512211563 0.0015591851561438871 0.0020381074442262321 0.018858563181466066 0.0029023841105549212 -0.016245395089397124 -0.037842061661659987 0.0084043073575940982 -0.026827018173300132 0.022577436482711134 0.007519583063919988 0.025901057612600031 -0.011527841120222431 0.00069474419283542153 0.0062992572601106777 0.011376631351783163 -0.018387744745972618 0.004180876311417228 -0.016679237490919669 0.019274667628397298 0.0015013106050648707 -0.0019503791163637243 -0.016233704728141212 -0.011273408271664297 0.017018119294264066 0.01126082505558763 0.016938461636583926 0.0024377879547477794 -0.0056975344208038022 0.0071113783553691315 -0.0047054503001242561 0.00062012055273515955 0.019432824036380233 0.0047052204807470797 -0.020322056006089266 0.0086409688640392123 -0.0050862787907781769 -0.030317505792179955 0.016139499531293556 0.0039357996113315126 0.0071055556961755377 -0.035623124712843714 -0.012130859105969104 0.0017248834845914928 -0.015459178146893713 -0.0083036232201218179 0.017921624492996537 0.024841271872817348 -0.017347412176946554 0.0076089989281446129 -0.044091500267363186 -0.0018053400371433746 0.0037279161490108279 -0.019908855738770711 -0.010153320198379175 0.007182133533326248 0.0039400114389808406 0.0031507294822956176 0.0039153869177398406 -0.0040120504943925639 0.0089005612501407393 0.005657825822545353 0.001373873473982855 -0.012859502387829611 0.0065102115484465123 -0.013159344879851828 0.02008356713734985 0.023375927048193336 0.0076972023617197169 -0.0019947550077740097 -0.018067887791808172 0.018378656915745428 -0.012876722203945682 0.0068502146837157111 0.016322485180480864 0.0010175023291114605 -0.021498285069197074 -0.0067770266438884636 0.024832861462888534 -0.0046733373821112147 0.0013913378487613352 -0.0043322052114584493 -0.0020895296989666776 0.031724655639664527 -0.0058523756037162731 -0.014184261129886654 0.021417598272892552 0.0007078421677327786 -0.0012873495876421681 0.020465310962015978 -0.001243941502071858 0.015987475113552425 0.019590293905044465 -0.0096659359364379329 0.016104459182287662 0.016755960418977534 -0.046846307814498972 0.019579107296377712 -0.01423185153790487 0.0032624132616378594 0.016478364410402315 -0.01102956959198665 0.011161503195098323 0.010359631585431512 -0.029970758483081623 0.026492278960201766
leaf_weight=69.23160457238555 6.8079158542677751 337.0842870073393 171.29880466952454 22.885995905846357 27.769821111112833 522.81576201901771 16.60561625752598 332.52494085975923 14.660637445747854 1097.6397433455568 227.31728667346761 227.31201688107103 1912.9871660133358 14.146099348552523 507.70040972885909 11.777486656326799 1501.914218562888 1523.7894600208383 359.29241798643488 589.98932538565714 65.577022057725117 596.29637673392426 329.43094011116773 349.98122861655429 46.940475402399898 427.99127559375484 8.2496710070408863 26.958488820120692 388.16111371002626 76.513646436971612 15.641124716028569 8.3944890126585943 116.49199449294247 131.12002574448707 72.047735480940901 46.966773449443281 1224.0083340313286 28.357567959465086 13.5583104128018 99.570285377092659 19.608861712738872 433.16693540813867 69.935414860839956 228.98962375265546 91.914405756862834 693.2311651808559 200.32862792420201 151.63429780630395 21.794750358909369 627.69919286144432 429.54465266712941 76.536994571099058 244.68754998163786 191.37915739812888 287.13894072640687 208.07714607380331 963.12578132539056 35.604197629261762 523.94004582369234 49.521272834856063 298.44516414462123 162.60542870021891 7.8369879703968754 584.85932612686884 324.41743551124819 25.347759207710624 23.706768289208412 389.69907863659319 5.1415728796273461 116.77257384103723 7.1563480654731384 27.377337727230042 71.452719635213725 38.259508794173598 6.8379672374576321 300.62216959823854 28.531802248209715 15.088142599212004 267.70451997150667 78.339064909610897 25.097372309071943 19.209030701313168 60.606940229423344 558.3892859906191 14.168344197794793 2733.6412169209216 18.24771823361516 18.1593613026198 577.73894006188493 76.543837210978381 17.157653871690854 558.36722233751789 9.07863038824871 29.838278906419873 389.44505862187361 47.891961352899671 8.4877126608043891 9.0548892598599178 696.27571988035925 343.78833736560773 23.088471197057515 13.437881572172044 18.100222846493125 140.82735600043088 16.132805810775608 1397.3523024835158 408.53307327767834 19.038068330846727 68.049377575516701 1032.6117068320746 22.407098930794746 3546.7786800925969 78.716651393682696 7.7245417898520818 240.24987841537222 1008.235108672874 5.0110245593823484 496.01692450349219 76.580779120326042 399.26775890425779 125.32418899296317 8.4583204868249577 843.66607338748872 173.00702299957629 6.5601726798340669 115.63043753290549
leaf_count=942 140 4990 686 274 222 2865 198 4932 151 6762 4363 1994 9164 84 9514 269 15778 21543 2656 8689 744 7421 3878 5853 768 4399 304 207 2774 1691 333 79 849 1978 1208 556 9335 322 275 2088 173 4328 729 2731 1796 10703 3503 1879 293 8798 5454 642 4237 2740 1279 3388 10433 452 9781 766 3844 1456 82 7238 2535 555 171 7442 96 1631 192 723 1058 192 195 4613 380 235 3020 573 270 295 1229 5879 119 22746 79 343 8333 1232 488 8058 135 338 5312 669 75 163 12161 4638 470 327 234 3636 411 13013 7868 159 974 18615 324 56144 1560 106 3701 15740 289 8990 631 5954 3079 243 14045 2943 93 1918
internal_value=0.000146833 0.00705006 -0.00228281 -0.00527093 -0.0160681 -0.0016581 -0.0216161 -0.0102811 0.00031684 -0.0164368 0.00105634 0.00584507 -0.0276827 -0.0293134 0.00126297 0.00386429 -0.00223978 -0.00475827 0.00543054 -0.0043573 -0.034281 -0.000648026 -0.00398441 0.00501346 -0.00853608 0.00946672 0.00140467 -0.00865604 -0.00722821 -0.0178988 0.0166993 0.00909409 0.0133038 0.0102614 -0.021325 -0.0221675 -0.0172798 0.0132396 0.008538 0.0166276 0.0117847 0.00763011 0.0153295 -0.00569276 -0.0163862 0.0152431 0.000207937 -0.0118475 0.00932572 0.00509829 0.00231044 0.0191348 0.0129143 0.00819963 -0.00164072 -0.00815964 0.000725171 0.0142511 0.0152333 0.0145657 -0.00267821 -0.00800867 0.00247917 -0.00307591 -0.00731667 0.0159558 -0.0126205 0.0223863 0.0175971 -0.00195633 0.0197667 0.0166182 -0.0126752 0.000535792 0.0189116 0.0148781 0.01741 -0.0288089 -0.00126014 0.00919067 -0.014836 -0.0134891 0.0155696 -0.0121165 0.0278746 -0.0128873 -0.0045983 -0.000881935 0.0094251 0.00945652 0.00101452 0.0174338 0.0104715 0.0229962 0.0151445 0.0154577 0.0109227 0.0237153 0.0241043 -0.00387331 -0.01225 0.0195629 0.0198703 0.0294763 0.0156334 -0.0139114 0.0205111 0.0182725 0.00516771 0.0202543 0.0157234 0.0158734 0.0158115 0.018308 0.0151674 0.0164045 -0.0015501 0.0187376 -0.0105017 0.00555649 0.010252 0.0143608 0.0108908 0.0159735 0.0162354 0.0163263
internal_weight=38397.9 9995.7 28402.2 14988.6 3757.03 11231.6 3245.87 4384.52 1611.33 2773.19 13413.5 5468.26 2646.42 2551.1 5647.92 6847.09 7945.26 5981.63 1963.64 1051.2 1978.56 3793.01 2851.94 3917.84 4457.84 3054.08 985.278 2111.27 1730.07 483.713 912.44 4266.92 2068.81 3914.74 2440.66 2368.61 1270.98 2481.68 1040.85 1440.84 1625.7 949.404 498.077 1201.34 263.213 1835.54 2292.14 2955.92 740.671 1433.05 1057.24 511.164 375.808 429.967 1862.18 495.216 1366.96 385.585 532.19 4347.78 938.127 461.051 477.076 1246.36 661.502 1789.57 2804.29 434.627 676.296 233.265 820.218 592.901 1514.97 229.639 1096.34 4278.55 545.832 374.381 495.017 676.816 453.089 1443.52 1088.51 572.535 160.137 2780.58 981.373 451.326 677.309 941.066 44.9275 585.745 864.522 763.526 411.24 3977.93 598.477 735.169 726.114 352.183 45.9745 1070.99 1057.55 154.996 3930.04 1416.56 428.142 95.5517 599.449 1039.45 3913.9 3864.38 95.3223 532.273 248.087 1027.91 19.6717 524.549 92.2219 592.641 193.374 516.159 852.745 3841.98 3668.97 3662.41
internal_count=485643 143178 342465 175402 36570 138832 27776 43067 20274 22793 167063 77650 17629 15871 74355 95765 89413 62885 26528 12228 9908 47158 31477 54968 41342 48607 14754 21994 19387 4624 14300 63354 33853 58637 17861 16653 9891 38170 14765 23405 27049 13441 8770 14296 2482 31373 27919 25564 9483 20467 14252 8794 6215 6435 21484 4667 16817 6305 10085 68823 11814 5300 6514 14763 7525 30629 23685 8152 13608 2480 13336 8973 14573 2932 19926 67881 9751 2891 5014 9337 4669 13515 17409 5963 3851 23514 10512 4671 10421 15681 710 8781 14449 12984 5605 63268 8764 12662 12499 4717 744 19371 19044 3755 62599 13308 8041 1850 10147 18810 62188 61422 1758 9476 3783 16180 440 9370 964 10007 4053 9757 14180 61098 58155 58062
is_linear=0
shrinkage=0.05


Tree=51
num_leaves=127
num_cat=0
split_feature=8 7 5 9 5 9 6 9 9 6 7 5 9 8 6 8 5 5 8 8 6 8 9 7 7 4 6 5 7 4 6 7 4 6 9 7 7 5 8 7 5 5 6 6 9 5 8 6 9 6 7 6 6 5 8 6 7 3 6 4 7 4 9 0 8 4 6 5 9 4 6 4 0 3 7 1 4 7 6 6 0 1 4 5 8 9 6 8 9 4 7 6 7 9 9 9 0 7 9 0 9 1 4 1 1 3 1 6 8 5 6 6 3 0 6 3 3 9 5 6 9 7 6 4 0 8
split_gain=494.937 167.506 583.446 420.778 339.174 335.42 289.727 169.909 157.801 142.829 247.912 130.171 164.963 155.825 108.753 197.268 144.46 144.114 108.467 105.923 82.4373 98.3241 75.7866 185.203 152.859 64.4762 65.8204 60.4503 103.694 59.9117 50.9332 60.4092 50.4186 49.9588 135.886 99.0565 91.3063 62.2976 48.1498 47.8062 45.4257 48.5779 38.802 55.8058 38.2334 34.4706 34.1055 33.3147 31.7926 62.6189 67.3973 87.3405 45.9244 29.009 27.5582 27.5018 27.2039 29.6267 27.4816 25.2777 21.6858 21.0675 20.9211 18.5878 18.2758 33.5646 17.4447 16.7907 16.7811 16.7484 16.2663 16.2622 16.2231 15.5526 14.5733 14.0769 13.8838 12.9371 12.3628 15.0953 13.3731 12.3563 12.3538 12.335 12.2517 11.9703 16.8294 52.175 13.0251 11.5282 11.3379 10.9662 11.9275 10.9439 14.7509 10.5448 10.381 10.6343 10.3752 10.3472 10.249 9.40733 9.17539 8.67279 8.11636 8.31554 8.0343 7.99994 7.90721 7.90177 7.84482 7.73681 7.65845 7.60339 7.49856 7.41185 6.92296 6.89979 6.84088 6.83295 6.75932 8.19964 6.55785 6.4651 5.97669 5.82959
threshold=1.5000000000000002 1.5000000000000002 1.5000000000000002 1.5000000000000002 1.5000000000000002 1.5000000000000002 1.0000000180025095e-35 1.0000000180025095e-35 1.5000000000000002 1.0000000180025095e-35 1.5000000000000002 1.0000000180025095e-35 1.0000000180025095e-35 1.0000000180025095e-35 1.5000000000000002 1.0000000180025095e-35 1.0000000180025095e-35 1.0000000180025095e-35 1.0000000180025095e-35 1.0000000180025095e-35 1.5000000000000002 1.0000000180025095e-35 1.0000000180025095e-35 1.0000000180025095e-35 1.0000000180025095e-35 3.5000000000000004 1.5000000000000002 1.0000000180025095e-35 1.0000000180025095e-35 3.5000000000000004 1.5000000000000002 1.0000000180025095e-35 3.5000000000000004 1.5000000000000002 1.5000000000000002 1.5000000000000002 1.0000000180025095e-35 1.0000000180025095e-35 1.0000000180025095e-35 1.0000000180025095e-35 1.5000000000000002 1.0000000180025095e-35 1.0000000180025095e-35 1.5000000000000002 1.0000000180025095e-35 1.5000000000000002 1.0000000180025095e-35 1.5000000000000002 1.0000000180025095e-35 1.5000000000000002 1.0000000180025095e-35 1.0000000180025095e-35 1.5000000000000002 1.0000000180025095e-35 1.0000000180025095e-35 1.0000000180025095e-35 1.0000000180025095e-35 2.5000000000000004 1.5000000000000002 3.5000000000000004 1.0000000180025095e-35 3.5000000000000004 1.0000000180025095e-35 2.5000000000000004 1.0000000180025095e-35 3.5000000000000004 1.0000000180025095e-35 1.5000000000000002 1.0000000180025095e-35 3.5000000000000004 1.0000000180025095e-35 3.5000000000000004 2.5000000000000004 2.5000000000000004 1.0000000180025095e-35 2.5000000000000004 3.5000000000000004 1.0000000180025095e-35 1.5000000000000002 1.0000000180025095e-35 2.5000000000000004 2.5000000000000004 3.5000000000000004 1.5000000000000002 1.0000000180025095e-35 1.5000000000000002 1.0000000180025095e-35 1.0000000180025095e-35 1.0000000180025095e-35 3.5000000000000004 2.5000000000000004 1.5000000000000002 1.0000000180025095e-35 1.5000000000000002 1.0000000180025095e-35 1.0000000180025095e-35 2.5000000000000004 1.0000000180025095e-35 1.0000000180025095e-35 2.5000000000000004 1.5000000000000002 2.5000000000000004 3.5000000000000004 3.5000000000000004 2.5000000000000004 2.5000000000000004 3.5000000000000004 1.5000000000000002 1.0000000180025095e-35 1.0000000180025095e-35 1.0000000180025095e-35 1.0000000180025095e-35 2.5000000000000004 2.5000000000000004 1.5000000000000002 2.5000000000000004 2.5000000000000004 1.5000000000000002 1.0000000180025095e-35 1.5000000000000002 1.5000000000000002 1.5000000000000002 1.0000000180025095e-35 3.5000000000000004 2.5000000000000004 1.0000000180025095e-35
decision_type=2 2 2 2 2 2 2 2 2 2 2 2 2 2 2 2 2 2 2 2 2 2 2 2 2 2 2 2 2 2 2 2 2 2 2 2 2 2 2 2 2 2 2 2 2 2 2 2 2 2 2 2 2 2 2 2 2 2 2 2 2 2 2 2 2 2 2 2 2 2 2 2 2 2 2 2 2 2 2 2 2 2 2 2 2 2 2 2 2 2 2 2 2 2 2 2 2 2 2 2 2 2 2 2 2 2 2 2 2 2 2 2 2 2 2 2 2 2 2 2 2 2 2 2 2 2
left_child=1 4 3 7 5 11 102 19 20 10 75 12 47 32 15 16 110 -16 91 69 21 -8 24 -24 -23 26 63 59 42 33 38 -32 77 37 81 36 -36 39 -14 62 41 -38 -29 108 -12 96 68 54 52 50 51 123 -15 -46 122 76 58 -58 -20 73 -54 -55 -11 -4 65 99 -40 124 -22 -3 -27 78 -19 -7 -70 -2 -52 -13 79 -5 -80 -35 114 113 -74 88 87 -87 -65 -21 100 92 -10 94 -77 -47 -39 98 -98 -30 -28 -79 112 -103 -99 -106 -75 -72 -44 -31 -9 -101 -6 -83 -59 -115 -85 -97 -95 -66 121 -41 -1 -50 -37 -102
right_child=9 2 25 71 6 27 8 14 18 29 44 13 30 48 17 -17 -18 72 56 89 46 22 23 -25 -26 70 90 28 64 109 31 -33 -34 34 35 67 40 45 66 120 -42 -43 43 -45 53 95 -48 -49 49 -51 55 -53 60 61 -56 -57 57 82 -60 -61 -62 -63 -64 85 119 -67 -68 -69 74 -71 107 -73 84 106 -76 93 -78 101 80 -81 -82 83 -84 116 -86 86 -88 -89 -90 -91 -92 -93 -94 118 -96 117 97 104 -100 111 125 103 -104 -105 105 -107 -108 -109 -110 -111 -112 -113 -114 115 -116 -117 -118 -119 -120 -121 -122 -123 -124 -125 -126 -127
leaf_value=-0.022095255438760716 -0.019998812839049692 -0.025716020686832021 -0.064189104151891677 0.026448728490853526 -0.024276825373716383 -0.015573385002250943 0.013434016098466473 -0.052402696313050515 0.0030001357748873263 -0.012004104818879757 0.0040261931963739075 0.015290841741210665 -0.0056775275945784827 0.011297512493881346 0.0075127733019291487 0.01900619313903824 0.014418240583132803 0.0010637901516958787 0.015187383953664913 0.025559430189232749 0.011097162238609497 0.024961218458715313 -0.037824483464621382 0.021715040019624075 -0.045746830257977385 -0.031121239521051836 0.027641907555763557 0.0099551430552561517 -0.0068782813561534669 0.0087611242617463957 -0.040856494832390955 0.013951828423133833 -0.011926099982922905 -0.023443228875011751 0.026656283958665251 -0.00059084604308136618 0.0014929013851531679 0.0017905926230417377 0.021763726917906973 0.017992344200530589 0.0051719056095581341 -0.029646421798866004 -0.0062335865885372209 0.012171198596782078 0.0021662925765829361 0.025709432634233639 0.0070242017458927875 -0.036901906863521156 0.017491364293949398 0.011355777855974396 -0.017152097657196868 -0.035614087521029868 0.020408707380221849 -0.024782440699152544 -0.0031381325431100952 0.0018132858641395713 0.011046171694132034 -0.044942940853967106 -0.030254968665549054 -0.0033859370094425096 -0.01709549195525089 0.0052809590614212119 0.007917662721034285 0.0056831177594561348 0.006448522625216101 -0.026641761213256222 0.0025873254060921444 0.0091354657830045125 -0.0003323186220210671 0.0182062110041613 0.016214171894546759 -0.010043267412448181 -0.045761395574147753 0.018312516208347767 -0.021238503055874856 0.007650772293471316 0.023694823059906521 -0.026600925713335628 0.0017992067151394544 0.0067772875981196891 0.027485643638097426 0.0040646575967347286 -0.010579754433832252 -0.022993040691747471 -0.035152209826174029 0.026887369852822553 0.011038050054664149 -0.025080516669402825 0.020571468584235988 -0.00072672690577624743 -0.027326247502722157 0.0050604053842849385 -0.01867651816389922 0.022730375629125013 0.021882262516919142 0.0076792052375894791 0.01231087164811985 0.0025763724250006228 0.028771278871361029 0.013165702924390239 0.016901766724005979 0.030616760986908454 -0.0038453226591857598 -0.028778020938693572 0.0023503059309972377 0.033025167512603905 -0.0075279736722600622 -0.0029335600787696635 -0.027249163757845682 -0.0049966788714989026 -0.037779825782568222 0.037703471658880952 0.019375984068581251 -0.013811285725293955 -0.036207061758577949 0.024841608774993734 0.015711552359839794 0.0174668743547674 0.0074141342824792901 0.01773019536908664 0.021460411397077668 0.0037733259065124872 -0.002393761034838464 -0.0096690819471840911 0.031316838552528106 0.024783409337995867
leaf_weight=1817.1313527537277 32.700661272974685 208.97655421774834 7.4644289063289753 143.45441722474061 9.4404587252065522 34.579410898732021 183.12415416934527 166.42299824859947 75.366935136495158 278.33244228456169 191.18966316618025 294.16788682999322 2588.768003314035 538.70442132744938 204.22731192968786 347.26119807420764 142.9195217427332 27.228937868960202 41.444960983237252 310.2998315487057 69.738134074257687 86.94891793304123 294.62822333164513 233.10824967548251 598.97273420589045 43.964374793693423 1136.8460565189598 177.34648325177841 16.63235074840486 128.96603874652646 186.73853166727349 68.087629267130978 115.43731998070143 16.460278223734349 141.50963965686969 16.518468651454896 163.37408936652355 37.453592846170068 223.26498106808867 251.71150270081125 190.23434020066634 534.33948566950858 51.085510282078758 129.73038996697869 129.45232873945497 189.25200724412571 519.33179339324124 323.59912487096153 95.593710681423545 308.91902758961078 392.48715478042141 491.77360647777095 43.489784348290414 952.90573390212376 226.17952771834098 585.44419953413308 26.735962046310306 942.57726632151753 157.47196275368333 158.81384770851582 293.4218153944239 61.726759548299015 248.55672051734291 233.78206438943744 460.63343066046946 27.469121810281649 252.3545112053398 766.57774584926665 116.37597486563027 23.495650623459369 67.07566637150012 49.258500991389155 379.14959365362301 1925.8210571113741 293.09651859174483 281.34740936948219 21.114738618955016 6.7877214690670362 57.245373230893165 303.43473696964793 450.24209041125141 49.450585630023852 31.854072571499273 10.84275249391794 1135.0765578169376 74.696405299706385 425.02651922754012 132.55305528407916 398.87022519216407 48.101178492885083 9.8685253900475782 77.528853257186711 392.32599553279579 79.624049479723908 523.06339343683794 374.74653203005437 174.03943108650856 23.834437449462712 218.78221052268054 40.182416690513492 521.24403222417459 433.66791240707971 50.04670174443163 5.4930353863164774 22.827207187190652 877.01992221991532 30.053359262179583 273.59833008795977 404.84940109215677 529.60384051001165 251.27256080182269 193.50873237085762 499.46257642866112 11.987622820306568 375.80367148900405 871.68812216620427 1037.5573031690437 350.72788829077035 798.10739447572269 189.72164887934923 391.34505033644382 170.40842466428876 43.506815345492214 27.629280958324671 128.01630025880877 447.93295208830386
leaf_count=13902 628 999 204 2899 239 728 3069 576 1382 2248 2205 5134 26875 8705 3756 6748 1936 347 761 5645 1328 1489 1483 4041 2381 411 20088 3631 221 1914 836 1496 1582 351 2771 368 2725 630 3558 4637 2362 2306 1016 2130 1745 3114 6136 1749 2263 6417 2580 2906 1173 6845 3011 7239 160 3655 1197 1819 2874 604 3624 2810 5881 337 3515 10803 821 248 1037 950 1437 32648 1891 4450 177 209 660 4539 7136 600 286 175 5668 1625 5775 868 7054 542 197 1087 2487 2201 9875 5799 2299 256 4437 696 8106 9888 755 118 230 19344 379 2969 2360 7219 883 5108 8345 149 1713 14751 16486 6755 10729 3222 6621 1841 719 224 3061 10068
internal_value=-4.11457e-05 -0.00379376 0.00223086 -0.0104767 -0.00643442 -0.00221687 -0.0174209 -0.0192279 -0.0216234 0.00873315 -0.000505148 -0.00731099 -0.0120132 6.33441e-05 -0.0246255 -0.0105735 -0.0288973 -0.0319233 -0.0315538 0.00501319 -0.0128203 -0.0206587 -0.0258096 -0.0115338 -0.0367604 0.0165377 0.0187394 0.0102288 0.00315417 0.0121665 -0.00478089 -0.0262148 0.0187248 0.0134284 0.00953024 0.000105342 -0.0105173 0.0176786 -0.00299053 0.00912235 -0.0164649 -0.0223632 -0.0104935 -0.016692 -0.0166526 0.0227275 -0.00184611 -0.0219663 -0.00564631 -0.00924099 -0.0131877 -0.0261965 0.00224957 -0.0201088 -0.0196337 -0.0051615 -0.0382026 -0.0407057 -0.0207583 0.0157915 -0.0122082 -0.0229501 -0.00260894 0.00974176 0.0143728 0.0250943 0.0116159 0.0121062 -0.0114537 -0.0212179 -0.00285528 0.0178041 -0.0371497 0.0173226 -0.0153121 0.0120706 -0.0150147 0.0235152 0.0192504 0.0131369 0.0245974 0.0186797 -0.0417379 0.0190412 -0.0378371 0.0102284 0.00535027 -0.00631119 0.0150875 0.0220393 0.024143 -0.0123017 -0.0151845 0.0127055 0.0169204 0.0152014 0.0277971 0.0285351 0.0215283 0.0308549 0.0243971 0.0288939 0.0165143 0.0298102 0.0314884 0.0322505 0.0179118 0.000872878 -0.0249133 -0.00229333 -0.0437173 0.0335584 0.0185202 0.0232353 -0.0424821 0.0243022 0.0152897 0.0124285 0.00882784 0.00976178 0.0167147 0.0122747 -0.0216361 0.0113726 0.0276912 0.0205663
internal_weight=37576.8 26320.6 8020.99 4248.07 18299.6 13224.2 5075.38 3244.43 4516.43 11256.3 3050.12 9383.76 5729.63 3654.13 2653.56 907.876 560.615 1745.68 2121.11 590.873 2395.32 1396.78 1213.66 527.736 685.922 3772.92 3388.28 3840.43 1691.16 8206.16 3319.21 254.826 855.554 7547.59 3938.56 1940.57 1029.46 3609.04 3064.39 1340.35 887.948 697.714 763.012 585.665 1335.27 2268.68 998.542 2410.42 2798.58 1922.96 1614.04 614.997 875.616 1144.08 2086.82 999.046 1575.89 1376.97 198.917 2149.27 336.912 1014.63 526.889 1272.39 928.148 277.793 475.619 911.113 479.211 232.472 384.638 1003.64 1541.46 1990.45 409.472 1714.84 413.602 740.117 954.377 446.889 507.487 1997.99 1350.24 1981.53 1514.23 1264.93 632.276 207.249 632.652 358.401 2115.89 545.222 467.693 1682.14 804.411 914.726 1353.96 1316.5 392.822 250.323 2106.02 445.949 558.95 439.161 923.682 899.847 1955.87 340.674 455.935 658.57 417.696 233.691 508.903 933.126 1318.38 883.676 1048.4 725.474 877.731 650.355 813.465 422.12 1860.64 123.223 144.535 969.177
internal_count=485371 318213 106181 44969 212032 167326 44706 28785 35367 167158 39282 107150 55661 51489 21351 10143 3395 11208 12728 7434 22639 12463 9394 5524 3870 61212 56795 60176 24602 127876 36280 2332 16931 118743 56908 24396 10164 61835 33948 18971 7393 5031 9137 5506 11399 42864 10176 19381 34558 21806 15389 5393 12752 9194 17632 9996 7772 5814 1958 35574 4047 7449 5872 18336 15465 6362 7073 14232 4040 1247 4417 16184 7452 33755 2712 27883 2757 15349 15234 7438 7796 32512 5654 32161 7105 18132 8268 2493 9864 6187 38459 4956 3869 27255 14325 15668 27196 26566 6736 6025 38262 10215 9339 10006 19830 19574 33027 4006 3376 9133 1459 5804 8584 15500 5368 14900 16661 12554 12930 9103 13099 6478 14621 2487 3429 18174
is_linear=0
shrinkage=0.05


Tree=52
num_leaves=127
num_cat=0
split_feature=8 7 9 5 7 6 6 7 8 8 9 6 7 5 6 6 9 6 9 9 5 9 9 6 5 9 6 7 6 5 5 5 9 7 9 7 7 6 9 5 7 9 5 7 6 6 5 8 7 8 9 6 5 9 6 6 9 9 3 7 0 9 9 6 6 6 0 2 9 0 9 5 5 9 8 9 3 7 8 0 9 6 7 5 6 9 5 9 7 5 7 1 3 0 7 0 3 6 0 9 0 9 0 3 1 2 6 1 9 5 5 1 1 9 5 1 0 9 9 5 7 9 0 8 6 5
split_gain=164.493 187.746 139.08 97.9816 269.28 506.879 211.283 81.7022 356.354 156.523 144.085 120.64 102.178 185.791 98.27 84.5817 136.254 64.9624 109.95 75.4585 50.5268 99.7083 83.9934 50.5104 60.6311 88.5219 53.8395 49.1927 135.914 114.288 64.3783 49.1084 47.5262 44.0664 54.3687 42.9926 41.3692 39.8107 35.03 100.585 34.7277 27.6818 59.974 89.3985 25.1683 24.9848 23.325 22.7133 22.7037 22.1596 21.8666 53.5083 23.9187 21.6636 23.9022 19.662 176.243 142.289 19.5016 18.2512 16.0806 15.2347 14.9467 24.6639 14.874 14.3212 13.2355 12.7822 12.5382 11.7448 11.1615 10.7099 9.7513 9.19886 29.791 8.88432 8.57818 8.51923 8.50602 8.50183 8.35282 7.9825 7.72951 7.6755 7.62211 7.22875 7.19785 13.1001 6.98604 6.90171 6.90011 6.63578 6.23196 5.85772 5.80353 5.63191 6.67719 5.62759 5.38511 5.32985 5.18364 5.14011 5.10265 5.07143 4.93471 4.73016 4.57577 4.43082 4.41124 4.30671 3.99744 3.94365 3.90302 3.87993 3.86444 3.85567 4.5833 4.82334 3.73126 3.67195 3.56332 10.58 3.554 3.42092 3.33773 8.98162
threshold=1.0000000180025095e-35 1.0000000180025095e-35 1.5000000000000002 1.0000000180025095e-35 1.5000000000000002 1.5000000000000002 1.0000000180025095e-35 1.5000000000000002 1.5000000000000002 1.5000000000000002 1.0000000180025095e-35 1.0000000180025095e-35 1.0000000180025095e-35 1.5000000000000002 1.0000000180025095e-35 1.5000000000000002 1.5000000000000002 1.0000000180025095e-35 1.5000000000000002 1.0000000180025095e-35 1.0000000180025095e-35 1.5000000000000002 1.5000000000000002 1.0000000180025095e-35 1.5000000000000002 1.5000000000000002 1.5000000000000002 1.5000000000000002 1.5000000000000002 1.5000000000000002 1.5000000000000002 1.5000000000000002 1.0000000180025095e-35 1.0000000180025095e-35 1.5000000000000002 1.0000000180025095e-35 1.5000000000000002 1.5000000000000002 1.0000000180025095e-35 1.5000000000000002 1.5000000000000002 1.5000000000000002 1.5000000000000002 1.0000000180025095e-35 1.5000000000000002 1.0000000180025095e-35 1.0000000180025095e-35 1.5000000000000002 1.0000000180025095e-35 1.5000000000000002 1.0000000180025095e-35 1.5000000000000002 1.5000000000000002 1.0000000180025095e-35 1.5000000000000002 1.5000000000000002 1.5000000000000002 1.5000000000000002 2.5000000000000004 1.0000000180025095e-35 2.5000000000000004 1.0000000180025095e-35 1.5000000000000002 1.5000000000000002 1.5000000000000002 1.0000000180025095e-35 2.5000000000000004 2.5000000000000004 1.0000000180025095e-35 2.5000000000000004 1.5000000000000002 1.5000000000000002 1.5000000000000002 1.5000000000000002 1.5000000000000002 1.0000000180025095e-35 3.5000000000000004 1.0000000180025095e-35 1.5000000000000002 2.5000000000000004 1.5000000000000002 1.0000000180025095e-35 1.0000000180025095e-35 1.0000000180025095e-35 1.0000000180025095e-35 1.0000000180025095e-35 1.5000000000000002 1.0000000180025095e-35 1.5000000000000002 1.5000000000000002 1.0000000180025095e-35 3.5000000000000004 2.5000000000000004 2.5000000000000004 1.0000000180025095e-35 2.5000000000000004 2.5000000000000004 1.5000000000000002 3.5000000000000004 1.5000000000000002 2.5000000000000004 2.5000000000000004 2.5000000000000004 2.5000000000000004 3.5000000000000004 2.5000000000000004 1.5000000000000002 2.5000000000000004 2.5000000000000004 1.5000000000000002 1.5000000000000002 2.5000000000000004 3.5000000000000004 2.5000000000000004 1.5000000000000002 2.5000000000000004 2.5000000000000004 1.0000000180025095e-35 1.0000000180025095e-35 1.5000000000000002 1.0000000180025095e-35 1.0000000180025095e-35 2.5000000000000004 2.5000000000000004 1.5000000000000002 1.5000000000000002
decision_type=2 2 2 2 2 2 2 2 2 2 2 2 2 2 2 2 2 2 2 2 2 2 2 2 2 2 2 2 2 2 2 2 2 2 2 2 2 2 2 2 2 2 2 2 2 2 2 2 2 2 2 2 2 2 2 2 2 2 2 2 2 2 2 2 2 2 2 2 2 2 2 2 2 2 2 2 2 2 2 2 2 2 2 2 2 2 2 2 2 2 2 2 2 2 2 2 2 2 2 2 2 2 2 2 2 2 2 2 2 2 2 2 2 2 2 2 2 2 2 2 2 2 2 2 2 2
left_child=1 2 45 4 6 91 32 8 10 23 14 41 13 15 31 16 61 18 40 72 21 -21 27 92 53 26 85 28 -22 -30 -29 48 -2 73 47 37 67 -16 39 106 86 42 94 -44 -32 69 -42 -35 -5 79 51 52 -14 54 -25 57 102 -55 -12 76 -7 -13 64 -64 120 -40 -20 119 -28 -1 98 -38 -19 78 -75 -17 84 -33 -34 -8 -62 -41 -66 -4 -60 -26 87 -3 -68 -48 -65 95 -9 -86 -10 -6 -97 -27 -67 -77 -52 -23 -57 -37 -73 -95 -11 -94 123 -43 -39 -105 115 -61 -113 -47 -117 -118 -96 -24 -51 -122 -58 -102 -72 -126
right_child=3 17 83 7 5 60 49 9 11 38 58 12 50 -15 35 75 -18 19 66 20 22 101 36 24 25 97 68 30 29 -31 44 77 33 34 -36 103 71 110 65 81 46 109 43 -45 -46 112 89 -49 -50 62 100 -53 -54 55 -56 56 122 -59 59 113 80 -63 63 90 82 70 88 -69 -70 -71 124 104 -74 74 -76 99 -78 -79 -80 -81 -82 -83 -84 -85 93 -87 -88 -89 -90 -91 -92 -93 107 105 118 96 -98 -99 -100 -101 108 -103 -104 111 -106 -107 -108 -109 -110 -111 -112 114 -114 -115 -116 116 117 -119 -120 -121 121 -123 -124 -125 125 -127
leaf_value=-0.00098778962244555775 0.0089680947074995045 -0.0214234099509799 0.0014124739366754922 -0.014760421958989354 -0.010462326819606647 0.0035094280416077791 -0.0067651910752446094 -0.017843936369889089 0.0015388468056943866 0.015319023822787388 -0.0056821375997685858 0.001294042026921353 9.745365589933409e-05 0.023950179584732379 -0.0114928435019297 -0.028251602277313295 -0.032431799314642892 0.025340552494007886 -0.052855632049975378 0.012446361866321011 0.023919631693404067 -0.027474607324379757 -0.0016720302344210127 0.027273891934119856 0.0058290651724812997 0.0083191991921353885 -0.012145801411950451 0.015746923950761993 -0.031689918447329206 0.030966070969185661 -0.03068368022984207 -0.013220943385352062 0.013934429736253681 -0.036870123014330451 0.0087949090579742921 -0.022051187171515125 0.013793385581530416 0.015624584159678767 0.022973059021825178 0.0049361010134365887 0.021754956151496554 0.0066951773738500074 0.028303182106685549 -0.03755326735858161 -0.012070627552011909 -0.0023083631009473645 -0.019865048841161356 -0.017450716761882392 0.012600654397946815 0.016643169728270787 0.0048784453465237458 0.018288657019248245 -0.017778700359614562 -0.038817158170910693 -0.0061797396991751484 0.0020748366699964659 -0.0042234349742522196 0.017284426808847116 0.012991646370472508 0.011583724412672552 -0.035176123709254291 0.023956558613293079 -0.0048721590154159715 0.02771783073351345 -0.014493140780263794 0.016449095825422762 0.0065259565516653344 0.024305996089213983 -0.0037814321430077371 0.023588749901035471 0.0065052148250880071 0.00209645508977811 0.012913795860613801 -0.021758512071960258 0.014567459166471029 -0.042362101127282663 -0.023335120519523717 -0.032164678674406505 -0.0066100386984962248 0.014715440808982608 -0.043273264144322678 -0.018588799490960609 0.0099736713831143388 0.0099414553827793743 -0.0042996952750848794 0.020423476351154171 0.006933833287189101 0.010307431201571349 0.020566095542227013 -0.034144387615219485 0.008449640985678214 -0.034101697341902389 -0.020074511843286083 -0.0014059910224652581 0.0035622367043933907 -0.014638842564114156 0.015701507497238015 0.017007666055806846 -0.026067149107879817 -0.031332516080095317 -0.011249022791837699 -0.0021367602819722669 0.028826997399663441 -0.0096565070869053249 0.035954880585000792 0.024644824416370278 0.026825499836733213 0.022375817796186533 0.020649366889087674 0.014952895737161954 0.037494227347868843 0.016399646374118053 -0.011740051339698987 -0.01105293732663557 0.027481973906236037 -0.017251721452705902 0.030385303353462841 0.011918353978222709 0.017218734178299992 -0.047680469080475546 -0.011080183185096142 0.013232537051180333 -0.023979766179970264 0.013895661661359377 0.020891646643960711 0.0088817051497173064
leaf_weight=49.707225916907191 180.67453826707788 106.33816194499377 1582.4396037796978 175.58423080574721 21.957637344952673 23.630007728934288 47.581594447605312 9.9018029873259348 303.82982911437284 202.51464235363528 134.51559813204221 236.50353009393439 381.21027756668627 194.34290465386584 364.73711530514993 213.791575538693 501.26514948764816 236.8183625737438 6.9382086088880888 256.9858382162638 401.09815830888692 442.74688418791629 12.778958309441807 65.527269622078165 163.43049140740186 277.29479453421663 939.95346925035119 154.10144138697069 310.85869000526145 94.063412323826924 306.01011893642135 73.107620525173843 79.474101114086807 471.43438570620492 99.57376876915805 6.9055507623124859 272.37360791768879 48.173892706399783 357.50490538252052 39.798050850396976 21.132451640442014 543.95780696696602 66.206071750610135 222.07961963681737 450.3909939317964 46.315191159024835 113.80550555512309 225.40626338729635 131.90111485077068 318.80408204114065 51.84764442499727 242.90346687030979 366.51375473779626 361.93473736336455 269.47105632862076 19.519261686131358 24.155138872563839 163.44080618559383 267.78199608647265 2413.2728161084233 1015.1994784853887 107.11573826475069 635.47725633555092 68.527562596602365 84.691045768558979 1083.724413984688 209.31428054324351 451.9823111545993 857.7311130259186 2057.6593723881524 575.28335980162956 900.13239519717172 485.53333086846396 220.71758072357625 74.927882236661389 595.33556234533899 10.676983868237583 367.37408342119306 133.75528001994826 1071.2142305765301 510.88178304745816 348.2827772826422 50.909874768694863 315.67383324238472 18.659944918937981 177.96739523042925 75.705861795868259 45.956188358366489 154.47790063079447 401.70059296861291 144.50523694930598 6.2974294591695061 5.5792202509474 17.823157383129001 79.449390644906089 17.893524738028646 667.80653336085379 588.54230153514072 6.6457123551517716 153.58348447363824 2711.6555357174948 21.145743918837979 225.94820672157221 11.179984757676719 9.8970439154654724 616.31649754487444 158.90775393904187 230.65735906455666 10.08723636344075 223.72439474798739 39.714112661662512 273.56803059164668 18.252163167111576 18.337030456401408 115.57377212087158 11.495650631375609 38.660807143489365 378.45362115977332 136.96467400435358 5.6246970030479124 53.22410542331636 259.61607784149237 599.16749064787291 12.792141309357246 195.64793182932772 767.07990328036249
leaf_count=640 3106 975 17519 1313 324 362 526 240 4462 2871 1741 2522 3794 4324 3091 865 2421 4332 117 4985 6948 3421 187 1059 2225 4009 7841 2690 1545 1865 2424 335 1542 1998 2153 242 4094 1202 7461 609 638 7800 1538 1351 3680 542 930 1632 1903 5515 756 3223 2543 2069 2288 217 290 2204 5895 36292 5507 2450 6332 863 402 17277 3021 8700 7304 39300 6472 10504 7350 1899 1503 2394 254 1753 963 17998 1737 2922 588 5867 251 2744 1046 933 2367 1578 2768 177 155 290 1303 238 11207 10433 130 649 28318 132 5676 189 75 12952 2361 4716 163 3087 675 6531 411 294 3040 129 594 4805 2173 275 1286 3692 3599 218 3552 11246
internal_value=7.69145e-05 0.00542206 0.0131283 -0.00194194 -0.00731928 -0.0212281 0.000143976 -0.000295103 -0.00289247 0.00341816 0.00725597 -0.00993652 -0.0132803 -0.0224107 -0.00513057 -0.0274056 -0.0158319 -0.000407694 -0.0111604 0.00213085 -0.000501686 -0.0125064 0.00206972 -0.00238486 -0.00353456 0.000758395 -0.00470181 -0.00567527 0.00331962 -0.0170945 -0.0136329 -0.0183723 -0.0150262 -0.0183517 -0.0256894 0.00639605 0.0101119 -0.0042072 0.0111536 0.00148685 -0.0219853 0.00232365 -0.00413077 -0.0223835 -0.0196313 0.0206369 -0.0289211 -0.0306226 -0.00302062 0.00838997 -0.00843627 -0.00205319 -0.00867699 -0.0109909 0.000425647 -0.0137325 -0.00909795 -0.0213647 0.0129502 0.0136969 -0.0372799 0.0084076 0.00464001 6.54516e-05 0.00969242 0.0135788 0.0111653 0.0226381 -0.00815922 0.0230089 0.0122928 0.00511384 0.0170172 -0.00684 -0.012534 -0.0375359 0.0196534 -0.0290576 0.00107652 0.0137967 -0.0379133 -0.0161698 -0.00530158 0.00283541 0.0201768 0.0134744 -0.00560561 -0.0118436 0.0125279 -0.0310366 0.0147483 0.0136171 0.0196526 0.0230998 0.00600725 0.0140893 0.0148896 0.0142379 0.0161663 -0.040145 -0.0107041 -0.0263267 0.0267167 0.0181628 0.00250375 0.0239116 0.0204382 0.0212929 -0.0110012 0.00911803 0.0258175 0.0189097 0.0104755 0.0114085 0.0197531 0.0113522 0.0128302 0.0136986 0.0122446 -0.0174662 0.0129146 0.00907404 -0.0232222 -0.0111259 0.00953795 0.0113415
internal_weight=38106.7 10446.6 4498.66 27660.2 6484.18 2263.67 4220.51 21176 12460.4 8715.61 5105.2 7355.16 5778.95 2001.94 1607.82 1807.6 844.884 5947.91 1135.37 4812.54 4090.19 720.878 3369.31 4980.22 4734.08 3004.92 2139.08 1716.52 806.02 404.922 910.503 747.967 1485.96 1305.29 796.414 859.852 1652.79 452.625 3735.39 749.503 764.639 1576.21 808.53 288.286 756.401 2600.54 536.639 696.841 307.485 2734.55 3777.01 990.627 747.724 1729.16 334.998 1394.17 868.79 525.376 3497.38 3362.87 1549.71 343.619 1615.76 848.51 767.245 2985.89 370.73 470.386 1797.68 2107.37 2628.38 1182.4 722.352 508.875 295.645 962.711 931.259 440.482 213.229 1118.8 1526.08 388.081 135.601 1898.11 920.582 341.398 228 152.294 363.792 515.506 213.033 713.955 246.138 652.8 520.244 707.658 685.7 865.837 1090.37 748.919 2786.38 463.893 245.467 407.227 910.029 634.14 361.422 236.237 2734.53 767.682 87.888 400.322 493.177 2431.61 389.142 474.925 428.61 417.114 216.414 18.4037 631.644 312.84 623.323 2724.45 1538.01 962.728
internal_count=485504 144619 69807 340885 74318 19552 54766 266567 154597 111970 78243 76354 54640 15625 20274 11301 7393 74812 11605 63207 51525 8538 42987 57069 51958 34556 20114 19152 10358 3410 8794 5304 14796 11690 5783 14970 23835 4968 54901 8763 6100 21714 10827 2889 6104 46421 3146 3630 3216 39970 39015 9560 6337 17402 3347 14055 9782 4273 57969 56228 7606 4972 21446 9963 11483 46138 5505 9162 15145 39940 38677 14673 11682 5907 3402 3908 19642 2088 2505 18524 7244 3531 990 23386 19388 4969 2954 1908 5388 2508 3631 11946 5111 13493 7938 11769 11445 14442 17407 3043 29455 3553 5893 10002 10579 13242 5232 4871 28699 10887 1877 9760 6481 36586 9571 6070 5528 5399 3476 462 10493 4978 3889 28536 21270 14798
is_linear=0
shrinkage=0.05


Tree=53
num_leaves=127
num_cat=0
split_feature=6 8 7 9 7 8 9 9 7 7 9 5 5 5 9 5 5 7 6 5 9 5 5 7 5 7 5 6 8 5 7 9 8 7 8 5 6 4 9 5 7 6 7 9 6 5 5 5 9 7 7 4 5 7 8 9 4 8 8 9 5 9 5 5 8 4 3 9 9 9 4 4 6 3 5 5 9 3 1 7 9 9 4 5 1 4 4 6 4 4 0 3 3 1 1 4 7 0 5 7 4 9 8 4 0 9 8 0 4 0 4 9 9 5 9 5 4 9 0 7 3 9 8 7 7 7
split_gain=79.7734 249.657 644.846 248.11 231.824 215.456 162.656 152.584 227.099 179.61 151 150.179 146.699 133.491 144.253 124.394 110.764 100.804 148.245 230.717 258.562 129.945 79.2115 78.9115 72.6025 83.4039 67.0703 64.2559 102.283 73.0161 56.6033 56.3991 53.5674 50.0847 46.979 45.4372 43.9923 43.0283 41.1128 38.4778 127.476 38.0723 37.5205 36.8866 36.8534 43.5061 35.1378 34.785 34.0418 33.9717 33.2727 29.5271 31.6425 41.9921 53.0816 34.8644 29.4777 29.2796 27.1983 26.8518 47.359 26.6599 22.6177 22.4454 21.3391 21.1887 20.9146 19.5798 68.2998 17.3111 17.1953 16.6484 15.8495 15.7893 15.4473 14.677 14.6358 14.6221 12.3951 12.2175 11.8867 20.7532 17.5306 15.5635 11.8355 11.6453 11.4843 11.4643 11.387 10.8186 10.7794 10.6788 10.4877 10.4409 10.1489 9.28297 10.3555 9.21885 9.01285 8.50947 8.3811 8.28518 8.10985 7.98194 7.72774 7.6748 7.60163 7.58671 7.38331 7.27462 7.05027 7.03229 6.98779 12.3205 6.70534 19.7792 6.52998 7.53741 6.22942 6.06559 6.02947 5.9806 5.83971 45.1095 44.1689 5.79287
threshold=1.5000000000000002 1.5000000000000002 1.5000000000000002 1.0000000180025095e-35 1.5000000000000002 1.0000000180025095e-35 1.0000000180025095e-35 1.5000000000000002 1.5000000000000002 1.0000000180025095e-35 1.5000000000000002 1.5000000000000002 1.5000000000000002 1.0000000180025095e-35 1.5000000000000002 1.0000000180025095e-35 1.5000000000000002 1.5000000000000002 1.0000000180025095e-35 1.5000000000000002 1.5000000000000002 1.5000000000000002 1.5000000000000002 1.0000000180025095e-35 1.0000000180025095e-35 1.0000000180025095e-35 1.0000000180025095e-35 1.0000000180025095e-35 1.5000000000000002 1.0000000180025095e-35 1.0000000180025095e-35 1.5000000000000002 1.5000000000000002 1.0000000180025095e-35 1.0000000180025095e-35 1.0000000180025095e-35 1.0000000180025095e-35 3.5000000000000004 1.5000000000000002 1.0000000180025095e-35 1.5000000000000002 1.0000000180025095e-35 1.0000000180025095e-35 1.5000000000000002 1.0000000180025095e-35 1.0000000180025095e-35 1.5000000000000002 1.0000000180025095e-35 1.0000000180025095e-35 1.5000000000000002 1.5000000000000002 3.5000000000000004 1.0000000180025095e-35 1.0000000180025095e-35 1.5000000000000002 1.5000000000000002 3.5000000000000004 1.5000000000000002 1.0000000180025095e-35 1.5000000000000002 1.5000000000000002 1.0000000180025095e-35 1.5000000000000002 1.0000000180025095e-35 1.0000000180025095e-35 3.5000000000000004 2.5000000000000004 1.5000000000000002 1.0000000180025095e-35 1.0000000180025095e-35 3.5000000000000004 3.5000000000000004 1.0000000180025095e-35 2.5000000000000004 1.0000000180025095e-35 1.5000000000000002 1.0000000180025095e-35 2.5000000000000004 2.5000000000000004 1.0000000180025095e-35 1.5000000000000002 1.0000000180025095e-35 3.5000000000000004 1.0000000180025095e-35 2.5000000000000004 3.5000000000000004 3.5000000000000004 1.0000000180025095e-35 3.5000000000000004 3.5000000000000004 2.5000000000000004 3.5000000000000004 2.5000000000000004 2.5000000000000004 3.5000000000000004 3.5000000000000004 1.5000000000000002 2.5000000000000004 1.5000000000000002 1.5000000000000002 3.5000000000000004 1.0000000180025095e-35 1.5000000000000002 3.5000000000000004 2.5000000000000004 1.5000000000000002 1.5000000000000002 2.5000000000000004 3.5000000000000004 2.5000000000000004 3.5000000000000004 1.0000000180025095e-35 1.0000000180025095e-35 1.5000000000000002 1.5000000000000002 1.0000000180025095e-35 3.5000000000000004 1.0000000180025095e-35 2.5000000000000004 1.5000000000000002 2.5000000000000004 1.5000000000000002 1.5000000000000002 1.0000000180025095e-35 1.0000000180025095e-35 1.0000000180025095e-35
decision_type=2 2 2 2 2 2 2 2 2 2 2 2 2 2 2 2 2 2 2 2 2 2 2 2 2 2 2 2 2 2 2 2 2 2 2 2 2 2 2 2 2 2 2 2 2 2 2 2 2 2 2 2 2 2 2 2 2 2 2 2 2 2 2 2 2 2 2 2 2 2 2 2 2 2 2 2 2 2 2 2 2 2 2 2 2 2 2 2 2 2 2 2 2 2 2 2 2 2 2 2 2 2 2 2 2 2 2 2 2 2 2 2 2 2 2 2 2 2 2 2 2 2 2 2 2 2
left_child=5 2 13 22 15 6 44 8 36 -9 11 35 39 14 71 33 30 18 19 51 69 27 24 -16 -3 -26 43 57 29 -29 31 64 42 38 62 -6 63 91 -5 40 87 -41 103 48 88 -46 125 110 106 -43 -24 52 73 77 101 61 92 121 -33 66 90 -56 114 70 -15 -13 -36 68 -31 -21 79 -2 -10 -7 -74 89 -64 -54 -68 -8 81 -59 -83 -82 -79 122 109 -11 104 -17 -61 -23 -34 -94 107 96 98 -80 -47 -14 -99 -55 -45 120 -1 -86 -20 -95 -48 -32 -30 -75 113 -44 115 -4 -49 -118 -50 -27 -28 -19 124 -124 -22 -38
right_child=1 3 34 4 10 17 7 9 72 12 -12 65 99 16 23 75 -18 21 26 20 85 37 50 -25 25 119 32 28 47 67 86 58 56 -35 59 -37 46 -39 -40 41 -42 49 112 102 45 95 108 116 118 -51 -52 -53 53 54 55 -57 -58 80 -60 60 -62 -63 76 -65 -66 -67 78 -69 -70 -71 -72 -73 74 111 -76 -77 -78 84 97 -81 83 82 -84 -85 105 -87 -88 -89 -90 -91 -92 -93 93 94 -96 -97 -98 100 -100 -101 -102 -103 -104 -105 -106 -107 -108 -109 -110 -111 -112 -113 -114 -115 -116 -117 117 -119 -120 -121 -122 -123 123 -125 -126 -127
leaf_value=-0.012006253033659466 0.020675458768580641 0.034633519921274301 -0.003590010117094756 0.037650826975477662 0.033262393413392786 -0.010106719990211101 -0.019588770078382823 0.015277488102718177 0.037607860576945769 0.0039244910525895729 0.0024615153182952886 -0.030656152840050695 0.019151468388771117 -0.0096582061797171985 0.0098479695347087129 0.035264610710100473 -0.014330716705164559 0.021743676164860188 0.0036583617436987703 0.034312961326388051 0.0089627291060582082 0.015856314027545011 -0.017571568122925027 -0.037956398839369965 0.031486473981170292 -0.046380990761415795 -0.012979687355321096 -0.00092902435540562298 -0.012565145128739311 -0.03451368495717038 -0.0093334170270571708 0.0038898280565077704 -0.0075627072926446222 0.010950654087015834 -0.0071708526421767615 -0.0050795326046853091 -0.0080354495727103219 -0.011735442299629728 -0.029045929015506997 0.010688966163421465 -0.039964479480311559 -0.035560348457795231 0.0071846477577676027 0.009218328959847007 -0.032251298156196727 0.022445242106228218 -0.02796482275608855 0.0099373617370580036 0.018687409933134475 -0.0033508409931611708 0.015012423756511479 -0.0054387899707496155 -0.016927068193752778 0.0045137886843107352 0.010516136387025813 0.0072278094216002122 -0.00029421102685155506 -0.0099347223902221237 -0.032641471171917791 0.0061960418114362153 0.0082126152134048905 -0.025020395534840541 0.005636410973685526 0.005768569270116544 0.01676573136379168 -0.0044983963222506506 -0.038325505064693351 -0.036254401503814475 0.020594818267068316 0.011130095250064559 0.0015090195794968139 -0.0090596321493414296 0.042874475273408957 0.01177643190169342 0.010766025704614636 0.018909371952558852 0.018162974358721631 -0.044981641589320609 0.0014492300024719594 0.015885748609386692 -0.022813456342996672 0.019668710592273795 -0.018411775516771641 0.0076528889166144658 0.023965831466673131 0.0089082424560737294 -0.011199826569752096 0.026768474010867089 -0.00062924808524405899 0.0023969096083402597 0.035913038888485647 -0.034915503310718791 0.0039950029672230483 0.0024727061866270843 -0.0040798267314822679 -0.0073517810190618805 0.028553571554735393 0.028685928517227139 -0.0012710117876535301 0.0065232499282172098 0.015548598012513088 0.019989907174023696 0.020270057224285765 0.0065270476393621329 0.019599670017869174 0.013274195743987345 0.020783610395692181 0.028247641087940235 0.0029930998749750875 0.013605667783342355 0.01270043992459767 0.025070893535667119 0.0074892666397868707 0.028100113001323895 -0.003533017805981357 0.022683569963650729 -0.025652416652465416 0.010098596667838937 -0.0047007537482851554 -0.037672256697948957 0.026230810989208014 0.0086232389496239056 -0.037451830022794369 0.021955532767676679 -0.038985596169172035 0.00022294320732125922
leaf_weight=19.14982471242547 153.08400593232363 35.097266581840813 170.95606406172737 24.732507409993559 89.889257338829339 38.972728876164183 3165.0785054648295 1419.1088304519653 143.9848709483631 94.458967447979376 1161.227478103363 1324.8263818225823 239.73451354308054 124.40163419465534 95.468874422949739 288.49887851637322 1643.4090262838872 197.47803334379569 95.166139682056382 117.91488178716099 67.920194175792858 1227.4374148651259 343.11149461055174 865.89059412595816 41.04618551931344 334.10971451038495 9.4336805366910976 297.93379112356342 382.11263478547335 205.34289418603294 35.261810726486146 66.210987382335588 22.595135932788253 191.84498900314793 47.309553375001997 514.62587792123668 319.23741314699873 164.38707503001206 236.77867216151208 60.952847807435319 169.20322220656089 526.88035365846008 168.80106893589254 302.65949603635818 84.594020192278549 56.934207757003605 193.64655111916363 527.99855591682717 28.437944646924734 97.149991885293275 100.60568794852588 289.50077366887126 29.927072765305638 129.34675595117733 63.95428796322085 207.64813244459219 114.64681286283303 176.49311765376478 217.23188018752262 35.312262595631182 740.06958798947744 288.44691687799059 332.05112175876275 96.263524392037652 194.94122214405797 82.618031232617795 6.5123032918199888 481.40833108429797 76.518340956652537 254.65235437534284 102.12294692895375 67.095734517090023 45.16218497545924 126.78153243963607 205.49862315144856 573.25674397288822 791.64557884773239 6.3879120033234349 35.142578056780621 23.759785813745111 124.03270178055391 176.38339894742239 35.603738274425268 62.447738379822113 365.41674399306066 17.476416354766116 52.165962013532408 131.53673852921929 81.244921054923907 27.57269297237508 247.89207525539678 9.5385869517922384 50.463204508647323 29.327718284912407 25.248649661429226 77.953797217924148 69.866814543027431 1280.1127551578684 129.52528826287016 302.87063550530002 138.44177634268999 264.34623513708357 374.65419937600382 62.905082843964919 876.65374103898648 319.64732975215884 205.43653142079711 1450.2326394382399 21.171506050508469 907.50801714777481 28.966024614870548 512.49535720434505 1484.3616390400566 120.99791331752203 268.08526345726568 122.01084294100292 28.3185332454741 28.842811391223222 892.64800728764385 654.24849789240398 513.74745350435842 158.15472558606416 608.16949402634054 33.09529164142441 160.37909229006618 630.11466436181217
leaf_count=288 3391 773 2274 382 2040 1149 22270 22103 2939 1197 15053 7032 3625 1307 1640 6584 14310 3333 1254 2527 1315 19929 1953 4090 873 1339 269 3818 3242 1061 365 1098 369 3329 723 4743 3092 1601 863 880 718 2124 3914 4979 722 1616 1031 6832 289 1514 2308 3143 288 1739 1184 3143 2366 1602 1038 361 10490 1837 3682 1981 3647 869 157 2204 2092 4731 1854 665 882 2660 3590 10241 12139 124 633 536 621 3367 240 965 7024 197 1167 2934 1220 639 5180 168 626 571 462 549 963 22594 1659 3800 2226 4409 6300 750 15142 5550 3635 28576 260 14526 253 9749 19201 2376 2713 2270 169 308 10123 2339 9540 2338 2211 727 661 7596
internal_value=0.000315742 -0.00258127 0.00286718 -0.0103932 -0.00452647 0.00211354 -0.00376869 -0.00652073 -0.0119393 0.00229072 -0.0118947 -0.0201777 -0.00906848 -0.0104691 -0.0248492 0.0128829 -0.00522083 0.00598882 0.00879588 0.00122172 -0.0163805 -0.000313643 -0.0279446 -0.0332038 -0.0353386 -0.0377556 0.0137611 -0.0062049 -0.0111344 -0.0219283 0.00415265 -0.00793001 0.017394 -0.00842043 0.0168579 0.000667293 -0.0150951 0.0122434 -0.0226187 -0.0197172 -0.00726819 -0.0268786 0.0125172 0.00600282 0.0119728 -0.000435894 -0.00670241 0.000373878 0.000811005 -0.0305593 -0.0101665 0.00961404 0.0114673 0.00777012 0.000881563 -0.00900267 0.0241834 0.00469391 -0.0241242 0.0211651 0.0148882 -0.0185597 0.010379 -0.0179768 0.00647414 -0.029125 0.0254131 -0.0301132 -0.0195332 0.0185395 -0.018673 0.0116142 0.0244029 0.0205736 0.0166985 0.02374 0.0144697 0.0168637 0.0264729 -0.0193196 -0.00228358 0.00270005 0.0132166 -0.0126246 0.0183486 -0.0310516 0.0114736 0.0172798 0.0172875 0.032414 0.0322425 0.0154369 0.025961 0.0264526 0.0272025 0.0076876 0.0122722 0.0267894 0.0060517 0.0121276 0.0274157 0.0149296 0.0153524 0.0234785 0.0189114 0.0190038 0.0153921 0.0277387 -0.024914 0.0127387 -0.0107583 0.0224568 0.00888505 0.0159839 0.00217474 0.00739199 0.00819935 -0.00774949 -0.00395918 -0.0406601 0.0255004 0.0159494 -0.031864 -0.0343564 -0.0247438 -0.00255963
internal_weight=38289.8 14662.3 8638.21 6024.09 4515.87 23627.5 9383.86 7987.94 4946.04 3041.9 3173.19 2011.96 1622.79 4422.67 1181.54 1342.68 3241.13 14243.6 9854.24 3902.48 1259.61 4389.4 1508.22 961.359 1064.5 1029.4 5951.76 2988.04 2057.44 1061.2 1597.72 602.786 4052.76 453.356 4215.54 604.515 4551.39 1401.36 261.511 1080.18 395.199 684.983 2360.25 1899 1395.92 418.874 1164.17 996.239 1221.69 624.03 443.717 2642.87 2353.37 1675.12 953.742 560.049 1692.51 930.593 283.443 2530.79 1023.27 352.401 1684.75 3387.22 319.343 1407.44 1507.52 763.27 281.861 372.567 3290.96 220.18 394.646 678.25 250.661 889.328 1123.7 721.379 1460.21 3188.84 574.961 388.48 211.987 186.48 691.452 887.04 994.936 225.996 977.048 316.072 283.204 1236.98 1577.87 1555.27 1504.81 334.28 256.326 1453.7 186.459 542.605 1418.55 393.693 677.314 586.086 895.804 685.064 300.603 1479.56 214.818 942.77 411.079 639.277 1774.16 289.799 561.052 292.967 585.16 57.1613 921.086 988.358 523.181 355.633 869.564 641.265 228.299 949.352
internal_count=485242 174046 112686 61360 51775 311196 107085 84926 46031 38895 29737 14684 16792 47244 9786 22038 37458 204111 149968 54368 12369 54143 9585 5730 5324 4551 95600 32445 19979 9175 23148 7090 69020 4574 65442 6783 38620 21698 1245 9367 4849 4518 36050 26580 22159 5509 11979 10804 15301 3638 4261 41999 38856 25298 12312 6164 32970 12466 2136 42364 16031 3021 23078 26641 4954 7901 26333 5357 3153 7258 24660 4056 7411 13558 4472 17464 15821 12986 25610 22806 6795 5209 3607 1586 12698 5111 16058 4131 16650 7223 5541 20097 30604 30235 29609 4787 4238 25453 3275 7425 24820 6148 11279 10559 15430 12574 4889 29147 1291 14891 3495 12409 25491 6290 7257 4544 7309 477 10412 3678 9809 5671 4914 2938 1976 10688
is_linear=0
shrinkage=0.05


end of trees

feature_importances:
d_scent=957
d_absorbency=903
d_sensitivity=866
d_safety=850
d_adhesion=842
p_safety_level=759
p_sensitivity_level=449
p_adhesion_level=430
p_scent_level=387
p_absorbency_level=361

parameters:
[boosting: gbdt]
[objective: lambdarank]
[metric: ndcg]
[tree_learner: serial]
[device_type: cpu]
[data_sample_strategy: bagging]
[data: ]
[valid: ]
[num_iterations: 3000]
[learning_rate: 0.05]
[num_leaves: 127]
[num_threads: 0]
[seed: 0]
[deterministic: 0]
[force_col_wise: 0]
[force_row_wise: 0]
[histogram_pool_size: -1]
[max_depth: -1]
[min_data_in_leaf: 100]
[min_sum_hessian_in_leaf: 0.001]
[bagging_fraction: 0.9]
[pos_bagging_fraction: 1]
[neg_bagging_fraction: 1]
[bagging_freq: 1]
[bagging_seed: 3]
[bagging_by_query: 0]
[feature_fraction: 0.9]
[feature_fraction_bynode: 1]
[feature_fraction_seed: 2]
[extra_trees: 0]
[extra_seed: 6]
[early_stopping_round: 0]
[early_stopping_min_delta: 0]
[first_metric_only: 0]
[max_delta_step: 0]
[lambda_l1: 0]
[lambda_l2: 1]
[linear_lambda: 0]
[min_gain_to_split: 0]
[drop_rate: 0.1]
[max_drop: 50]
[skip_drop: 0.5]
[xgboost_dart_mode: 0]
[uniform_drop: 0]
[drop_seed: 4]
[top_rate: 0.2]
[other_rate: 0.1]
[min_data_per_group: 100]
[max_cat_threshold: 32]
[cat_l2: 10]
[cat_smooth: 10]
[max_cat_to_onehot: 4]
[top_k: 20]
[monotone_constraints: ]
[monotone_constraints_method: basic]
[monotone_penalty: 0]
[feature_contri: ]
[forcedsplits_filename: ]
[refit_decay_rate: 0.9]
[cegb_tradeoff: 1]
[cegb_penalty_split: 0]
[cegb_penalty_feature_lazy: ]
[cegb_penalty_feature_coupled: ]
[path_smooth: 0]
[interaction_constraints: ]
[verbosity: -1]
[saved_feature_importance_type: 0]
[use_quantized_grad: 0]
[num_grad_quant_bins: 4]
[quant_train_renew_leaf: 0]
[stochastic_rounding: 1]
[linear_tree: 0]
[max_bin: 255]
[max_bin_by_feature: ]
[min_data_in_bin: 3]
[bin_construct_sample_cnt: 200000]
[data_random_seed: 1]
[is_enable_sparse: 1]
[enable_bundle: 1]
[use_missing: 1]
[zero_as_missing: 0]
[feature_pre_filter: 1]
[pre_partition: 0]
[two_round: 0]
[header: 0]
[label_column: ]
[weight_column: ]
[group_column: ]
[ignore_column: ]
[categorical_feature: ]
[forcedbins_filename: ]
[precise_float_parser: 0]
[parser_config_file: ]
[objective_seed: 5]
[num_class: 1]
[is_unbalance: 0]
[scale_pos_weight: 1]
[sigmoid: 1]
[boost_from_average: 1]
[reg_sqrt: 0]
[alpha: 0.9]
[fair_c: 1]
[poisson_max_delta_step: 0.7]
[tweedie_variance_power: 1.5]
[lambdarank_truncation_level: 30]
[lambdarank_norm: 1]
[label_gain: ]
[lambdarank_position_bias_regularization: 0]
[eval_at: 5,10,20]
[multi_error_top_k: 1]
[auc_mu_weights: ]
[num_machines: 1]
[local_listen_port: 12400]
[time_out: 120]
[machine_list_filename: ]
[machines: ]
[gpu_platform_id: -1]
[gpu_device_id: -1]
[gpu_use_dp: 0]
[num_gpu: 1]

end of parameters

pandas_categorical:[]
